Project ID,Project Name,Project URL,Summary,Project Start,Start Year,Last Updated,Last Updated Year,Update Recency,Start Decade,Modality,Project Home Country/Territory,Location,City,State/Region,Country,Latitude,Longitude,Coordinate Stack Size,Shared Coordinate,Named Contributor Band,Project Type Count,Topic Count,Era Count,Organization Type Count,Contributor Type Count,Leadership Tag Count,Funding Type Count,BIPOC Run,Women Run,Leadership Data Available,Temporal Data Status,Location Detail Status,Project Types,Topics,Eras Studied,Organization Types,Contributor Roles,Leadership Classifications,Funding Resources
bdph_0001,African American Digital & Experimental Humanities (AADHum),https://aadhum.umd.edu/,"AADHum is a digital and experimental humanities initiative that supports research at the intersection of technology, design, and Black studies.",2016,2016,2026,2026,Updated 2025-2026,2010s,Mixed,United States,"College Park, MD 20742, USA",N/A,MD,USA,38.9908487,-76.944141,2,Yes,26-50,4,2,1,1,4,2,2,Yes,Yes,Yes,Complete,Needs location detail review,Data Mining/Mapping/Visualization; Digital Collections/Databases/Archives; Events/Programming; Exhibits & Digital Storytelling,Black Studies; Digital Humanities,Other/Unknown,PWI (Graduate),Faculty; Fellows and/or Postdocs; Graduate Students; Undergraduate Students,BIPOC Run; Women Run,Grants/Awards (Private: Foundations/Charities); Small Donations
bdph_0002,AAS 21 Repertoire - Princeton African American Studies,https://aas.princeton.edu/,Black studies department at Princeton University,1969,1969,2023,2023,Updated 2023-2024,1960s,Mixed,United States,"Morrison Hall Princeton University Princeton, NJ 08544",N/A,NJ,USA,40.34803,-74.6597754,1,No,51+,3,4,1,1,4,1,2,No,No,No,Complete,Needs location detail review,Digital Collections/Databases/Archives; Educational Resources; Events/Programming,Black Education/Black Students; Black People - Race Identity; Black Studies; U.S. History,Other/Unknown,PWI (Graduate),Digital/Design Professionals; Faculty; Graduate Students; Undergraduate Students,Data Not Available,In-Kind Support; Institutional Operating Budget (Internal)
bdph_0004,A Call to Negro Women: A (Little Known) Black Feminist Manifesto,https://melanationzine.wordpress.com/home/,Zine detailing the importance of The Sojourners for Truth and Justice and Black feminism,42826,2017,2020,2020,Updated 2020-2022,2010s,Digital,United States,"BYP100, C/O DC Chapter P.O. Box 15254 Chicago, IL 60615",C/O,DC,USA,41.8781136,-87.6297982,2,Yes,Unspecified,4,2,1,1,1,1,2,No,No,No,Complete,Location detail present,Digital Publishing & Digital Editions; Events/Programming; Exhibits & Digital Storytelling; Local History & Local Places,Black Activism/Advocacy; Black Women/Feminism,20th Century,Community Group,Community Members,Data Not Available,In-Kind Support; Small Donations
bdph_0005,A Colony in Crisis: The Saint-Domingue Grain Shortage of 1789,https://colonyincrisis.lib.umd.edu/,Translations of primary documentation of the Saint-Domingue (colonial Haiti) Grain Shortage of 1789. The project features translations of colonial documentation from French into English and from English and French into Haitian Creole. There are also audio recordings of Haitian Creole translations.,41895,2014,44864,2022,Updated 2020-2022,2010s,Digital,United States,"College Park, MD",College Park,N/A,N/A,38.9896967,-76.93776,2,Yes,26-50,3,7,1,4,5,1,3,No,No,Yes,Complete,Needs location detail review,Digital Collections/Databases/Archives; Digital Publishing & Digital Editions; Educational Resources,Abolitionists/Emancipation/Reconstruction; African Diaspora/Migration; Caribbean History; Colonialism & Post-Colonialism/Decolonization; Historical Figure; Politics and Government; Transatlantic Slave Trade/Slavery,18th Century,Community Group; PWI (Graduate); University (Other); University Library,Faculty; Graduate Students; Library Professionals; Translators; Undergraduate Students,Not Minority Run,Grants/Awards (Public: State or Local); In-Kind Support; Institutional Operating Budget (Internal)
bdph_0006,A People's Archive of Police Violence in Cleveland,https://www.archivingpoliceviolence.org/,Archive that Cleveland citizens can use to share their stories about police violence,Summer 2015,2015,2023,2023,Updated 2023-2024,2010s,Digital,United States,"Unitarian Universalist Congregation of Cleveland 21600 Shaker Blvd. Shaker Heights, OH 44122",N/A,OH,USA,41.4772547,-81.5274074,1,No,Unspecified,2,1,2,1,2,1,2,No,No,No,Complete,Needs location detail review,Local History & Local Places; Other/Unknown,Lynching/Race Riots/Police Brutality,20th Century; 21st Century,Community Group,Community Members; Other/Unknown,Data Not Available,In-Kind Support; Small Donations
bdph_0007,A Red Record – Revealing lynching sites in North Carolina,https://lynching.web.unc.edu/,Mapping with detailed narratives and resources of lynchings in North Carolina and with forthcoming visualizations of four other states.,42036,2015,2021,2021,Updated 2020-2022,2010s,Digital,United States,North Carolina,North Carolina,N/A,N/A,35.7595731,-79.01929969999999,1,No,26-50,3,1,2,2,1,1,2,No,No,Yes,Complete,Needs location detail review,Data Mining/Mapping/Visualization; Digital Publishing & Digital Editions; Local History & Local Places,Lynching/Race Riots/Police Brutality,19th Century; 20th Century,PWI (Graduate); PWI (Undergraduate),Undergraduate Students,Not Minority Run,Grants/Awards (Institutional/Internal); In-Kind Support
bdph_0008,"A Shaky Truce: Civil Rights Struggles in Starkville, Mississippi, 1960-1980",https://shakytruce.github.io/,"Storytelling project on the civil rights movement in Starkville, Mississippi in the 60s and 70s",2014,2014,2022,2022,Updated 2020-2022,2010s,Digital,United States,"75 B. S. Hood Rd, Mississippi State, MS 39762",N/A,MS,USA,33.456648,-88.795383,2,Yes,11-25,8,11,1,10,7,1,4,No,No,Yes,Complete,Needs location detail review,Data Mining/Mapping/Visualization; Digital Collections/Databases/Archives; Educational Resources; Events/Programming; Exhibits & Digital Storytelling; Local History & Local Places; Oral Histories; Resource Hub,Black Activism/Advocacy; Black Communities/Urban Renewal; Black Education/Black Students; Civil Rights Movement/Black Power; Digital Humanities; Lynching/Race Riots/Police Brutality; Newspapers/Periodicals/Black Press; Politics and Government; Race Relations/Racial Inequality/Racism; Segregation; U.S. History,20th Century,Community Group; Independent Scholar/Individual Research; Inter-Institution Partnership; K-12; Minority Serving Institution (Graduate); Minority Serving Institution (Undergraduate); PWI (Graduate); PWI (Undergraduate); University (Other); University Library,Community Members; Digital/Design Professionals; Faculty; Graduate Students; K-12 Educators; Library Professionals; Undergraduate Students,Not Minority Run,Grants/Awards (Institutional/Internal); Grants/Awards (Public/Federal); Grants/Awards (Public: State or Local); In-Kind Support
bdph_0009,African Activist Archive Project,https://africanactivist.msu.edu/,Digital archive of thousands of US-based African activist materials and related stories,Unspecified,,Unspecified,,Unknown / unparsed,Unknown,Digital,United States,"Attn: African Activist Archive Project International Center 427 N. Shaw Lane, Room 100 Michigan State University East Lansing, MI 48824",N/A,MI,USA,42.72663319999999,-84.4806517,1,No,11-25,2,2,1,1,2,1,2,No,No,No,Start and update missing/unparsed,Needs location detail review,Digital Collections/Databases/Archives; Educational Resources,Black Activism/Advocacy; Colonialism & Post-Colonialism/Decolonization,20th Century,PWI (Graduate),Community Members; Faculty,Data Not Available,Grants/Awards (Institutional/Internal); Small Donations
bdph_0010,African American AIDS History Project,http://afamaidshist.fiu.edu/omeka-s/s/african-american-aids-history-project/page/home-page,Community-contributed archive of documents relating to the intersection of African American and the HIV/AIDS crisis,Unspecified,,42583,2016,Last update before 2020,Unknown,Digital,United States,"11200 SW 8th St, Miami, FL 33199",N/A,FL,USA,25.7567562,-80.37775090000001,3,Yes,11-25,2,2,2,1,3,1,2,No,No,No,Start missing/unparsed,Needs location detail review,Digital Collections/Databases/Archives; Other/Unknown,Other/Unknown; U.S. History,20th Century; 21st Century,University (Other),Community Members; Faculty; Undergraduate Students,Data Not Available,Grants/Awards (Private: Foundations/Charities); In-Kind Support
bdph_0011,African American Civil War Soldiers Project,https://www.zooniverse.org/projects/usct/african-american-civil-war-soldiers,Community-created database of information regarding African American soldiers in the Civil War,43160,2018,44016,2020,Updated 2020-2022,2010s,Digital,United States,"1925 Vermont Ave, NW Washington, DC 20001",Washington,DC,USA,38.9162572,-77.025223,1,No,6-10,3,1,1,1,2,1,5,No,No,No,Complete,Location detail present,Data Mining/Mapping/Visualization; Digital Collections/Databases/Archives; Educational Resources,Black Soldiers/American Civil War,19th Century,Museum,Community Members; Museum Professionals,Data Not Available,Grants/Awards (Private: Foundations/Charities); Grants/Awards (Professional Organizations); Grants/Awards (Public/Federal); Grants/Awards (Public: State or Local); In-Kind Support
bdph_0012,African American Design Nexus,https://aadn.gsd.harvard.edu/,Resource/online collection of the work of Black designers in order to promote them within a white world,2018,2018,2022,2022,Updated 2020-2022,2010s,Digital,United States,"Frances Loeb Library 48 Quincy Street Cambridge, MA 02138",N/A,MA,USA,42.3757999,-71.1139077,1,No,6-10,2,1,2,1,2,1,2,No,No,No,Complete,Needs location detail review,Digital Publishing & Digital Editions; Events/Programming,Black Visual and Performance Art,20th Century; 21st Century,PWI (Graduate),Graduate Students; Library Professionals,Data Not Available,In-Kind Support; Institutional Operating Budget (Internal)
bdph_0013,African American Experience in Athens,https://digihum.libs.uga.edu/,Examination of the Black experience within Athens and the University of Georgia,2015,2015,Unspecified,,Unknown / unparsed,2010s,Digital,United States,"Denmark Hall - 115 Bocock Street Athens, GA 30602",N/A,GA,USA,33.9546989,-83.37561099999999,1,No,Unspecified,2,2,4,2,2,1,1,No,No,No,Update missing/unparsed,Needs location detail review,Digital Collections/Databases/Archives; Exhibits & Digital Storytelling,Black People - Race Identity; Transatlantic Slave Trade/Slavery,18th Century; 19th Century; 20th Century; 21st Century,Community Group; PWI (Graduate),Community Members; Faculty,Data Not Available,In-Kind Support
bdph_0014,The African American Midwest,https://africanamericanmidwest.com/,Educational resource detailing various aspects of African American history in the Midwest,Unspecified,,2022,2022,Updated 2020-2022,Unknown,Digital,United States,The Midwest,The Midwest,N/A,N/A,42.5246357,-92.4604145,1,No,11-25,3,1,4,1,2,1,2,No,No,No,Start missing/unparsed,Needs location detail review,Digital Collections/Databases/Archives; Educational Resources; Local History & Local Places,U.S. History,18th Century; 19th Century; 20th Century; 21st Century,Community Group,Community Members; Faculty,Data Not Available,Grants/Awards (Public/Federal); Grants/Awards (Public: State or Local)
bdph_0016,African American Poetry (1870-1926): A Digital Anthology,https://scalar.lehigh.edu/african-american-poetry-a-digital-anthology/index,"Digital collection of late-19th, early 20th century African American poetry",2022,2022,2022,2022,Updated 2020-2022,2020s,Digital,United States,"35 Sayre Dr, Bethlehem, PA 18015",N/A,PA,USA,40.6057075,-75.3772639,6,Yes,6-10,1,1,2,2,2,1,1,No,No,No,Complete,Needs location detail review,Exhibits & Digital Storytelling,Black Literature,19th Century; 20th Century,Independent Scholar/Individual Research; University (Other),Faculty; Undergraduate Students,Data Not Available,In-Kind Support
bdph_0017,African-American Religion: A Documentary History Project,https://aardoc.sites.amherst.edu/,"Long-term project on the history of African-American religion, website is built to house ""additional resources.""",36495,1999,2006,2006,Last update before 2020,1990s,Digital,United States,"Amherst College #2269, P. O. Box 5000 Amherst, MA 01002–5000",N/A,MA,USA,42.3732216,-72.5198537,2,Yes,1-5,1,1,1,1,1,1,1,No,No,No,Complete,Needs location detail review,Other/Unknown,Black Religions,15th Century,Independent Scholar/Individual Research,Faculty,Data Not Available,In-Kind Support
bdph_0018,African American Sheet Music,https://library.brown.edu/cds/sheetmusic/afam/index.html,"Partial digitization of the sheet music collection at John Hay library, specifically the African American music from 1820-present.",Unspecified,,Unspecified,,Unknown / unparsed,Unknown,Mixed,United States,"20 Prospect St, Providence, RI 02912",N/A,RI,USA,41.8264146,-71.4049793,1,No,1-5,1,1,2,2,1,1,1,No,No,No,Start and update missing/unparsed,Needs location detail review,Other/Unknown,Black Music,19th Century; 20th Century,PWI (Graduate); University Library,Library Professionals,Data Not Available,Grants/Awards (Private: Foundations/Charities)
bdph_0019,African Americans & the US Presidency,https://sites.fhi.duke.edu/fromslaverytofreedom/portfolio/african-americans-the-us-presidency/,"Timeline of Black people in relation to the US Presidency, website also houses an archive of related speaking events/projects",2018,2018,2021,2021,Updated 2020-2022,2010s,Digital,United States,"Duke University, Franklin Humanities Institute, Smith Warehouse, Bay 4, C106, Durham, NC 27708",N/A,NC,USA,36.0020035,-78.9147682,3,Yes,11-25,3,1,4,1,2,1,2,No,No,No,Complete,Needs location detail review,Data Mining/Mapping/Visualization; Digital Collections/Databases/Archives; Events/Programming,U.S. History,18th Century; 19th Century; 20th Century; 21st Century,PWI (Undergraduate),Faculty; Undergraduate Students,Data Not Available,Grants/Awards (Private: Foundations/Charities); In-Kind Support
bdph_0020,African American Women Writers of the 19th Century,https://libguides.nypl.org/african-american-women-writers-of-the-19th-Century,"The project was originally created in 1999, following the publication of the series ""The Schomburg library of nineteenth-century Black women writers"" as a way to make the publications of Black women authors more accessible.",1999,1999,44044,2020,Updated 2020-2022,1990s,Digital,United States,"Schomburg Center for Research in Black Culture, 515 Malcolm X Boulevard (135th St and Malcolm X Blvd) New York, NY 10037",Schomburg Center for Research,IN,USA,40.8145527,-73.9408948,2,Yes,Unspecified,2,2,1,1,1,1,3,No,No,Yes,Complete,Location detail present,Digital Collections/Databases/Archives; Exhibits & Digital Storytelling,Black Literature; Black Women/Feminism,19th Century,Public Library,Library Professionals,Not Minority Run,Grants/Awards (Private: Foundations/Charities); Grants/Awards (Public/Federal); Grants/Awards (Public: State or Local)
bdph_0021,African Diaspora in Ottoman Izmir,https://www.ottomanhistorypodcast.com/2016/08/african-diaspora-izmir.html,Single podcast episode about the creation of the Afro-Turk community,40603,2011,42583,2016,Last update before 2020,2010s,Digital,Istanbul,Istanbul,Istanbul,N/A,N/A,41.0082376,28.9783589,1,No,26-50,1,2,8,2,2,1,2,No,No,No,Complete,Needs location detail review,Other/Unknown,African Diaspora/Migration; Transatlantic Slave Trade/Slavery,14th Century and Earlier; 15th Century; 16th Century; 17th Century; 18th Century; 19th Century; 20th Century; 21st Century,Inter-Institution Partnership; Other/Unknown,Faculty; Other/Unknown,Data Not Available,In-Kind Support; Small Donations
bdph_0022,African Nova Scotians in the Age of Slavery and Abolition,https://archives.novascotia.ca/africanns/,"Showcase of documentation of the lives of Africans in late-18th, early-19th century Nova Scotia.",Unspecified,,45017,2023,Updated 2023-2024,Unknown,Digital,Canada,"Nova Scotia Archives 6016 University Avenue Halifax, Nova Scotia, Canada B3H 1W4",Nova Scotia Archives 6016 University Avenue Halifax,N/A,Canada,44.6377693,-63.5858344,1,No,Unspecified,3,2,2,1,1,1,2,No,No,No,Start missing/unparsed,Location detail present,Digital Collections/Databases/Archives; Educational Resources; Local History & Local Places,Abolitionists/Emancipation/Reconstruction; Transatlantic Slave Trade/Slavery,18th Century; 19th Century,Public Library,Library Professionals,Data Not Available,Grants/Awards (Public/Federal); Grants/Awards (Public: State or Local)
bdph_0023,AfroCrowd,https://afrocrowd.org/,Movement of people of African descent collectively editing educational resources like Wikipedia,42036,2015,2020,2020,Updated 2020-2022,2010s,Digital,United States,New York City,New York City,N/A,N/A,40.7127753,-74.0059728,12,Yes,Unspecified,1,1,1,1,1,1,1,No,No,No,Complete,Needs location detail review,Educational Resources,Black People and Technology,21st Century,Community Group,Community Members,Data Not Available,Small Donations
bdph_0024,Against All Odds: The First Black Legislators in Mississippi,https://much-ado.net/legislators/,Research website about 150+ Black men who served as Reconstruction legislators in Mississippi from 1870-1894,2018,2018,45017,2023,Updated 2023-2024,2010s,Digital,United States,"395 Hardy Rd, Mississippi State, MS 39762",N/A,MS,USA,33.4527409,-88.7885912,2,Yes,1-5,4,8,1,3,2,1,1,No,Yes,Yes,Complete,Needs location detail review,Digital Collections/Databases/Archives; Educational Resources; Exhibits & Digital Storytelling; Local History & Local Places,Abolitionists/Emancipation/Reconstruction; Digital Humanities; Historical Figure; Lynching/Race Riots/Police Brutality; Newspapers/Periodicals/Black Press; Politics and Government; Race Relations/Racial Inequality/Racism; U.S. History,19th Century,Independent Scholar/Individual Research; PWI (Graduate); University Library,Faculty; Library Professionals,Women Run,In-Kind Support
bdph_0025,African American Odyssey,https://memory.loc.gov/ammem/aaohtml/aohome.html,Library of Congress virtual exhibit that holds information about various eras of African American history,37530,2002,37530,2002,Last update before 2020,2000s,Digital,United States,"101 Independence Ave SE, Washington, DC 20540",Washington,DC,USA,38.8881592,-77.0052109,5,Yes,Unspecified,2,4,2,1,1,1,1,No,No,No,Complete,Location detail present,Digital Collections/Databases/Archives; Educational Resources,Abolitionists/Emancipation/Reconstruction; Black Literature; Black Men/Masculinity; Transatlantic Slave Trade/Slavery,19th Century; 20th Century,Public Library,Library Professionals,Data Not Available,Grants/Awards (Private: Foundations/Charities)
bdph_0026,"African Diaspora, Ph.D",https://africandiasporaphd.com/,Academic blog on Atlantic African Diaspora history (scholarship and scholars),Unspecified,,43922,2020,Updated 2020-2022,Unknown,Digital,United States,"301 Gilman Hall 3400 N Charles St Baltimore, MD, 21218",N/A,MD,USA,39.3289406,-76.6216189,1,No,1-5,1,3,5,1,1,1,1,No,No,No,Start missing/unparsed,Needs location detail review,Resource Hub,African Diaspora/Migration; Transatlantic Slave Trade/Slavery; U.S. History,15th Century; 16th Century; 17th Century; 18th Century; 19th Century,Inter-Institution Partnership,Faculty,Data Not Available,In-Kind Support
bdph_0027,The Black Experience in Children's Books: Selections from Augusta Baker's Bibliographies,https://digitalcollections.nypl.org/collections/the-black-experience-in-childrens-books-selections-from-augusta-bakers#/?tab=about,Digitized children's books from the early-to-mid 20th century that help to describe the Black experience of the time,Unspecified,,Unspecified,,Unknown / unparsed,Unknown,Mixed,United States,"Schomburg Center for Research in Black Culture, 515 Malcolm X Boulevard (135th St and Malcolm X Blvd) New York, NY 10037",Schomburg Center for Research,IN,USA,40.8145527,-73.9408948,2,Yes,Unspecified,1,3,1,1,1,1,3,No,No,Yes,Start and update missing/unparsed,Location detail present,Digital Collections/Databases/Archives,Black Literature; Black Women/Feminism; Historical Figure,20th Century,Public Library,Library Professionals,Not Minority Run,Grants/Awards (Private: Foundations/Charities); Grants/Awards (Public/Federal); Grants/Awards (Public: State or Local)
bdph_0028,Africana Memoirs: Database of Black Women’s Autobiography,http://www.africanamemoirs.net/,Online resource hub of Black women's memoirs,Unspecified,,2013,2013,Last update before 2020,Unknown,Digital,United States,"Georgia State University 25 Park Place Atlanta, GA 30303",N/A,GA,USA,33.753068,-84.38528190000001,1,No,Unspecified,2,1,2,2,1,1,1,No,No,No,Start missing/unparsed,Needs location detail review,Digital Collections/Databases/Archives; Exhibits & Digital Storytelling,Black Literature,20th Century; 21st Century,Independent Scholar/Individual Research; University (Other),Faculty,Data Not Available,In-Kind Support
bdph_0029,Africana Digital Humanities institute,https://africanadhi.com/,Workshops and tools for those who wish to enter the world of Black digital humanities,Unspecified,,2019,2019,Last update before 2020,Unknown,Digital,United States,"Dean's Office, Modern Languages 345 1423 E University Blvd Tucson, AZ 85721",N/A,AZ,USA,32.23133060000001,-110.9526775,1,No,1-5,2,2,1,2,2,1,3,No,No,No,Start missing/unparsed,Needs location detail review,Events/Programming; Resource Hub,Black Studies; Digital Humanities,Other/Unknown,Inter-Institution Partnership; University (Other),Faculty; Graduate Students,Data Not Available,Grants/Awards (Institutional/Internal); Grants/Awards (Public/Federal); Grants/Awards (Public: State or Local)
bdph_0030,Afro-Asian Networks,https://afroasiannetworks.com/,Collective of researchers who publish around the interactions between Asia and Africa since the mid-20th century,Unspecified,,2019,2019,Last update before 2020,Unknown,Digital,United Kingdom,"Beacon House, Queens Rd, Bristol BS8 1QU, United Kingdom",Beacon House,N/A,United Kingdom,51.4579062,-2.6081192,1,No,6-10,3,1,1,1,1,1,2,No,No,No,Start missing/unparsed,Location detail present,Data Mining/Mapping/Visualization; Digital Collections/Databases/Archives; Educational Resources,African Diaspora/Migration,20th Century,Inter-Institution Partnership,Faculty,Data Not Available,Grants/Awards (Public/Federal); Grants/Awards (Public: State or Local)
bdph_0031,AFRO Publishing Without Walls,https://afropww2.afro.illinois.edu/,Initiative to work with HBCUs on the digital publishing of Black experiences,2015,2015,2022,2022,Updated 2020-2022,2010s,Mixed,United States,"1201 W. Nevada Urbana, IL 61801",N/A,IL,USA,40.1057411,-88.2240784,1,No,11-25,2,3,1,5,2,1,1,No,No,No,Complete,Needs location detail review,Educational Resources; Exhibits & Digital Storytelling,Black Education/Black Students; Black Literature; Digital Humanities,Other/Unknown,HBCU (Graduate); Inter-Institution Partnership; PWI (Graduate); University (Other); University Library,Digital/Design Professionals; Graduate Students,Data Not Available,Grants/Awards (Private: Foundations/Charities)
bdph_0032,Alice Dunbar-Nelson Reads,https://sites.udel.edu/alicereads/,"Research site dedicated to the life of Alice Dunbar-Nelson, specifically to her reading habits.",Unspecified,,Unspecified,,Unknown / unparsed,Unknown,Digital,United States,"University of Delaware Newark, DE 19716",N/A,DE,USA,39.6809151,-75.7523313,3,Yes,11-25,2,3,1,2,1,1,1,No,No,No,Start and update missing/unparsed,Needs location detail review,Digital Publishing & Digital Editions; Exhibits & Digital Storytelling,Black Literature; Black Women/Feminism; Historical Figure,20th Century,Independent Scholar/Individual Research; PWI (Graduate),Faculty,Data Not Available,In-Kind Support
bdph_0033,Alternate Campus Tours,https://hgreen.people.ua.edu/walking-tours.html,"Series of slavery, civil rights, and civil war-informed campus tours of The University of Alabama",2016,2016,2020,2020,Updated 2020-2022,2010s,Mixed,United States,"University of Alabama, Tuscaloosa, AL 35487",N/A,AL,USA,33.207199,-87.5482025,2,Yes,1-5,2,3,3,1,1,1,1,No,No,No,Complete,Needs location detail review,Events/Programming; Local History & Local Places,Black Soldiers/American Civil War; Civil Rights Movement/Black Power; Transatlantic Slave Trade/Slavery,19th Century; 20th Century; 21st Century,PWI (Graduate),Faculty,Data Not Available,In-Kind Support
bdph_0034,American Panorama: The Forced Migration of Enslaved People,https://dsl.richmond.edu/panorama/forcedmigration/#tab=1&narratives=true&cotton=true&sugar=true&labels=false&decade=1810&loc=5/-9.622/12.788,Interactive map showing the forced migration of enslaved people in the US,42353,2015,Unspecified,,Unknown / unparsed,2010s,Digital,United States,"Boatwright Memorial Library 410 Westhampton Way University of Richmond, VA 23173",N/A,VA,USA,37.5751669,-77.5407146,2,Yes,1-5,3,2,1,1,3,1,1,No,No,No,Update missing/unparsed,Needs location detail review,Data Mining/Mapping/Visualization; Digital Collections/Databases/Archives; Oral Histories,African Diaspora/Migration; Transatlantic Slave Trade/Slavery,19th Century,PWI (Graduate),Digital/Design Professionals; Faculty; Fellows and/or Postdocs,Data Not Available,Grants/Awards (Private: Foundations/Charities)
bdph_0035,American Slavery Documents / Duke Digital Repository,https://repository.duke.edu/dc/americanslaverydocs,"Digitized collection of US, slavery-related documents (also available in-person)",42309,2015,Unspecified,,Unknown / unparsed,2010s,Mixed,United States,"411 Chapel Drive Durham, NC 27708",N/A,NC,USA,36.0029782,-78.9383263,2,Yes,1-5,1,2,2,2,2,1,2,No,No,No,Update missing/unparsed,Needs location detail review,Digital Collections/Databases/Archives,Abolitionists/Emancipation/Reconstruction; Transatlantic Slave Trade/Slavery,18th Century; 19th Century,PWI (Graduate); University Library,Faculty; Library Professionals,Data Not Available,Grants/Awards (Institutional/Internal); Small Donations
bdph_0036,Amistad Research Center,https://www.amistadresearchcenter.org/,Archive/library of racial/ethic/civil rights topics,2015,2015,2023,2023,Updated 2023-2024,2010s,Mixed,United States,"Tilton Hall, 6823 St. Charles Avenue, New Orleans, LA, 70118",N/A,LA,USA,29.9354069,-90.1227528,1,No,11-25,4,6,4,2,2,1,1,No,No,No,Complete,Needs location detail review,Digital Collections/Databases/Archives; Educational Resources; Exhibits & Digital Storytelling; Resource Hub,Abolitionists/Emancipation/Reconstruction; African Diaspora/Migration; Black Visual and Performance Art; Civil Rights Movement/Black Power; Transatlantic Slave Trade/Slavery; U.S. History,18th Century; 19th Century; 20th Century; 21st Century,Community Group; PWI (Graduate),Community Members; Faculty,Data Not Available,Grants/Awards (Private: Foundations/Charities)
bdph_0037,The Anna Julia Cooper Center,https://ajccenter.com/,"Worked towards intersection policy, media, and curriculum changes in the memory of Anna Julia Cooper",2012,2012,2019,2019,Last update before 2020,2010s,Mixed,United States,"1834 Wake Forest Rd, Winston-Salem, NC 27109",N/A,NC,USA,36.1339634,-80.27511070000001,1,No,1-5,2,3,1,1,3,1,2,No,No,No,Complete,Needs location detail review,Educational Resources; Events/Programming,Black Activism/Advocacy; Black Education/Black Students; Black Women/Feminism,Other/Unknown,PWI (Graduate),Faculty; Fellows and/or Postdocs; Undergraduate Students,Data Not Available,In-Kind Support; Institutional Operating Budget (Internal)
bdph_0038,Anna Julia Cooper Collection,https://dh.howard.edu/ajcooper/,Archive of personal/public documents of Anna Julia Cooper,2017,2017,Unspecified,,Unknown / unparsed,2010s,Digital,United States,"500 Howard Pl NW, Washington, DC 20059",Washington,DC,USA,38.92230050000001,-77.0196879,1,No,1-5,2,3,2,2,1,1,1,No,No,No,Update missing/unparsed,Location detail present,Digital Collections/Databases/Archives; Educational Resources,Black Literature; Black Women/Feminism; Historical Figure,19th Century; 20th Century,HBCU (Graduate); University Library,Library Professionals,Data Not Available,Grants/Awards (Professional Organizations)
bdph_0039,Anguilla Archaeological and ​Historical Society,https://www.aahsanguilla.com/,"Aims to preserve the history of the island through the collection of images, preservation of buildings, etc.",2013,2013,2023,2023,Updated 2023-2024,2010s,Mixed,Anguilla,"P.O. Box 252, The Valley, Anguilla, AI2640 B.W.I.",P.O. Box 252,N/A,N/A,18.2148129,-63.0574406,1,No,6-10,3,3,8,1,1,1,2,No,No,No,Complete,Needs location detail review,Digital Collections/Databases/Archives; Exhibits & Digital Storytelling; Local History & Local Places,Caribbean History; Historical Landmarks/Monuments; Transatlantic Slave Trade/Slavery,14th Century and Earlier; 15th Century; 16th Century; 17th Century; 18th Century; 19th Century; 20th Century; 21st Century,Historical Society,Community Members,Data Not Available,In-Kind Support; Small Donations
bdph_0040,Antioch AME History,https://antiochamehistory.org/,Collection and documentation of information about the Antioch African Methodist Episcopal Church,Unspecified,,Unspecified,,Unknown / unparsed,Unknown,Mixed,United States,"765 S Hairston Rd, Stone Mountain, GA 30083",N/A,GA,USA,33.7762204,-84.1938674,1,No,1-5,2,1,3,1,1,1,2,No,No,No,Start and update missing/unparsed,Needs location detail review,Digital Collections/Databases/Archives; Local History & Local Places,Black Religions,19th Century; 20th Century; 21st Century,Community Group,Community Members,Data Not Available,Grants/Awards (Professional Organizations); Grants/Awards (Public: State or Local)
bdph_0041,Anthologies of African American Writing,https://masonlibraries.gmu.edu/dscff/s/aaaw/page/About,"Bibliography of anthologies of African American writing, including book covers, tables of contents, reception history, and, ultimately, searchable index of all items included in anthologies.",2018,2018,2023,2023,Updated 2023-2024,2010s,Digital,United States,"George Mason University, 4400 University Dr, Fairfax, VA 22030",N/A,VA,USA,38.8314094,-77.31115299999999,3,Yes,1-5,1,1,3,1,3,1,2,Yes,No,Yes,Complete,Needs location detail review,Digital Collections/Databases/Archives,Black Literature,19th Century; 20th Century; 21st Century,University (Other),Faculty; Graduate Students; Undergraduate Students,BIPOC Run,Grants/Awards (Institutional/Internal); In-Kind Support
bdph_0042,Arabella Chapman Project,https://arabellachapman.history.lsa.umich.edu/,Digitization of two of Arabella Chapman's photo albums from the late 19th century,2015,2015,2015,2015,Last update before 2020,2010s,Mixed,United States,"909 S University Ave, Ann Arbor, MI 48109",N/A,MI,USA,42.2754392,-83.73799180000002,1,No,1-5,1,3,1,2,1,1,1,No,No,No,Complete,Needs location detail review,Digital Collections/Databases/Archives,Black People - Race Identity; Black Women/Feminism; Historical Figure,19th Century,PWI (Graduate); University Library,Library Professionals,Data Not Available,Institutional Operating Budget (Internal)
bdph_0043,Archive Liberia,https://archiveliberia.com,"Archive Liberia is an invitation and site for recovering, holding and organizing the collective memory of Liberia.",2020,2020,2023,2023,Updated 2023-2024,2020s,Digital,Liberia,Liberia,Liberia,N/A,Liberia,6.428055,-9.429499000000002,1,No,Unspecified,5,5,1,1,1,1,1,No,No,Yes,Complete,Location detail present,Digital Collections/Databases/Archives; Educational Resources; Events/Programming; Local History & Local Places; Oral Histories,African Diaspora/Migration; African History; Black People - Race Identity; Colonialism & Post-Colonialism/Decolonization; Transatlantic Slave Trade/Slavery,20th Century,Independent Scholar/Individual Research,Community Members,Not Minority Run,In-Kind Support
bdph_0044,Archiving the Black Web,https://archivingtheblackweb.org/,Team of Black archivists working to close the gap of web-archiving ability,2020,2020,44993,2023,Updated 2023-2024,2020s,Digital,United States,"African-American Research Library and Cultural Center, 2650 Sistrunk Blvd, Fort Lauderdale, FL 33311",N/A,FL,USA,26.128388,-80.1775981,1,No,6-10,1,1,2,1,3,1,3,No,No,No,Complete,Needs location detail review,Digital Collections/Databases/Archives,Black People and Technology,20th Century; 21st Century,Community Group,Community Members; Faculty; Library Professionals,Data Not Available,Grants/Awards (Private: Foundations/Charities); Grants/Awards (Public/Federal); Grants/Awards (Public: State or Local)
bdph_0045,Ardhi Initiative,https://ardhi.unl.edu/,Visualization of African land acquisitions and digitization of land treaties,Unspecified,,2022,2022,Updated 2020-2022,Unknown,Digital,United States,"319 Love Library P.O. Box 884100 Lincoln NE, 68588",319 Love Library P.O. Box 884100 Lincoln,NE,USA,40.8180949,-96.7025779,1,No,6-10,2,2,2,1,3,1,1,No,No,No,Start missing/unparsed,Location detail present,Data Mining/Mapping/Visualization; Digital Collections/Databases/Archives,African History; Colonialism & Post-Colonialism/Decolonization,19th Century; 20th Century,PWI (Graduate),Digital/Design Professionals; Faculty; Library Professionals,Data Not Available,Institutional Operating Budget (Internal)
bdph_0046,Atlanta Studies,https://atlantastudies.org/,"Atlanta Studies is an open access, multimedia web-based journal published by the Emory Center for Digital Scholarship on behalf of the Atlanta Studies Network.",2013,2013,10 April 2023,2023,Updated 2023-2024,2010s,Digital,United States,"Emory Center for Digital Scholarship Robert W. Woodruff Library, 3rd Floor, 540 Asbury Circle Atlanta, Georgia 30322",540 ASBURY CIRCLE ATLANTA,GA,USA,33.79044020000001,-84.3228237,2,Yes,51+,8,24,3,3,7,1,5,No,No,Yes,Complete,Location detail present,Data Mining/Mapping/Visualization; Digital Publishing & Digital Editions; Educational Resources; Events/Programming; Exhibits & Digital Storytelling; Local History & Local Places; Oral Histories; Resource Hub,Abolitionists/Emancipation/Reconstruction; Black Activism/Advocacy; Black Communities/Urban Renewal; Black Education/Black Students; Black Film; Black Literature; Black Lives Matter Movement; Black Men/Masculinity; Black Music; Black People - Race Identity; Black Religions; Black Studies; Black Visual and Performance Art; Black Women/Feminism; Civil Rights Movement/Black Power; Digital Humanities; Historical Figure; Historical Landmarks/Monuments; LBGTQIA+/Queer Studies; Lynching/Race Riots/Police Brutality; Newspapers/Periodicals/Black Press; Politics and Government; Race Relations/Racial Inequality/Racism; Segregation,19th Century; 20th Century; 21st Century,Community Group; Inter-Institution Partnership; University Library,Community Members; Digital/Design Professionals; Faculty; Fellows and/or Postdocs; Graduate Students; Library Professionals; Museum Professionals,Not Minority Run,Grants/Awards (Institutional/Internal); Grants/Awards (Private: Foundations/Charities); Grants/Awards (Public/Federal); Grants/Awards (Public: State or Local); In-Kind Support
bdph_0047,Atlantic Black Box,https://atlanticblackbox.com/,Empowering communities throughout New England to research & begin reckoning with the region's role in the slave trade and the global economy of enslavement,2019,2019,45039,2023,Updated 2023-2024,2010s,Mixed,United States,"P.O. Bo 8771, Portland, ME 04101",N/A,ME,USA,43.6629964,-70.2568775,1,No,11-25,9,8,3,3,4,2,1,No,Yes,Yes,Complete,Needs location detail review,Data Mining/Mapping/Visualization; Digital Collections/Databases/Archives; Digital Publishing & Digital Editions; Educational Resources; Events/Programming; Exhibits & Digital Storytelling; Local History & Local Places; Oral Histories; Resource Hub,Abolitionists/Emancipation/Reconstruction; African Diaspora/Migration; Black Activism/Advocacy; Black Education/Black Students; Digital Humanities; Historical Landmarks/Monuments; Transatlantic Slave Trade/Slavery; U.S. History,17th Century; 18th Century; 19th Century,Community Group; Independent Scholar/Individual Research; Other/Unknown,Community Members; Faculty; K-12 Educators; Museum Professionals,Community Run; Women Run,Small Donations
bdph_0048,Baldwin’s Paris,https://baldwinsparis.com/,Map of all of the Parisian locations references in a set of James Baldwin's books,42526,2016,Unspecified,,Unknown / unparsed,2010s,Digital,United States,"Virginia Tech, Virginia",Virginia Tech,N/A,N/A,37.22838429999999,-80.42341669999999,3,Yes,1-5,2,3,1,2,1,1,1,No,No,No,Update missing/unparsed,Needs location detail review,Data Mining/Mapping/Visualization; Local History & Local Places,Black Literature; Black Men/Masculinity; Historical Figure,20th Century,Independent Scholar/Individual Research; Other/Unknown,Other/Unknown,Data Not Available,In-Kind Support
bdph_0049,Baltimore '68: Riots and Rebirth,http://archives.ubalt.edu/bsr/,Archive of materials related to the events that occurred in Baltimore in the two weeks following the assassination of MLK,2007,2007,Unspecified,,Unknown / unparsed,2000s,Digital,United States,"1415 Maryland Avenue, Baltimore, MD 21201",N/A,MD,USA,39.3062526,-76.61726279999999,1,No,11-25,3,3,2,2,1,1,2,No,No,No,Update missing/unparsed,Needs location detail review,Data Mining/Mapping/Visualization; Digital Collections/Databases/Archives; Local History & Local Places,Civil Rights Movement/Black Power; Lynching/Race Riots/Police Brutality; Race Relations/Racial Inequality/Racism,20th Century; 21st Century,PWI (Graduate); University Library,Library Professionals,Data Not Available,In-Kind Support; Institutional Operating Budget (Internal)
bdph_0050,Baltimore’s Civil Rights Heritage,https://baltimoreheritage.github.io/civil-rights-heritage/,"History of the physical landmarks in the Baltimore Civil Rights Movement, archive of names, educational resources",2014,2014,2019,2019,Last update before 2020,2010s,Digital,United States,Baltimore,Baltimore,N/A,N/A,39.2905023,-76.6104072,7,Yes,Unspecified,3,2,2,2,1,1,3,No,No,No,Complete,Needs location detail review,Data Mining/Mapping/Visualization; Educational Resources; Local History & Local Places,Civil Rights Movement/Black Power; Historical Landmarks/Monuments,19th Century; 20th Century,Community Group; Historical Society,Community Members,Data Not Available,Grants/Awards (Private: Foundations/Charities); Grants/Awards (Public/Federal); Grants/Awards (Public: State or Local)
bdph_0051,Behind the Veil: Documenting African American Life in the Jim Crow South,https://repository.duke.edu/dc/behindtheveil,Collection of oral histories aimed to preserve the history of what it was like to live in legal segregation in the south,1990,1990,Unspecified,,Unknown / unparsed,1990s,Digital,United States,"411 Chapel Drive Durham, NC 27708",N/A,NC,USA,36.0029782,-78.9383263,2,Yes,6-10,3,1,2,1,1,1,1,No,No,No,Update missing/unparsed,Needs location detail review,Digital Collections/Databases/Archives; Educational Resources; Oral Histories,Segregation,19th Century; 20th Century,University Library,Library Professionals,Data Not Available,Grants/Awards (Institutional/Internal)
bdph_0052,The Berkeley Revolution,revolution.berkeley.edu,A digital archive of the East Bay's transformation in the late-1960s and 1970s,2017,2017,2020,2020,Updated 2020-2022,2010s,Digital,United States,"332 Wheeler, UC Berkeley, 94720 (office of faculty sponsor)",N/A,N/A,USA,37.8712141,-122.255463,2,Yes,11-25,3,18,1,2,2,1,1,No,No,Yes,Complete,Needs location detail review,Digital Collections/Databases/Archives; Exhibits & Digital Storytelling; Oral Histories,Black Activism/Advocacy; Black Communities/Urban Renewal; Black Education/Black Students; Black Film; Black Literature; Black Men/Masculinity; Black Music; Black People - Race Identity; Black Studies; Black Visual and Performance Art; Black Women/Feminism; Civil Rights Movement/Black Power; Historical Landmarks/Monuments; Lynching/Race Riots/Police Brutality; Newspapers/Periodicals/Black Press; Politics and Government; Race Relations/Racial Inequality/Racism; U.S. History,20th Century,PWI (Graduate); PWI (Undergraduate),Faculty; Undergraduate Students,Not Minority Run,Grants/Awards (Institutional/Internal)
bdph_0053,Big City Map,https://www.bigcitymap.com/,"Project exploring the intersections between GIS mapping and fictional world building, through the lens of a series of Black comics",42964,2017,Unspecified,,Unknown / unparsed,2010s,Digital,United States,"Robert W. Woodruff Library, 3rd Floor, 540 Asbury Circle Atlanta, Georgia 30322",540 ASBURY CIRCLE ATLANTA,GA,USA,33.79044020000001,-84.3228237,2,Yes,6-10,1,1,1,3,2,1,2,No,No,No,Update missing/unparsed,Location detail present,Data Mining/Mapping/Visualization,Black Literature,21st Century,Other/Unknown; PWI (Graduate); University Library,Community Members; Faculty,Data Not Available,Grants/Awards (Professional Organizations); In-Kind Support
bdph_0054,Black Abolitionist Archive,https://libraries.udmercy.edu/archives/special-collections/index.php?collectionSet=all&collectionCode=baa,"The Black Abolitionist Digital Archive is a collection of over 800 speeches by antebellum blacks and approximately 1,000 editorials from the early 19th century.",2000,2000,Unspecified,,Unknown / unparsed,2000s,Digital,United States,"4001 W. McNichols Road, Detroit, MI 48221",N/A,MI,USA,42.4141852,-83.13997239999999,1,No,Unspecified,2,6,1,2,5,1,3,No,No,Yes,Update missing/unparsed,Needs location detail review,Digital Collections/Databases/Archives; Educational Resources,Abolitionists/Emancipation/Reconstruction; Black Soldiers/American Civil War; Historical Figure; Newspapers/Periodicals/Black Press; Politics and Government; Transatlantic Slave Trade/Slavery,19th Century,PWI (Graduate); University Library,Community Members; Faculty; Graduate Students; Library Professionals; Undergraduate Students,Not Minority Run,Grants/Awards (Professional Organizations); Grants/Awards (Public: State or Local); Institutional Operating Budget (Internal)
bdph_0055,Black and Irish,https://www.blackandirish.com/,"Resource for bringing together Black Irish people through media, storytelling, and resource creation",44778,2022,17 April 2023,2023,Updated 2023-2024,2020s,Mixed,Ireland,"Dublin City, Ireland",Dublin City,N/A,Ireland,53.3498053,-6.2603097,1,No,11-25,5,3,1,1,1,1,1,No,No,No,Complete,Location detail present,Digital Collections/Databases/Archives; Educational Resources; Local History & Local Places; Other/Unknown; Resource Hub,Black Communities/Urban Renewal; Black People - Race Identity; Politics and Government,21st Century,Community Group,Community Members,Data Not Available,In-Kind Support
bdph_0056,Black Archives,https://www.blackarchives.co/,Multimedia platform for detailing the Black experience,2015,2015,2023,2023,Updated 2023-2024,2010s,Digital,United States,metro Atlanta,metro Atlanta,N/A,N/A,33.8498184,-84.4382721,1,No,1-5,2,1,2,1,2,1,2,No,No,No,Complete,Needs location detail review,Digital Collections/Databases/Archives; Exhibits & Digital Storytelling,Black People - Race Identity,20th Century; 21st Century,Community Group,Community Members; Other/Unknown,Data Not Available,In-Kind Support; Merchandise/Sales
bdph_0057,Black Archives of Mid-America,http://blackarchives.org/,Collect and promote access to materials about the Mid-American (specifically Kansas City) Black experience,Unspecified,,45023,2023,Updated 2023-2024,Unknown,Mixed,United States,"Horace M. Peterson III Building, 1722 E. 17th Terrace, Kansas City, MO 64108",N/A,MO,USA,39.0922944,-94.56125379999999,1,No,11-25,2,3,2,2,2,1,5,No,No,No,Start missing/unparsed,Needs location detail review,Digital Collections/Databases/Archives; Exhibits & Digital Storytelling,Black Communities/Urban Renewal; Black People - Race Identity; U.S. History,19th Century; 20th Century,Community Group; Historical Society,Library Professionals; Museum Professionals,Data Not Available,Grants/Awards (Private: Foundations/Charities); Grants/Awards (Public/Federal); Grants/Awards (Public: State or Local); Merchandise/Sales; Small Donations
bdph_0058,Black Atlantic,https://www.liverpool.ac.uk/black-atlantic/,Interactive resource for scholarly discussions in multiple modalities about the dispersal of Black culture across the Atlantic,40207,2010,Unspecified,,Unknown / unparsed,2010s,Digital,United Kingdom,"University of Liverpool, Foundation Building, Brownlow Hill, Liverpool, L69 7ZX",University of Liverpool,N/A,United Kingdom,53.40578199999999,-2.967047,1,No,Unspecified,3,2,6,1,4,1,2,No,No,No,Update missing/unparsed,Location detail present,Digital Collections/Databases/Archives; Educational Resources; Resource Hub,African Diaspora/Migration; Transatlantic Slave Trade/Slavery,16th Century; 17th Century; 18th Century; 19th Century; 20th Century; 21st Century,PWI (Graduate),Faculty; Fellows and/or Postdocs; Graduate Students; Undergraduate Students,Data Not Available,Grants/Awards (Institutional/Internal); In-Kind Support
bdph_0059,Black Beauty Archive,BlackBeautyArchive.com,Archiving & Preserving The History Of Black Beauty Culture,Juneteenth 2020,2020,45413,2024,Updated 2023-2024,2020s,Mixed,United States,"NYC Offsite Storage, Collections Accessible Digitally (Online Database Launching Fall 2024)",NYC Offsite Storage,N/A,N/A,40.7127753,-74.0059728,12,Yes,1-5,4,6,2,2,4,3,3,Yes,Yes,Yes,Complete,Needs location detail review,Digital Collections/Databases/Archives; Educational Resources; Exhibits & Digital Storytelling; Oral Histories,African Diaspora/Migration; African History; Black People - Race Identity; Black Women/Feminism; Digital Humanities; LBGTQIA+/Queer Studies,20th Century; 21st Century,Historical Society; Other/Unknown,Community Members; Faculty; Library Professionals; Museum Professionals,BIPOC Run; LGBTQ+ Run; Women Run,Grants/Awards (Private: Corporate/Individual Sponsors); Grants/Awards (Private: Foundations/Charities); Paywall/Access fees
bdph_0060,Black Bottom Archives,http://www.blackbottomarchives.com/,"Black Bottom Archives (BBA), a community-driven media platform that preserves the stories of Black Detroiters. BBA has a digital archive and traveling exhibit that shares",2015,2015,2023,2023,Updated 2023-2024,2010s,Mixed,United States,Detroit,Detroit,N/A,N/A,42.32971819999999,-83.0424533,1,No,1-5,7,10,2,1,2,4,7,Yes,Yes,Yes,Complete,Needs location detail review,Digital Collections/Databases/Archives; Educational Resources; Events/Programming; Exhibits & Digital Storytelling; Local History & Local Places; Oral Histories; Resource Hub,African Diaspora/Migration; Black Activism/Advocacy; Black Communities/Urban Renewal; Black Music; Digital Humanities; Historical Figure; Historical Landmarks/Monuments; Politics and Government; Race Relations/Racial Inequality/Racism; U.S. History,20th Century; 21st Century,Community Group,Community Members; Library Professionals,BIPOC Run; Community Run; LGBTQ+ Run; Women Run,Grants/Awards (Private: Corporate/Individual Sponsors); Grants/Awards (Private: Foundations/Charities); Grants/Awards (Public/Federal); Grants/Awards (Public: State or Local); In-Kind Support; Merchandise/Sales; Small Donations
bdph_0061,Black Broadway on U,https://blackbroadwayonu.com/,"Multimedia storytelling project on Washington DC's ""Black Broadway""",41671,2014,9 March 2022,2022,Updated 2020-2022,2010s,Mixed,United States,"U Street, Washington DC",Washington,DC,USA,38.9170123,-77.0251812,1,No,1-5,3,3,2,1,2,1,3,No,No,No,Complete,Location detail present,Data Mining/Mapping/Visualization; Digital Collections/Databases/Archives; Local History & Local Places,Black Communities/Urban Renewal; Black Visual and Performance Art; U.S. History,19th Century; 20th Century,Community Group,Community Members; Digital/Design Professionals,Data Not Available,Grants/Awards (Private: Foundations/Charities); Grants/Awards (Public: State or Local); Small Donations
bdph_0062,Black Craftspeople Digital Archive,https://blackcraftspeople.org/,Archive of the lives and materials produced by Black craftspeople in the US since the 1600s,2019,2019,44866,2022,Updated 2020-2022,2010s,Digital,United States,Tennessee,Tennessee,N/A,N/A,35.5174913,-86.5804473,2,Yes,6-10,2,3,2,2,5,1,2,No,No,No,Complete,Needs location detail review,Digital Collections/Databases/Archives; Exhibits & Digital Storytelling,Black Visual and Performance Art; Other/Unknown; U.S. History,18th Century; 19th Century,Inter-Institution Partnership; PWI (Graduate),Digital/Design Professionals; Faculty; Fellows and/or Postdocs; Graduate Students; Library Professionals,Data Not Available,Grants/Awards (Public: State or Local); Small Donations
bdph_0063,"Black Code. The Black Scholar, 47(3)",https://www.tandfonline.com/toc/rtbs20/47/3,"Issue 3, volume 47 of the Black Scholar about Black Code Studies.",42948,2017,2023,2023,Updated 2023-2024,2010s,Digital,United States,University of Washington 98195,University of Washington 98195,WA,USA,47.65671709999999,-122.3066181,1,No,11-25,1,1,2,2,1,1,2,No,No,No,Complete,Location detail present,Digital Publishing & Digital Editions,Black Studies,20th Century; 21st Century,PWI (Graduate); Press,Faculty,Data Not Available,Institutional Operating Budget (Internal); Paywall/Access fees
bdph_0064,"Black DH Special Issue, Reviews in Digital Humanities (3.4)",https://reviewsindh.pubpub.org/v3-n4,Part 1 of a Black DH Special Issue (Vol. 3 No. 4) where Black DH projects are reviewed.,44652,2022,44652,2022,Updated 2020-2022,2020s,Digital,United States,Dartmouth College 03755,Dartmouth College 03755,N/A,USA,43.7044406,-72.2886934,2,Yes,26-50,1,1,2,2,1,1,1,No,No,No,Complete,Location detail present,Digital Publishing & Digital Editions,Digital Humanities,20th Century; 21st Century,PWI (Graduate); Press,Faculty,Data Not Available,Grants/Awards (Private: Foundations/Charities)
bdph_0065,Black Drama Collection | Textual Optics Lab,https://textual-optics-lab.uchicago.edu/black_drama,Collection of over 1000 plays by Black playwrights from the 19th century to now,43405,2018,Unspecified,,Unknown / unparsed,2010s,Digital,United States,"University of Chicago- 5801 S Ellis Ave, Chicago, IL 60637",N/A,IL,USA,41.7904484,-87.6003953,3,Yes,11-25,1,2,3,1,2,1,3,No,No,No,Update missing/unparsed,Needs location detail review,Digital Collections/Databases/Archives,Black Literature; Black Visual and Performance Art,19th Century; 20th Century; 21st Century,PWI (Graduate),Digital/Design Professionals; Faculty,Data Not Available,Grants/Awards (Private: Foundations/Charities); Grants/Awards (Public/Federal); Grants/Awards (Public: State or Local)
bdph_0066,Black Film Archive,https://blackfilmarchive.com/,Archive of streamable Black films from 1898-1989,43983,2020,Unspecified,,Unknown / unparsed,2020s,Digital,United States,"Brooklyn, NY",Brooklyn,N/A,N/A,40.6781784,-73.9441579,3,Yes,1-5,1,1,2,1,2,1,1,No,No,No,Update missing/unparsed,Needs location detail review,Digital Collections/Databases/Archives,Black Film,19th Century; 20th Century,Independent Scholar/Individual Research,Faculty; Library Professionals,Data Not Available,In-Kind Support
bdph_0067,Black Fire at UVA,https://blackfireuva.com,Multimedia collection relating to racial justice/equality at the University of Virginia,2019,2019,45015,2023,Updated 2023-2024,2010s,Digital,United States,"University of Virginia- Charlottesville, VA 22903",N/A,VA,USA,38.0335529,-78.5079772,5,Yes,1-5,4,2,1,3,1,1,1,No,No,No,Complete,Needs location detail review,Digital Collections/Databases/Archives; Events/Programming; Local History & Local Places; Oral Histories,Black Education/Black Students; Race Relations/Racial Inequality/Racism,20th Century,Other/Unknown; PWI (Graduate); PWI (Undergraduate),Other/Unknown,Data Not Available,Other/Unknown
bdph_0068,Black Gotham Archive,https://archive.blackgothamarchive.org/,Storytelling site about the lives of 19th-century Black people in Brooklyn and Lower Manhattan. Based in Carla Peterson's search for the history of her family.,2011,2011,2018,2018,Last update before 2020,2010s,Digital,United States,"0301 Hornbake Library, 4130 Campus Dr, College Park, MD 20742",N/A,MD,USA,38.9882026,-76.94136879999999,1,No,1-5,3,1,1,1,1,1,2,No,No,No,Complete,Needs location detail review,Digital Collections/Databases/Archives; Exhibits & Digital Storytelling; Local History & Local Places,Black Communities/Urban Renewal,19th Century,Independent Scholar/Individual Research,Faculty,Data Not Available,Grants/Awards (Professional Organizations); In-Kind Support
bdph_0069,Black Gotham Experience,http://blackgotham.com/,Multimedia storytelling organization focused on the African Diaspora in NYC.,40415,2010,2023,2023,Updated 2023-2024,2010s,Mixed,United States,"192 Front St New York, NY 10038",N/A,NY,USA,40.70677329999999,-74.0043463,1,No,1-5,2,2,5,1,2,1,5,No,No,No,Complete,Needs location detail review,Events/Programming; Local History & Local Places,African Diaspora/Migration; Black Communities/Urban Renewal,17th Century; 18th Century; 19th Century; 20th Century; 21st Century,Other/Unknown,Community Members; Digital/Design Professionals,Data Not Available,Grants/Awards (Private: Corporate/Individual Sponsors); Grants/Awards (Private: Foundations/Charities); Grants/Awards (Public: State or Local); Merchandise/Sales; Small Donations
bdph_0070,Real Black Grandmothers: Black Grandmother Stories,https://realblackgrandmothers.com/,Archive that works to capture non-stereotypical stories of real Black grandmothers,2016,2016,2023,2023,Updated 2023-2024,2010s,Digital,United States,"7511 Greenwood Ave. N. #815 Seattle, WA 98103",N/A,WA,USA,47.6836862,-122.3555717,1,No,1-5,2,2,2,2,1,1,2,No,No,No,Complete,Needs location detail review,Digital Collections/Databases/Archives; Resource Hub,Black People - Race Identity; Black Women/Feminism,20th Century; 21st Century,Community Group; Independent Scholar/Individual Research,Community Members,Data Not Available,Grants/Awards (Institutional/Internal); In-Kind Support
bdph_0071,Black in Appalachia: Community History Digital Archive,https://blackinappalachia.omeka.net/,Archive of documents and people and place names related to the lives of African Americans in Southwest Virginia and Eastern Tennessee,2018,2018,Unspecified,,Unknown / unparsed,2010s,Digital,United States,Tennessee,Tennessee,N/A,N/A,35.5174913,-86.5804473,2,Yes,11-25,3,2,2,1,1,1,3,No,No,No,Update missing/unparsed,Needs location detail review,Data Mining/Mapping/Visualization; Digital Collections/Databases/Archives; Local History & Local Places,Black Communities/Urban Renewal; U.S. History,19th Century; 20th Century,Community Group,Community Members,Data Not Available,Grants/Awards (Private: Corporate/Individual Sponsors); Grants/Awards (Private: Foundations/Charities); Grants/Awards (Public: State or Local)
bdph_0072,Black Lesbian Archives,https://blacklesbianarchives.wixsite.com/info,Multimedia platform surrounding the preservation and dissemination of Black lesbian history,42911,2017,2023,2023,Updated 2023-2024,2010s,Mixed,Other/Unknown,Unknown,Unknown,N/A,N/A,39.90419,-75.354607,1,No,1-5,2,3,1,1,1,1,2,No,No,No,Complete,Needs location detail review,Digital Collections/Databases/Archives; Exhibits & Digital Storytelling,Black Women/Feminism; LBGTQIA+/Queer Studies; U.S. History,Other/Unknown,Independent Scholar/Individual Research,Community Members,Data Not Available,In-Kind Support; Small Donations
bdph_0073,Black Liberation 1969 Digital Archive,https://blacklib1969.swarthmore.edu/,Course-connected site about the 1969 Swarthmore College Black student protest movement,Unspecified,,Unspecified,,Unknown / unparsed,Unknown,Digital,United States,"500 College Ave, Swarthmore, PA 19081",N/A,PA,USA,39.90605619999999,-75.3520389,1,No,26-50,3,2,1,2,2,1,1,No,No,No,Start and update missing/unparsed,Needs location detail review,Data Mining/Mapping/Visualization; Digital Collections/Databases/Archives; Exhibits & Digital Storytelling,Black Education/Black Students; Civil Rights Movement/Black Power,20th Century,PWI (Graduate); PWI (Undergraduate),Faculty; Undergraduate Students,Data Not Available,In-Kind Support
bdph_0074,"Black Issues, Policing, Protest Zines | Sherwood Forest Zine Library",https://www.sherwoodforestzinelibrary.org/copy-of-virtual-zine-library,Digital collection from the Library on topics surrounding topics like Black Lives Matter,Unspecified,,44867,2022,Updated 2020-2022,Unknown,Mixed,United States,"5215 Joe Sayers Ave A, Austin, TX 78756",N/A,TX,USA,30.3239724,-97.73710829999999,1,No,Unspecified,2,3,2,1,2,1,1,No,No,No,Start missing/unparsed,Needs location detail review,Digital Collections/Databases/Archives; Events/Programming,Black Activism/Advocacy; Black Lives Matter Movement; Lynching/Race Riots/Police Brutality,20th Century; 21st Century,Community Group,Community Members; Library Professionals,Data Not Available,In-Kind Support
bdph_0075,The Black Lunch Table,http://www.blacklunchtable.com/,"Oral history archival project that hosts roundtables with different demographics of Black people (i.e., artists)",2005,2005,2023,2023,Updated 2023-2024,2000s,Mixed,United States,"6225 N Kenmore Ave Chicago, IL 60660",N/A,IL,USA,41.995449,-87.65657999999999,1,No,11-25,1,2,1,1,2,1,2,No,No,No,Complete,Needs location detail review,Digital Collections/Databases/Archives,Black People - Race Identity; Transatlantic Slave Trade/Slavery,Other/Unknown,Community Group,Community Members; Digital/Design Professionals,Data Not Available,Grants/Awards (Private: Corporate/Individual Sponsors); Small Donations
bdph_0076,Black Metropolis Research Consortium,https://bmrc.lib.uchicago.edu/,Association of archival organizations that focus on Black experiences,Spring 2006,2006,2023,2023,Updated 2023-2024,2000s,Mixed,United States,"1100 E. 57th St., 2nd Floor, Room 203, Chicago, IL 60637",N/A,IL,USA,41.7922109,-87.5995715,1,No,26-50,4,1,1,1,3,1,1,No,No,No,Complete,Needs location detail review,Digital Collections/Databases/Archives; Events/Programming; Exhibits & Digital Storytelling; Resource Hub,Black People - Race Identity,Other/Unknown,Inter-Institution Partnership,Digital/Design Professionals; Library Professionals; Museum Professionals,Data Not Available,Institutional Operating Budget (Internal)
bdph_0077,Black Midwest Initiative,https://www.theblackmidwest.com/,"A progressive collective of scholars, students, artists, organizers, and community-involved people who are committed to advocating for the lives of people of African descent as they are situated throughout the Midwest and Rust Belt regions of the United States.",2017,2017,Unspecified,,Unknown / unparsed,2010s,Mixed,United States,"601 S. Morgan Street, Chicago, IL",N/A,N/A,N/A,41.8737632,-87.6509928,1,No,11-25,5,10,1,2,5,1,5,Yes,No,Yes,Update missing/unparsed,Needs location detail review,Art and Performance; Educational Resources; Events/Programming; Local History & Local Places; Resource Hub,Black Activism/Advocacy; Black Communities/Urban Renewal; Black Education/Black Students; Black Film; Black Literature; Black People - Race Identity; Black Studies; Black Visual and Performance Art; Race Relations/Racial Inequality/Racism; U.S. History,21st Century,Community Group; PWI (Graduate),Community Members; Faculty; Fellows and/or Postdocs; Graduate Students; Museum Professionals,BIPOC Run,Grants/Awards (Institutional/Internal); Grants/Awards (Private: Foundations/Charities); Institutional Operating Budget (Internal); Other/Unknown; Small Donations
bdph_0079,Black Panthers Digital Collections,https://lib.msu.edu/branches/dmc/collectionbrowse/?coll=20,Digital archive of primary documents from the Black Panthers,Unspecified,,Unspecified,,Unknown / unparsed,Unknown,Digital,United States,"366 W Circle Dr, East Lansing, MI 48824",N/A,MI,USA,42.7308964,-84.4832176,1,No,6-10,1,2,1,2,1,1,1,No,No,No,Start and update missing/unparsed,Needs location detail review,Digital Collections/Databases/Archives,Black Activism/Advocacy; Civil Rights Movement/Black Power,20th Century,PWI (Graduate); University Library,Library Professionals,Data Not Available,In-Kind Support
bdph_0080,Black People's Hair,http://www.murchisoncenter.org/cyberhair/index.html,Archive of combs and lists of salons across the Toledo/the country,Unspecified,,Unspecified,,Unknown / unparsed,Unknown,Digital,United States,"Africana Studies Program , University of Toledo, 2801 Bancroft Avenue, Suite UH 2100, Toledo, Ohio 43606 USA",TOLEDO,OH,USA,41.6578804,-83.6142374,2,Yes,Unspecified,4,1,1,1,1,1,1,No,No,No,Start and update missing/unparsed,Location detail present,Digital Collections/Databases/Archives; Educational Resources; Local History & Local Places; Resource Hub,Black People - Race Identity,20th Century,Independent Scholar/Individual Research,Faculty,Data Not Available,In-Kind Support
bdph_0081,Black Periodical Literature Project,https://hutchinscenter.fas.harvard.edu/black-periodical-literature-project,Archive of the works of Black writers featured in 19th/20th century periodicals,2004,2004,Unspecified,,Unknown / unparsed,2000s,Mixed,United States,"104 Mount Auburn Street, 3R Cambridge, MA 02138",N/A,MA,USA,42.3726048,-71.1211806,1,No,26-50,1,1,2,2,3,1,3,No,No,No,Update missing/unparsed,Needs location detail review,Digital Collections/Databases/Archives,Newspapers/Periodicals/Black Press,19th Century; 20th Century,Inter-Institution Partnership; PWI (Graduate),Digital/Design Professionals; Faculty; Fellows and/or Postdocs,Data Not Available,Grants/Awards (Public/Federal); Grants/Awards (Public: State or Local); Small Donations
bdph_0082,BlackPast,https://www.blackpast.org/,Generalized website about African American/diaspora/descent history as a whole,37987,2004,2023,2023,Updated 2023-2024,2000s,Digital,United States,"4616 25th Avenue NE Box 222 Seattle, Washington 98105",4616 25th Avenue,NE,USA,47.6621885,-122.3002217,1,No,51+,3,19,8,1,6,1,2,No,No,No,Complete,Location detail present,Data Mining/Mapping/Visualization; Digital Collections/Databases/Archives; Educational Resources,African Diaspora/Migration; Black Activism/Advocacy; Black Communities/Urban Renewal; Black Education/Black Students; Black Film; Black Literature; Black Lives Matter Movement; Black People - Race Identity; Black Studies; Black Visual and Performance Art; Black Women/Feminism; Civil Rights Movement/Black Power; Digital Humanities; LBGTQIA+/Queer Studies; Lynching/Race Riots/Police Brutality; Newspapers/Periodicals/Black Press; Race Relations/Racial Inequality/Racism; Transatlantic Slave Trade/Slavery; U.S. History,14th Century and Earlier; 15th Century; 16th Century; 17th Century; 18th Century; 19th Century; 20th Century; 21st Century,Community Group,Digital/Design Professionals; Faculty; Graduate Students; Library Professionals; Museum Professionals; Undergraduate Students,Data Not Available,In-Kind Support; Small Donations
bdph_0083,Black Perspectives – AAIHS,https://www.aaihs.org/black-perspectives/,Academia-originated blog aimed at sharing research on people of African descent in a publicly-accessible manner,2014,2014,2023,2023,Updated 2023-2024,2010s,Digital,United States,"Princeton, NJ 08543",N/A,NJ,USA,40.3481321,-74.66007119999999,1,No,26-50,3,2,1,1,1,1,2,No,No,No,Complete,Needs location detail review,Digital Publishing & Digital Editions; Educational Resources; Resource Hub,African Diaspora/Migration; Black People - Race Identity,Other/Unknown,Inter-Institution Partnership,Faculty,Data Not Available,In-Kind Support; Small Donations
bdph_0084,Black Power! 19th Century Newark,https://blackpower19thcentury.com/,Multimodal virtual exhibit/resource hub illustrating the 19th-century origins of the Black Power Movement in Newark,Unspecified,,2023,2023,Updated 2023-2024,Unknown,Mixed,United States,"Newark, NJ",Newark,N/A,N/A,40.7315293,-74.1744671,3,Yes,1-5,6,2,1,1,3,1,5,No,No,No,Start missing/unparsed,Needs location detail review,Data Mining/Mapping/Visualization; Educational Resources; Events/Programming; Exhibits & Digital Storytelling; Local History & Local Places; Resource Hub,Black Communities/Urban Renewal; Civil Rights Movement/Black Power,19th Century,Community Group,Community Members; Faculty; Library Professionals,Data Not Available,Grants/Awards (Private: Corporate/Individual Sponsors); Grants/Awards (Private: Foundations/Charities); Grants/Awards (Professional Organizations); Grants/Awards (Public: State or Local); In-Kind Support
bdph_0085,The Black Press in 19th-century Canada and Beyond,http://www.blackpress.huronresearch.ca/,"Archive dedicated to Black writers of 19th century Canadian press, represented as intellectual activists",Unspecified,,Unspecified,,Unknown / unparsed,Unknown,Digital,Canada,"75 Laurier Ave E, Ottawa, ON K1N 6N5, Canada",75 Laurier Ave E,N/A,Canada,45.4209014,-75.67981720000002,1,No,1-5,2,1,1,1,1,1,3,No,No,No,Start and update missing/unparsed,Location detail present,Digital Collections/Databases/Archives; Educational Resources,Newspapers/Periodicals/Black Press,19th Century,Inter-Institution Partnership,Faculty,Data Not Available,Grants/Awards (Public/Federal); Grants/Awards (Public: State or Local); In-Kind Support
bdph_0086,Black Press Research Collective,http://blackpressresearchcollective.org/,Source for scholarship on and primary documentation of the Black press,Unspecified,,2023,2023,Updated 2023-2024,Unknown,Digital,United States,"Brown University- Providence, RI 02912",N/A,RI,USA,41.8267718,-71.4025482,5,Yes,1-5,1,2,3,2,1,1,1,No,No,No,Start missing/unparsed,Needs location detail review,Educational Resources,African Diaspora/Migration; Newspapers/Periodicals/Black Press,19th Century; 20th Century; 21st Century,Independent Scholar/Individual Research; PWI (Graduate),Faculty,Data Not Available,In-Kind Support
bdph_0087,Black Quotidian,https://blackquotidian.supdigital.org/bq/overview,Annotated archive detailing the lives of 20th-century Black people through newspapers,2016,2016,2019,2019,Last update before 2020,2010s,Digital,United States,"Dartmouth college- Hanover, NH 03755",N/A,NH,USA,43.7044406,-72.2886934,2,Yes,1-5,3,2,1,2,1,1,1,No,No,No,Complete,Needs location detail review,Digital Collections/Databases/Archives; Digital Publishing & Digital Editions; Educational Resources,Newspapers/Periodicals/Black Press; U.S. History,20th Century,Independent Scholar/Individual Research; PWI (Graduate),Faculty,Data Not Available,In-Kind Support
bdph_0088,Black Research Archive on the Internet: Toward a research program for eBlack Studies,http://www.murchisoncenter.org/acrl/paper.htm,Argument for the restructuring of Black studies programs to include more technology,Unspecified,,2001,2001,Last update before 2020,Unknown,Digital,United States,"Africana Studies Program , University of Toledo, 2801 Bancroft Avenue, Suite UH 2100, Toledo, Ohio 43606 USA",TOLEDO,OH,USA,41.6578804,-83.6142374,2,Yes,1-5,2,2,1,1,1,1,1,No,No,No,Start missing/unparsed,Location detail present,Data Mining/Mapping/Visualization; Resource Hub,Black People and Technology; Black Studies,Other/Unknown,Independent Scholar/Individual Research,Faculty,Data Not Available,In-Kind Support
bdph_0089,Black Scranton Project,https://www.blackscranton.org/,Local Black public history project that puts on events and provides resources,Unspecified,,2023,2023,Updated 2023-2024,Unknown,Mixed,United States,"Scranton, PA",Scranton,N/A,N/A,41.410314,-75.661099,1,No,1-5,2,3,3,1,1,1,3,No,No,No,Start missing/unparsed,Needs location detail review,Events/Programming; Local History & Local Places,Black Communities/Urban Renewal; Black Visual and Performance Art; U.S. History,19th Century; 20th Century; 21st Century,Community Group,Community Members,Data Not Available,In-Kind Support; Merchandise/Sales; Small Donations
bdph_0090,Black Self-Publishing,https://www.americanantiquarian.org/blackpublishing/,Prototype site for project documenting self-published Black authors in the United States in the 18th and 19th century,2018,2018,Unspecified,,Unknown / unparsed,2010s,Mixed,United States,"American Antiquarian Society, 185 Salisbury St, Worcester, MA 01609",N/A,MA,USA,42.2772126,-71.81037890000002,1,No,6-10,3,6,2,1,3,1,1,No,No,Yes,Update missing/unparsed,Needs location detail review,Digital Collections/Databases/Archives; Digital Publishing & Digital Editions; Educational Resources,Black Literature; Black Men/Masculinity; Black Studies; Black Women/Feminism; Digital Humanities; U.S. History,18th Century; 19th Century,Other/Unknown,Community Members; Faculty; Library Professionals,Not Minority Run,Other/Unknown
bdph_0091,The Black Short Story Dataset - Vol. 1,https://dataverse.tdl.org/dataset.xhtml?persistentId=doi:10.18738/T8/5TBANV,Dataset of African American stories that appeared in anthologies from 1925-2017,2017,2017,2023,2023,Updated 2023-2024,2010s,Digital,United States,Texas,Texas,N/A,N/A,31.9685988,-99.9018131,1,No,Unspecified,1,1,2,1,2,1,1,No,No,No,Complete,Needs location detail review,Digital Collections/Databases/Archives,Black Literature,20th Century; 21st Century,Minority Serving Institution (Graduate),Faculty; Graduate Students,Data Not Available,Grants/Awards (Institutional/Internal)
bdph_0092,Black Solidarity Day | Brief History,https://specialcollections.hosting.nyu.edu/exhibitions/black-solidarity-day/,Digitized set of materials from historical Black Solidarity Days,Unspecified,,Unspecified,,Unknown / unparsed,Unknown,Mixed,United States,"Elmer Holmes Bobst Library, 70 Washington Square South, Floor 2 New York, NY 10012",N/A,NY,USA,40.7296301,-73.99707769999999,2,Yes,1-5,4,2,1,2,1,1,1,No,No,No,Start and update missing/unparsed,Needs location detail review,Digital Collections/Databases/Archives; Events/Programming; Exhibits & Digital Storytelling; Resource Hub,Black Activism/Advocacy; Black Communities/Urban Renewal,Other/Unknown,PWI (Graduate); University Library,Library Professionals,Data Not Available,In-Kind Support
bdph_0093,Black Sound Lab – Amplifying Black Life Through Digital Practice,http://blacksoundlab.com/,Project to support sounds/music made by Black people in the face of history,Unspecified,,2023,2023,Updated 2023-2024,Unknown,Digital,United States,"Digital Justice Lab 201 Bartlett Hall Dartmouth College Hanover, NH 03755",N/A,NH,USA,43.7030458,-72.2868936,1,No,1-5,2,1,3,2,2,1,1,No,No,No,Start missing/unparsed,Needs location detail review,Data Mining/Mapping/Visualization; Resource Hub,Other/Unknown,19th Century; 20th Century; 21st Century,PWI (Graduate); PWI (Undergraduate),Faculty; Graduate Students,Data Not Available,In-Kind Support
bdph_0094,Black Studies & Digital Humanities Dataverse,https://dataverse.tdl.org/dataverse/uta-blackstudies,Collection of Black DH datasets for academic/research use,Unspecified,,2023,2023,Updated 2023-2024,Unknown,Digital,United States,"University of Texas, Arlington 76019",University of Texas,TX,USA,32.7307465,-97.11640129999999,1,No,Unspecified,1,2,1,1,1,1,1,No,No,No,Start missing/unparsed,Location detail present,Digital Collections/Databases/Archives,Black People - Race Identity; Black Studies,Other/Unknown,Minority Serving Institution (Graduate),Other/Unknown,Data Not Available,In-Kind Support
bdph_0095,Black Studies Summer Seminar,https://blk-s3tudies.com/,"Research program for academics, artists, and archivists who want to promote Black studies",2021,2021,2023,2023,Updated 2023-2024,2020s,Mixed,Canada,"99 University Ave, Kingston, ON K7L 3N6, Canada",99 University Ave,N/A,Canada,44.2260847,-76.4942102,1,No,26-50,2,1,1,1,6,1,3,No,No,No,Complete,Location detail present,Educational Resources; Events/Programming,Black Studies,Other/Unknown,Community Group,Community Members; Faculty; Fellows and/or Postdocs; Graduate Students; Library Professionals; Museum Professionals,Data Not Available,Grants/Awards (Institutional/Internal); Grants/Awards (Professional Organizations); Grants/Awards (Public/Federal)
bdph_0096,Black Women Radicals,https://www.blackwomenradicals.com/,"Advocacy organization for Black women and gender expansive people to build engagement, dialogues, research, and education about the legacies of Black women leaders.",Unspecified,,2023,2023,Updated 2023-2024,Unknown,Digital,United States,"800 S Main St, Harrisonburg, VA 22807",N/A,VA,USA,38.4381291,-78.8701124,1,No,6-10,4,5,6,1,1,1,1,No,No,No,Start missing/unparsed,Needs location detail review,Digital Collections/Databases/Archives; Digital Publishing & Digital Editions; Events/Programming; Exhibits & Digital Storytelling,Black Activism/Advocacy; Black Women/Feminism; LBGTQIA+/Queer Studies; Politics and Government; U.S. History,16th Century; 17th Century; 18th Century; 19th Century; 20th Century; 21st Century,Community Group,Community Members,Data Not Available,In-Kind Support
bdph_0097,Black Women Writers Project,https://www.blackwomenwritersproject.com/,Collected archives of Black women writers (aiming to make these resources more accessible),43770,2019,2023,2023,Updated 2023-2024,2010s,Digital,United States,Washington DC,Washington,DC,USA,38.9071923,-77.0368707,4,Yes,1-5,3,3,2,1,1,1,2,Yes,No,Yes,Complete,Location detail present,Digital Collections/Databases/Archives; Digital Publishing & Digital Editions; Resource Hub,Black Literature; Black Women/Feminism; LBGTQIA+/Queer Studies,20th Century; 21st Century,Community Group,Community Members,BIPOC Run,In-Kind Support; Small Donations
bdph_0098,Black Women's Suffrage | DPLA,https://blackwomenssuffrage.dp.la/,Digital collection aiming to connect the suffrage movement with civil rights/Black issues,Unspecified,,Unspecified,,Unknown / unparsed,Unknown,Digital,United States,"Digital Public Library of America (at Government Center) 1 Washington Mall #1019 Boston, MA 02108",N/A,MA,USA,42.3592956,-71.0579946,1,No,6-10,2,5,2,5,1,1,3,No,No,No,Start and update missing/unparsed,Needs location detail review,Digital Collections/Databases/Archives; Educational Resources,Black Education/Black Students; Black Women/Feminism; Civil Rights Movement/Black Power; Lynching/Race Riots/Police Brutality; Transatlantic Slave Trade/Slavery,19th Century; 20th Century,Community Group; HBCU (Undergraduate); Inter-Institution Partnership; Public Library; University Library,Library Professionals,Data Not Available,Grants/Awards (Institutional/Internal); Grants/Awards (Private: Foundations/Charities); Grants/Awards (Professional Organizations)
bdph_0099,Black Writing and Thought Collection | Textual Optics Lab,https://textual-optics-lab.uchicago.edu/black_writing,Collection of thousands of texts written by Black people from the 16th century to now,2018,2018,2022,2022,Updated 2020-2022,2010s,Digital,United States,University of Chicago,University of Chicago,N/A,N/A,41.7904484,-87.6003953,3,Yes,11-25,1,1,4,1,2,1,2,No,No,No,Complete,Needs location detail review,Digital Collections/Databases/Archives,Black Literature,18th Century; 19th Century; 20th Century; 21st Century,University (Other),Digital/Design Professionals; Faculty,Data Not Available,Grants/Awards (Institutional/Internal); Paywall/Access fees
bdph_0100,"Born in Slavery: Slave Narratives from the Federal Writers’ Project, 1936-1938",https://www.loc.gov/collections/slave-narratives-from-the-federal-writers-project-1936-to-1938/about-this-collection/,Collection of first-person accounts from Black people who experienced slavery as well as photographs,Unspecified,,Unspecified,,Unknown / unparsed,Unknown,Digital,United States,"101 Independence Ave SE, Washington, DC 20540",Washington,DC,USA,38.8881592,-77.0052109,5,Yes,1-5,2,2,1,1,1,1,1,No,No,No,Start and update missing/unparsed,Location detail present,Digital Collections/Databases/Archives; Oral Histories,Transatlantic Slave Trade/Slavery; U.S. History,20th Century,Public Library,Library Professionals,Data Not Available,Grants/Awards (Public/Federal)
bdph_0101,Bronzeville Historical Society,https://bronzevillehistoricalsociety.wordpress.com/,"Historical society with a digital and physical archive, programming, and events surrounding Black history in Chicago",1999,1999,Unspecified,,Unknown / unparsed,1990s,Mixed,United States,"Parkway Ballroom building, 4455 S. King Dr. Suite 103, Chicago, IL 60653",N/A,IL,USA,41.8131381,-87.6162545,1,No,11-25,3,2,2,2,1,1,1,No,No,No,Update missing/unparsed,Needs location detail review,Digital Collections/Databases/Archives; Events/Programming; Local History & Local Places,Black Communities/Urban Renewal; U.S. History,20th Century; 21st Century,Community Group; Historical Society,Community Members,Data Not Available,Small Donations
bdph_0102,Bronx African American Oral History Project,https://research.library.fordham.edu/baahp/,Collection of oral histories surrounding the influx of Black people in the Bronx in the early 20th century,2002,2002,2022,2022,Updated 2020-2022,2000s,Digital,United States,"441 E Fordham Rd, The Bronx, NY 10458",N/A,NY,USA,40.8593949,-73.8826775,1,No,Unspecified,3,3,2,2,2,1,1,No,No,No,Complete,Needs location detail review,Digital Collections/Databases/Archives; Local History & Local Places; Oral Histories,African Diaspora/Migration; Black Communities/Urban Renewal; U.S. History,20th Century; 21st Century,PWI (Graduate); University Library,Community Members; Library Professionals,Data Not Available,In-Kind Support
bdph_0103,Building the Black Press,https://www.buildingtheblackpress.com/,Multimedia digital history project about the buildings used by Black periodicals starting from the 19th century,Unspecified,,Unspecified,,Unknown / unparsed,Unknown,Digital,Other/Unknown,UK/Chicago? (see notes),UK/Chicago? (see notes),N/A,United Kingdom,55.378051,-3.435973,1,No,1-5,2,3,3,1,1,1,2,No,No,No,Start and update missing/unparsed,Location detail present,Educational Resources; Exhibits & Digital Storytelling,Black Activism/Advocacy; Historical Landmarks/Monuments; Newspapers/Periodicals/Black Press,19th Century; 20th Century; 21st Century,Independent Scholar/Individual Research,Faculty,Data Not Available,Grants/Awards (Private: Foundations/Charities); Grants/Awards (Public/Federal)
bdph_0104,California African American Museum,https://caamuseum.org/,"Museum preserving and sharing CA-western-US-based Black art, culture, and history",1977,1977,2023,2023,Updated 2023-2024,1970s,Physical,United States,"600 State Drive, Exposition Park Los Angeles, California 90037",EXPOSITION PARK LOS ANGELES,CA,USA,34.0155033,-118.2834242,1,No,11-25,2,4,3,1,2,1,1,No,No,No,Complete,Location detail present,Educational Resources; Events/Programming,Black Activism/Advocacy; Black People - Race Identity; Black Visual and Performance Art; U.S. History,19th Century; 20th Century; 21st Century,Museum,Library Professionals; Museum Professionals,Data Not Available,Small Donations
bdph_0105,The Caribbean Commons,https://caribbean.commons.gc.cuny.edu/,"Site for Caribbean publications, CFPs, and events in the Northeast",2010,2010,2023,2023,Updated 2023-2024,2010s,Digital,United States,"94 - 20 Guy R. Brewer Blvd., Jamaica, NY 11451",N/A,NY,USA,40.7018057,-73.7960019,1,No,6-10,3,3,1,2,2,1,2,No,No,No,Complete,Needs location detail review,Digital Publishing & Digital Editions; Educational Resources; Events/Programming,African Diaspora/Migration; Caribbean History; Digital Humanities,Other/Unknown,Inter-Institution Partnership; PWI (Graduate),Faculty; Graduate Students,Data Not Available,Grants/Awards (Private: Foundations/Charities); In-Kind Support
bdph_0106,The Caribbean Diaspora Project,http://caribbeandiasporaproject.org/,History recovery project surrounding Caribbean carnival practices,43160,2018,2019,2019,Last update before 2020,2010s,Digital,Puerto Rico,"6, 2526, 601 Av. Universidad, San Juan, 00925, Puerto Rico",925,PR,USA,18.4041402,-66.051296,1,No,1-5,3,2,1,3,1,1,2,No,No,No,Complete,Location detail present,Educational Resources; Local History & Local Places; Resource Hub,African Diaspora/Migration; Caribbean History,Other/Unknown,Inter-Institution Partnership; University (Other); University Library,Faculty,Data Not Available,Grants/Awards (Public/Federal); Grants/Awards (Public: State or Local)
bdph_0107,"Caribbean, Digital History Course (multiple versions, at UWI St. Augustine)",https://uwidigitalhistory.wordpress.com/instructor-information/,Online course designed to build digital history skills with an emphasis on Caribbean history,Unspecified,,Unspecified,,Unknown / unparsed,Unknown,Digital,Trinidad and Tobago,University of the West Indies,University of the West Indies,N/A,N/A,18.0059084,-76.746836,1,No,1-5,3,2,1,1,1,1,1,No,No,No,Start and update missing/unparsed,Needs location detail review,Educational Resources; Local History & Local Places; Resource Hub,Caribbean History; Digital Humanities,Other/Unknown,Independent Scholar/Individual Research,Faculty,Data Not Available,In-Kind Support
bdph_0110,"Caribbean Review of Gender Studies (CRGS; Open Access, from IGDS, UWI St. Augustine)",https://sta.uwi.edu/crgs/,Journal published as part of the Making of Feminism in the Caribbean project focused on Caribbean feminism and the cross-cultural sharing of it,39173,2007,44531,2021,Updated 2020-2022,2000s,Digital,Trinidad and Tobago,"University of the West Indies, St. Augustine Campus",University of the West Indies,N/A,N/A,10.6415688,-61.3994983,1,No,51+,1,2,1,2,1,1,1,No,No,No,Complete,Needs location detail review,Digital Publishing & Digital Editions,Black Women/Feminism; Caribbean History,Other/Unknown,Press; University (Other),Faculty,Data Not Available,In-Kind Support
bdph_0111,Carisealand – Sustainable Caribbean Futures,https://carisealand.org/,Project focused on climate change and the sustainable future of the Caribbean,2015,2015,44287,2021,Updated 2020-2022,2010s,Digital,Other/Unknown,The Caribbean,The Caribbean,N/A,N/A,21.4691137,-78.6568942,1,No,51+,3,2,1,4,4,1,2,No,No,No,Complete,Needs location detail review,Data Mining/Mapping/Visualization; Local History & Local Places; Resource Hub,Caribbean History; Other/Unknown,Other/Unknown,Community Group; Inter-Institution Partnership; PWI (Graduate); University (Other),Community Members; Digital/Design Professionals; Faculty; Undergraduate Students,Data Not Available,Grants/Awards (Professional Organizations); In-Kind Support
bdph_0112,Cassey & Dickerson Friendship Album Project,https://lcpalbumproject.org/,Digitization project of some 19th century albums be middle-class African American women,2013,2013,2023,2023,Updated 2023-2024,2010s,Digital,United States,"Library Company of Philadelphia 1314 Locust Street, Philadelphia, PA 19107",N/A,PA,USA,39.9478102,-75.1631185,1,No,6-10,2,1,1,4,3,1,2,No,No,No,Complete,Needs location detail review,Digital Collections/Databases/Archives; Resource Hub,Black Women/Feminism,19th Century,Inter-Institution Partnership; PWI (Graduate); PWI (Undergraduate); Public Library,Graduate Students; Library Professionals; Undergraduate Students,Data Not Available,In-Kind Support; Small Donations
bdph_0113,Cataloging Africana,https://catalogingafricana.wordpress.com/,Blog aimed at Librarians or people that catalog things oriented towards Africa,2011,2011,44986,2023,Updated 2023-2024,2010s,Digital,United States,Washington DC 20540,Washington,DC,USA,38.8870502,-77.004986,1,No,1-5,2,1,1,1,1,1,1,No,No,No,Complete,Location detail present,Digital Publishing & Digital Editions; Resource Hub,African History,Other/Unknown,Inter-Institution Partnership,Library Professionals,Data Not Available,In-Kind Support
bdph_0114,Celebrating Simms: The Story of the Lucy F. Simms School,https://omeka.lib.jmu.edu/simms/,Digital companion to the physical exhibits about the life of Lucy Simms and the history of Black education in Harrisonburg,2015,2015,2023,2023,Updated 2023-2024,2010s,Mixed,United States,"620 Simms Ave, Harrisonburg, VA 22802",N/A,VA,USA,38.45450880000001,-78.8576982,1,No,6-10,3,3,3,3,5,1,2,No,No,No,Complete,Needs location detail review,Educational Resources; Exhibits & Digital Storytelling; Local History & Local Places,Black Communities/Urban Renewal; Black Education/Black Students; Black Women/Feminism,19th Century; 20th Century; 21st Century,Community Group; PWI (Undergraduate); University Library,Community Members; Faculty; Graduate Students; Library Professionals; Undergraduate Students,Data Not Available,Grants/Awards (Public: State or Local); In-Kind Support
bdph_0115,The Celia Project: A Research Collaboration on the History of Slavery and Sexual Violence,https://sites.lsa.umich.edu/celiaproject/,Multimodal research project on the impact of the case of The State of Missouri vs. Celia,2012,2012,43009,2017,Last update before 2020,2010s,Digital,United States,"Literature Science and the Arts Building, 500 S State St #2005, Ann Arbor, MI 48109",N/A,MI,USA,42.27648689999999,-83.74143889999999,4,Yes,6-10,2,5,3,3,1,1,2,No,No,No,Complete,Needs location detail review,Educational Resources; Exhibits & Digital Storytelling,Black Women/Feminism; Historical Figure; Politics and Government; Transatlantic Slave Trade/Slavery; U.S. History,19th Century; 20th Century; 21st Century,Inter-Institution Partnership; PWI (Graduate); PWI (Undergraduate),Faculty,Data Not Available,Grants/Awards (Institutional/Internal); In-Kind Support
bdph_0116,Century of Black Mormons,https://exhibits.lib.utah.edu/s/century-of-black-mormons/page/welcome,Database of information about Black mormons baptized between 1830-1930,2012,2012,Unspecified,,Unknown / unparsed,2010s,Digital,United States,"295 1500 E, Salt Lake City, UT 84112",N/A,UT,USA,40.761235,-111.8468467,1,No,51+,2,1,2,3,3,1,3,No,No,No,Update missing/unparsed,Needs location detail review,Data Mining/Mapping/Visualization; Digital Collections/Databases/Archives,Black Religions,19th Century; 20th Century,Community Group; PWI (Graduate); University Library,Community Members; Faculty; Library Professionals,Data Not Available,Grants/Awards (Private: Foundations/Charities); Grants/Awards (Professional Organizations); In-Kind Support
bdph_0117,The Charles Chesnutt Archive,https://chesnuttarchive.org/,Archive of the documents related to the life of Charles Chesnutt,1997,1997,2023,2023,Updated 2023-2024,1990s,Digital,United States,"1400 R St, Lincoln, NE 68588",N/A,NE,USA,40.8174806,-96.7004642,1,No,11-25,2,3,2,2,5,1,2,No,No,No,Complete,Needs location detail review,Digital Collections/Databases/Archives; Resource Hub,Abolitionists/Emancipation/Reconstruction; Black Literature; Black Men/Masculinity,19th Century; 20th Century,Inter-Institution Partnership; PWI (Graduate),Community Members; Faculty; Graduate Students; Library Professionals; Undergraduate Students,Data Not Available,Grants/Awards (Professional Organizations); Grants/Awards (Public/Federal)
bdph_0118,Chicago Defender Archives,https://www.chicagodefenderarchives.org/,Archive of past issues of The Chicago Defender Newspaper,2019,2019,2019,2019,Last update before 2020,2010s,Digital,United States,"4445 S. King Drive Chicago, IL 60653",N/A,IL,USA,41.8136127,-87.6160944,1,No,Unspecified,1,2,2,1,3,1,2,No,No,No,Complete,Needs location detail review,Digital Collections/Databases/Archives,Black Communities/Urban Renewal; Newspapers/Periodicals/Black Press,20th Century; 21st Century,Press,Community Members; Digital/Design Professionals; Other/Unknown,Data Not Available,Grants/Awards (Private: Foundations/Charities); Grants/Awards (Professional Organizations)
bdph_0119,"Chicory Digital Archive (Magazine of African American Poetry in Baltimore, 1966-1983)",https://collections.digitalmaryland.org/digital/collection/mdcy,Archive of issues of the Black literary magazine Chicory,2018,2018,2022,2022,Updated 2020-2022,2010s,Mixed,United States,"400 Cathedral Street Baltimore, Maryland 21201",N/A,MD,USA,39.2945197,-76.6172636,1,No,1-5,3,1,1,2,2,1,1,No,No,No,Complete,Needs location detail review,Digital Collections/Databases/Archives; Educational Resources; Exhibits & Digital Storytelling,Black Literature,20th Century,PWI (Graduate); Public Library,Faculty; Library Professionals,Data Not Available,Grants/Awards (Institutional/Internal)
bdph_0120,The Church of Black Feminist Thought,https://www.blackfeministstudy.org/,"Group of Black feminist artists that bring the words of black feminist thinkers into conversation in physical (or digital) space, visual storytelling, and illustration",2018,2018,2020,2020,Updated 2020-2022,2010s,Mixed,United States,"Ashara Ekundayo Gallery 480 23rd St, Oakland, CA 94612",N/A,CA,USA,37.8126788,-122.2682745,1,No,1-5,3,3,1,2,2,1,3,No,No,No,Complete,Needs location detail review,Art and Performance; Events/Programming; Exhibits & Digital Storytelling,Black Literature; Black Visual and Performance Art; Black Women/Feminism,Other/Unknown,Community Group; PWI (Graduate),Community Members; Faculty,Data Not Available,Grants/Awards (Private: Foundations/Charities); In-Kind Support; Small Donations
bdph_0121,Civil Rights Digital Library,https://crdl.usg.edu,The Civil Rights Digital Library Initiative represents one of the most ambitious and comprehensive efforts to date to deliver educational content on the Civil Rights Movement via the Web.,Unspecified,,2023,2023,Updated 2023-2024,Unknown,Digital,United States,"320 S Jackson St, Athens, GA 30602",N/A,GA,USA,33.9540521,-83.37378930000001,2,Yes,26-50,2,4,1,6,5,1,3,No,No,No,Start missing/unparsed,Needs location detail review,Digital Collections/Databases/Archives; Educational Resources,Black People - Race Identity; Race Relations/Racial Inequality/Racism; Transatlantic Slave Trade/Slavery; U.S. History,20th Century,HBCU (Undergraduate); Inter-Institution Partnership; Museum; PWI (Graduate); Public Library; University Library,Community Members; Digital/Design Professionals; Library Professionals; Museum Professionals; Other/Unknown,Data Not Available,Grants/Awards (Public/Federal); In-Kind Support; Small Donations
bdph_0122,Civil Rights Greensboro,https://gateway.uncg.edu/crg,"Civil Rights Greensboro provides access to archival resources documenting the modern civil rights era in Greensboro, North Carolina, from the 1940s to the early 1980s.",2019,2019,2023,2023,Updated 2023-2024,2010s,Mixed,United States,"320 College Avenue, Greensboro NC 27412-0001",Greensboro,NC,USA,36.068188,-79.809607,5,Yes,1-5,2,2,1,3,3,1,3,No,No,No,Complete,Location detail present,Digital Collections/Databases/Archives; Exhibits & Digital Storytelling,Black Visual and Performance Art; Civil Rights Movement/Black Power,20th Century,Community Group; PWI (Undergraduate); University Library,Community Members; Faculty; Library Professionals,Data Not Available,Grants/Awards (Public/Federal); In-Kind Support; Institutional Operating Budget (Internal)
bdph_0123,Civil Rights in Black and Brown,https://crbb.tcu.edu/,"Oral histories with Black, white, Anglo, and Mexican individuals surrounding the Civil Rights movement in mid-20th-century Texas.",2015,2015,2016,2016,Last update before 2020,2010s,Digital,United States,"TCU Box 298400 Fort Worth, TX 76129",N/A,TX,USA,32.7087439,-97.3617845,1,No,11-25,1,1,1,2,3,1,5,No,No,No,Complete,Needs location detail review,Oral Histories,Civil Rights Movement/Black Power,20th Century,Inter-Institution Partnership; PWI (Graduate),Faculty; Graduate Students; Library Professionals,Data Not Available,Grants/Awards (Private: Foundations/Charities); Grants/Awards (Professional Organizations); Grants/Awards (Public/Federal); In-Kind Support; Small Donations
bdph_0124,Civil Rights in Mississippi Digital Archive,https://www.digitalcollections.usm.edu/,"Multimedia archive from the University of Southern Mississippi, featuring The Civil Rights in Mississippi Digital Archive and more.",1999,1999,Unspecified,,Unknown / unparsed,1990s,Digital,United States,"118 College Drive #5054 Hattiesburg, MS 39406-5148",N/A,MS,USA,31.3287871,-89.3296996,1,No,1-5,3,2,1,1,1,1,2,No,No,No,Update missing/unparsed,Needs location detail review,Digital Collections/Databases/Archives; Local History & Local Places; Resource Hub,Black Activism/Advocacy; Civil Rights Movement/Black Power,20th Century,University Library,Library Professionals,Data Not Available,Grants/Awards (Public/Federal); Institutional Operating Budget (Internal)
bdph_0125,"Civil Rights in Southeast North Carolina: The School, the Market, and the Ballot Box",https://digitalcollections.uncw.edu/digital/collection/p17190coll13,Digital collection on the civil rights movement in Southeastern North Carolina.,Unspecified,,Unspecified,,Unknown / unparsed,Unknown,Mixed,United States,"601 S. College Rd., Wilmington, NC 28403-5681",N/A,NC,USA,34.2266437,-77.878762,1,No,1-5,1,2,1,1,1,1,2,No,No,No,Start and update missing/unparsed,Needs location detail review,Digital Collections/Databases/Archives,Civil Rights Movement/Black Power; Segregation,20th Century,University Library,Library Professionals,Data Not Available,Grants/Awards (Public: State or Local); Institutional Operating Budget (Internal)
bdph_0126,Claude & ZerNona Black digital exhibit,https://history.coateslibrary.com/exhibits/show/exhibit/home,Digital archive/exhibit of documentation of the lives of community activists Claude and ZerNona Black,2018,2018,2018,2018,Last update before 2020,2010s,Mixed,United States,"One Trinity Place, San Antonia, Texas 78212",SAN ANTONIA,TX,USA,29.461527,-98.4825736,1,No,11-25,2,4,1,1,3,1,2,No,No,No,Complete,Location detail present,Digital Collections/Databases/Archives; Exhibits & Digital Storytelling,Black Men/Masculinity; Black Religions; Black Women/Feminism; Civil Rights Movement/Black Power,20th Century,University Library,Faculty; Library Professionals; Undergraduate Students,Data Not Available,In-Kind Support; Institutional Operating Budget (Internal)
bdph_0127,Claude McKay’s Early Poetry (1911-1922),https://scalar.lehigh.edu/mckay/index,Collection and analysis of Claude McKay's early Jamaican poetry,2015,2015,2022,2022,Updated 2020-2022,2010s,Digital,United States,"35 Sayre Dr, Bethlehem, PA 18015",N/A,PA,USA,40.6057075,-75.3772639,6,Yes,Unspecified,2,2,1,1,2,1,1,No,No,No,Complete,Needs location detail review,Digital Collections/Databases/Archives; Educational Resources,Black Literature; Black Men/Masculinity,20th Century,PWI (Undergraduate),Faculty; Graduate Students,Data Not Available,In-Kind Support
bdph_0128,Climates of Inequality,https://climatesofinequality.org/,Public memory project about environmental injustice and the burdens of the climate crisis,Unspecified,,2022,2022,Updated 2020-2022,Unknown,Mixed,United States,"Humanities action lab, Newark, NJ 07102",N/A,NJ,USA,40.7350747,-74.17390569999999,1,No,11-25,4,1,1,3,4,1,1,No,No,No,Start missing/unparsed,Needs location detail review,Events/Programming; Exhibits & Digital Storytelling; Local History & Local Places; Oral Histories,Other/Unknown,Other/Unknown,Community Group; Minority Serving Institution (Undergraduate); Other/Unknown,Community Members; Faculty; Graduate Students; Undergraduate Students,Data Not Available,Grants/Awards (Institutional/Internal)
bdph_0129,The Coalition to Remember the 1906 Atlanta Race Massacre,https://1906atlracemassacre.org/index.html,Multimodal community group that presents on Atlanta's 1906 Race Massacre,Unspecified,,2022,2022,Updated 2020-2022,Unknown,Mixed,United States,"Southern Truth And Reconciliation, Atlanta, GA 31107",N/A,GA,USA,33.75,-84.39,1,No,11-25,3,1,1,2,2,1,1,No,No,No,Start missing/unparsed,Needs location detail review,Events/Programming; Exhibits & Digital Storytelling; Local History & Local Places,Lynching/Race Riots/Police Brutality,20th Century,Community Group; HBCU (Undergraduate),Community Members; Faculty,Data Not Available,In-Kind Support
bdph_0130,Community Futures,https://futureslab.community/,Community storytelling group from North Philly chronicling the history of the area,Unspecified,,Unspecified,,Unknown / unparsed,Unknown,Digital,United States,North Philadelphia,North Philadelphia,N/A,N/A,40.0145387,-75.1311264,1,No,Unspecified,5,1,2,1,1,1,1,No,No,No,Start and update missing/unparsed,Needs location detail review,Digital Collections/Databases/Archives; Events/Programming; Exhibits & Digital Storytelling; Local History & Local Places; Oral Histories,Black People - Race Identity,20th Century; 21st Century,Community Group,Community Members,Data Not Available,In-Kind Support
bdph_0131,Compton 125 Historical Society,http://www.compton125historicalsociety.org/,Historical Society supporting the Compton community,2013,2013,2015,2015,Last update before 2020,2010s,Digital,United States,The Compton 125 Historical Society 925 East Rosecrans Ave Compton CA 90221,The Compton 125 Historical Society 925 East Rosecrans Ave Compton,CA,USA,33.9034206,-118.2241249,1,No,Unspecified,3,1,3,1,1,1,1,No,No,No,Complete,Location detail present,Digital Collections/Databases/Archives; Events/Programming; Local History & Local Places,U.S. History,19th Century; 20th Century; 21st Century,Community Group,Community Members,Data Not Available,In-Kind Support
bdph_0132,Colored Conventions Project,https://coloredconventions.org/,"A collaborative project documenting Black organising conventions (1830-1900) through crowdsourced transcription, searchable databases, and exhibits.",2012,2012,2024,2024,Updated 2023-2024,2010s,Digital,United States,"W317 Pattee Library, University Park PA 16802",University Park,PA,USA,40.8084075,-77.8638835,2,Yes,26-50,4,3,1,2,4,1,2,Yes,No,Yes,Complete,Location detail present,Digital Collections/Databases/Archives; Educational Resources; Events/Programming; Exhibits & Digital Storytelling,Black Activism/Advocacy; Black Education/Black Students; Black Studies,19th Century,PWI (Graduate); PWI (Undergraduate),Digital/Design Professionals; Faculty; Graduate Students; Undergraduate Students,BIPOC Run,Grants/Awards (Private: Foundations/Charities); Grants/Awards (Public/Federal)
bdph_0133,Contemporary Monuments to the Slave Past,http://slaverymonuments.org/,Global database of monuments related to slavery,Unspecified,,Unspecified,,Unknown / unparsed,Unknown,Digital,United States,University of Maryland 20742,University of Maryland 20742,MD,USA,38.9869183,-76.9425543,3,Yes,1-5,3,4,1,1,1,1,1,No,No,No,Start and update missing/unparsed,Location detail present,Data Mining/Mapping/Visualization; Educational Resources; Exhibits & Digital Storytelling,Black Men/Masculinity; Black Women/Feminism; Historical Landmarks/Monuments; Transatlantic Slave Trade/Slavery,Other/Unknown,Independent Scholar/Individual Research,Faculty,Data Not Available,In-Kind Support
bdph_0134,Cornell Hip Hop Collection,https://rmc.library.cornell.edu/hiphop/index.php,Multimedia archive chronicling hip hop culture,2007,2007,2021,2021,Updated 2020-2022,2000s,Mixed,United States,"Rare and Manuscript Collections 2B Carl A. Kroch Library Ithaca, NY 14853",N/A,NY,USA,42.4477741,-76.4841596,1,No,Unspecified,3,1,2,1,1,1,1,No,No,No,Complete,Needs location detail review,Digital Collections/Databases/Archives; Educational Resources; Events/Programming,Black Music,20th Century; 21st Century,University Library,Library Professionals,Data Not Available,Grants/Awards (Institutional/Internal)
bdph_0135,Create Caribbean Research Institute,https://createcaribbean.org/create/,Dominica/Caribbean humanities research center,2016,2016,2023,2023,Updated 2023-2024,2010s,Digital,Dominican Republic,"Dominica State College South Block, Stockfarm Campus P.O. Box 2066 Roseau, Dominica",Dominica State College South Block,N/A,N/A,15.3100417,-61.37906330000001,1,No,Unspecified,4,1,1,1,4,1,1,No,No,No,Complete,Needs location detail review,Events/Programming; Exhibits & Digital Storytelling; Local History & Local Places; Oral Histories,Caribbean History,Other/Unknown,University (Other),Community Members; Digital/Design Professionals; Faculty; Undergraduate Students,Data Not Available,In-Kind Support
bdph_0136,The Crisis (1911-1922),https://modjourn.org/journal/crisis/,Archive of issues of W. E. B. Du Bois' Crisis,1995,1995,2018,2018,Last update before 2020,1990s,Digital,United States,Brown University 02912,Brown University 02912,N/A,USA,41.8267718,-71.4025482,5,Yes,Unspecified,3,3,1,2,2,1,1,No,No,No,Complete,Location detail present,Data Mining/Mapping/Visualization; Digital Collections/Databases/Archives; Educational Resources,Black Literature; Black Men/Masculinity; Newspapers/Periodicals/Black Press,20th Century,PWI (Graduate); PWI (Undergraduate),Faculty; Library Professionals,Data Not Available,Grants/Awards (Institutional/Internal)
bdph_0137,Crossroads at Clarksdale,https://uncpress.org/9781469619002/crossroads-at-clarksdale/,Book-connected website about the fight for Black freedom in midcentury Mississippi,Unspecified,,2012,2012,Last update before 2020,Unknown,Digital,United States,Brown University,Brown University,N/A,N/A,41.8267718,-71.4025482,5,Yes,Unspecified,4,1,2,2,3,1,1,No,No,No,Start missing/unparsed,Needs location detail review,Data Mining/Mapping/Visualization; Educational Resources; Exhibits & Digital Storytelling; Local History & Local Places,Civil Rights Movement/Black Power,20th Century; 21st Century,PWI (Undergraduate); University Library,Faculty; Library Professionals; Undergraduate Students,Data Not Available,Grants/Awards (Institutional/Internal)
bdph_0138,The Crossroads Project,https://crossroads.princeton.edu/,Academic resource for the study of Black religion,2021,2021,2023,2023,Updated 2023-2024,2020s,Digital,United States,"Center for Culture, Society, and Religion 3-C-7 Green Hall Princeton University Princeton, NJ 08544",N/A,NJ,USA,40.3498209,-74.6560603,1,No,Unspecified,2,2,1,1,2,1,1,No,No,No,Complete,Needs location detail review,Educational Resources; Events/Programming,Black People - Race Identity; Black Religions,Other/Unknown,PWI (Undergraduate),Faculty; Fellows and/or Postdocs,Data Not Available,Grants/Awards (Private: Foundations/Charities)
bdph_0139,Cultural Encyclopedia,http://www.culturalencyclopaedia.org/,Reinterpreting of a collection of information about Africa as a whole,Unspecified,,Unspecified,,Unknown / unparsed,Unknown,Digital,Ghana,Ghana,Ghana,N/A,Ghana,7.946527,-1.023194,1,No,Unspecified,2,2,1,1,2,1,1,No,No,No,Start and update missing/unparsed,Location detail present,Digital Collections/Databases/Archives; Educational Resources,African History; Black People - Race Identity,Other/Unknown,Independent Scholar/Individual Research,Community Members; Other/Unknown,Data Not Available,In-Kind Support
bdph_0140,Crispus Attucks Museum,https://ulib.iupui.edu/digitalcollections/CAttucks,Archive of documents from the first Black high school in Indianapolis,Unspecified,,Unspecified,,Unknown / unparsed,Unknown,Digital,United States,"755 W. Michigan Street Indianapolis, IN 46202",N/A,IN,USA,39.7729955,-86.1721257,3,Yes,Unspecified,3,1,1,1,1,1,1,No,No,No,Start and update missing/unparsed,Needs location detail review,Digital Collections/Databases/Archives; Educational Resources; Exhibits & Digital Storytelling,Black Education/Black Students,20th Century,University Library,Library Professionals,Data Not Available,Grants/Awards (Private: Foundations/Charities)
bdph_0141,Critical Race and Digital Studies,https://www.criticalracedigitalstudies.com/,Research organization focused on the intersection of identity and technology,Unspecified,,Unspecified,,Unknown / unparsed,Unknown,Digital,United States,"New York University 246 Greene Street, Floor 5E New York, NY 10003",N/A,NY,USA,40.7301279,-73.9948173,1,No,51+,2,2,1,3,4,1,1,No,No,No,Start and update missing/unparsed,Needs location detail review,Digital Publishing & Digital Editions; Educational Resources,Other/Unknown; Race Relations/Racial Inequality/Racism,Other/Unknown,Independent Scholar/Individual Research; Inter-Institution Partnership; Other/Unknown,Faculty; Fellows and/or Postdocs; Graduate Students; Other/Unknown,Data Not Available,In-Kind Support
bdph_0142,Crunk Feminist Collective,http://www.crunkfeministcollective.com/,Hub for the study of and conversations about feminist crunk and hip hop culture,2010,2010,2021,2021,Updated 2020-2022,2010s,Digital,United States,University of Alabama,University of Alabama,N/A,N/A,33.214024,-87.539139,1,No,6-10,2,2,1,2,2,1,1,No,No,No,Complete,Needs location detail review,Educational Resources; Events/Programming,Black Music; Black Women/Feminism,21st Century,Inter-Institution Partnership; Minority Serving Institution (Undergraduate),Faculty; Graduate Students,Data Not Available,In-Kind Support
bdph_0143,Dark Laboratory,https://www.darklaboratory.com/,"Storytelling lab exploring the intersection of ""Native sovereignty and Black enslavement""",2020,2020,2023,2023,Updated 2023-2024,2020s,Digital,United States,NYC,NYC,N/A,N/A,40.7127753,-74.0059728,12,Yes,26-50,3,3,1,1,5,1,1,No,No,No,Complete,Needs location detail review,Educational Resources; Events/Programming; Exhibits & Digital Storytelling,Black Visual and Performance Art; Other/Unknown; Transatlantic Slave Trade/Slavery,Other/Unknown,Community Group,Community Members; Faculty; Graduate Students; Museum Professionals; Undergraduate Students,Data Not Available,In-Kind Support
bdph_0144,Data 4 Black Lives,https://d4bl.org/,Advocacy group helping support the use of data for good in Black communities/organizations,2017,2017,2023,2023,Updated 2023-2024,2010s,Digital,United States,"77 Massachusetts Ave, Cambridge, MA 02139",N/A,MA,USA,42.359143,-71.09355839999999,2,Yes,Unspecified,2,1,1,1,2,1,1,No,No,No,Complete,Needs location detail review,Educational Resources; Events/Programming,Black People and Technology,21st Century,Other/Unknown,Digital/Design Professionals; Fellows and/or Postdocs,Data Not Available,In-Kind Support
bdph_0145,Data Fail: Teaching Data Literacy with African Diaspora Digital Humanities,https://jitp.commons.gc.cuny.edu/data-fail-teaching-data-literacy-with-african-diaspora-digital-humanities/,Piece about the use of data in the study of African Diaspora Digital Humanities,2020,2020,2023,2023,Updated 2023-2024,2020s,Digital,United States,Salem State University,Salem State University,N/A,N/A,42.5031455,-70.8907598,1,No,51+,1,3,1,1,2,1,1,No,No,No,Complete,Needs location detail review,Other/Unknown,African Diaspora/Migration; Black Studies; Other/Unknown,Other/Unknown,Press,Faculty; Graduate Students,Data Not Available,In-Kind Support
bdph_0146,The David Walker Lupton African American Cookbook Collection,https://www.lib.ua.edu/collections/the-david-walker-lupton-african-american-cookbook-collection/,Cookbook collection exploring the connection between Black food and culture,Unspecified,,2011,2011,Last update before 2020,Unknown,Mixed,United States,"University Libraries Box 870266 Tuscaloosa, AL 35487-0266",N/A,AL,USA,33.1672222,-87.55198999999999,1,No,Unspecified,3,1,3,1,1,1,1,No,No,No,Start missing/unparsed,Needs location detail review,Data Mining/Mapping/Visualization; Educational Resources; Local History & Local Places,Black People - Race Identity,19th Century; 20th Century; 21st Century,University Library,Library Professionals,Data Not Available,Institutional Operating Budget (Internal)
bdph_0148,dc1968 project,https://www.dc1968project.com/,Collection of documents from 1968 Washington DC,2018,2018,2021,2021,Updated 2020-2022,2010s,Digital,United States,Washington DC,Washington,DC,USA,38.9071923,-77.0368707,4,Yes,1-5,3,3,1,1,1,1,1,No,No,No,Complete,Location detail present,Digital Collections/Databases/Archives; Exhibits & Digital Storytelling; Local History & Local Places,Black Communities/Urban Renewal; Black Men/Masculinity; Civil Rights Movement/Black Power,20th Century,Independent Scholar/Individual Research,Community Members,Data Not Available,In-Kind Support
bdph_0149,The Diaspora Solidarities Lab,https://www.dslprojects.org/,Inter-university partnership that works to support work/research about the Black (feminist) diaspora,Unspecified,,2023,2023,Updated 2023-2024,Unknown,Mixed,United States,Unknown,Unknown,N/A,N/A,-33.884979,151.191406,1,No,26-50,2,2,1,2,4,1,1,No,No,No,Start missing/unparsed,Needs location detail review,Educational Resources; Events/Programming,African Diaspora/Migration; Black Women/Feminism,Other/Unknown,Community Group; University (Other),Community Members; Faculty; Graduate Students; Undergraduate Students,Data Not Available,Grants/Awards (Private: Foundations/Charities)
bdph_0150,Digital Aponte,https://digital-aponte.github.io/,Multimodal platform designed to explore the artistic work by antislavery revolutionist José Antonio Aponte,2015,2015,2020,2020,Updated 2020-2022,2010s,Digital,United States,NYU,NYU,N/A,N/A,40.72951339999999,-73.9964609,2,Yes,6-10,3,4,2,1,2,1,1,No,No,No,Complete,Needs location detail review,Digital Collections/Databases/Archives; Digital Publishing & Digital Editions; Local History & Local Places,Black Men/Masculinity; Black Visual and Performance Art; Historical Figure; Transatlantic Slave Trade/Slavery,18th Century; 19th Century,PWI (Undergraduate),Faculty; Graduate Students,Data Not Available,In-Kind Support
bdph_0151,Digital Archaeological Archive of Comparative Slavery,https://www.daacs.org/,Archive of archaeological finds related to the history of slavery in the American South and Caribbean,Unspecified,,Unspecified,,Unknown / unparsed,Unknown,Mixed,United States,"1050 Monticello Loop Charlottesville, VA 22902",N/A,VA,USA,38.0055303,-78.45242809999999,1,No,Unspecified,3,1,5,1,3,1,1,No,No,No,Start and update missing/unparsed,Needs location detail review,Data Mining/Mapping/Visualization; Digital Collections/Databases/Archives; Local History & Local Places,Transatlantic Slave Trade/Slavery,15th Century; 16th Century; 17th Century; 18th Century; 19th Century,Museum,Community Members; Faculty; Museum Professionals,Data Not Available,Grants/Awards (Private: Foundations/Charities)
bdph_0152,The Digital Colored American Magazine,http://coloredamerican.org/,Public domain alternative to accessing The Colored American magazine,2017,2017,2023,2023,Updated 2023-2024,2010s,Digital,United States,College of St. Rose 12203,College of St. Rose 12203,N/A,USA,42.6643076,-73.78667469999999,1,No,11-25,2,3,1,1,2,1,1,No,No,Yes,Complete,Location detail present,Digital Collections/Databases/Archives; Local History & Local Places,Black Literature; Black People - Race Identity; Newspapers/Periodicals/Black Press,20th Century,Inter-Institution Partnership,Faculty; Library Professionals,Not Minority Run,In-Kind Support
bdph_0153,Digital Diasporas,https://archive.mith.umd.edu/diaspora2008/,Conference about the study of the African diaspora within digital humanities,2008,2008,2008,2008,Last update before 2020,2000s,Physical,United States,"University of Maryland, College Park, MD 20742",N/A,MD,USA,38.9869183,-76.9425543,3,Yes,11-25,1,2,1,1,2,1,1,No,No,No,Complete,Needs location detail review,Events/Programming,African Diaspora/Migration; Digital Humanities,Other/Unknown,Minority Serving Institution (Undergraduate),Community Members; Faculty,Data Not Available,In-Kind Support
bdph_0154,Digital Harlem,http://digitalharlem.org/,Map chronicling the average lives of Black people in Harlem in the early 1900s,2007,2007,Unspecified,,Unknown / unparsed,2000s,Digital,Australia,University of Sydney,University of Sydney,N/A,N/A,-33.8884041,151.1867648,1,No,Unspecified,2,2,1,2,1,1,1,No,No,No,Update missing/unparsed,Needs location detail review,Data Mining/Mapping/Visualization; Digital Collections/Databases/Archives,Black Communities/Urban Renewal; Newspapers/Periodicals/Black Press,20th Century,University (Other); University Library,Faculty,Data Not Available,Grants/Awards (Public/Federal)
bdph_0155,Digital Library of the Caribbean (dLOC),https://www.dloc.com/,Collection of various archives related to the Caribbean,2004,2004,2022,2022,Updated 2020-2022,2000s,Digital,United States,"11200 SW 8th St, Miami, FL 33199",N/A,FL,USA,25.7567562,-80.37775090000001,3,Yes,51+,3,2,1,1,1,1,1,No,No,No,Complete,Needs location detail review,Digital Collections/Databases/Archives; Educational Resources; Local History & Local Places,Caribbean History; Newspapers/Periodicals/Black Press,Other/Unknown,University Library,Library Professionals,Data Not Available,In-Kind Support
bdph_0156,Digital Library on American Slavery,http://dlas.uncg.edu/,Collection of databases of archival materials related to US slavery,2009,2009,2022,2022,Updated 2020-2022,2000s,Digital,United States,"320 College Ave, Greensboro, NC 27412",N/A,NC,USA,36.068188,-79.809607,5,Yes,1-5,3,1,2,1,2,1,1,No,No,No,Complete,Needs location detail review,Digital Collections/Databases/Archives; Educational Resources; Local History & Local Places,Transatlantic Slave Trade/Slavery,18th Century; 19th Century,University Library,Fellows and/or Postdocs; Library Professionals,Data Not Available,Grants/Awards (Professional Organizations)
bdph_0157,Digital Nollywood,https://digitalnollywood.ku.edu/,Archive of materials related to the Nigerian film industry,2018,2018,Unspecified,,Unknown / unparsed,2010s,Digital,United States,"1440 Jayhawk Blvd. Bailey Hall 11B, Lawrence Kansas, 66045, US",N/A,KS,USA,38.9577144,-95.24631550000001,1,No,1-5,4,2,1,1,1,1,1,No,No,No,Update missing/unparsed,Needs location detail review,Data Mining/Mapping/Visualization; Digital Collections/Databases/Archives; Local History & Local Places; Oral Histories,African History; Black Film,Other/Unknown,Independent Scholar/Individual Research,Faculty,Data Not Available,In-Kind Support
bdph_0158,Digital Schomburg,https://www.nypl.org/about/locations/schomburg/digital-schomburg,Collection of multimodal materials on the Black experience,Unspecified,,2023,2023,Updated 2023-2024,Unknown,Digital,United States,"515 Malcolm X Boulevard New York, NY 10037-1801",N/A,NY,USA,40.8146271,-73.9409189,1,No,6-10,4,1,5,1,1,1,5,No,No,No,Start missing/unparsed,Needs location detail review,Digital Collections/Databases/Archives; Educational Resources; Exhibits & Digital Storytelling; Oral Histories,Black People - Race Identity,17th Century; 18th Century; 19th Century; 20th Century; 21st Century,Public Library,Library Professionals,Data Not Available,Grants/Awards (Private: Corporate/Individual Sponsors); Grants/Awards (Private: Foundations/Charities); Grants/Awards (Public/Federal); Grants/Awards (Public: State or Local); Small Donations
bdph_0159,Digitizing Diaspora,http://digitizingdiaspora.com/,Archive of materials tracking the travels of important figures in the Black diaspora,Unspecified,,Unspecified,,Unknown / unparsed,Unknown,Digital,United States,"Tuscon, AZ 85721",N/A,AZ,USA,32.2332841,-110.9488008,1,No,1-5,2,1,1,1,1,1,1,No,No,No,Start and update missing/unparsed,Needs location detail review,Digital Collections/Databases/Archives; Other/Unknown,African Diaspora/Migration,Other/Unknown,Independent Scholar/Individual Research,Faculty,Data Not Available,In-Kind Support
bdph_0160,Distributed AI Research Institute,https://www.dair-institute.org/,"Organization that researches AI outside of unethical, Big Tech settings",2021,2021,Unspecified,,Unknown / unparsed,2020s,Digital,United States,"Stanford, CA",Stanford,N/A,N/A,37.42410599999999,-122.1660756,1,No,6-10,2,3,1,1,4,1,2,No,No,No,Update missing/unparsed,Needs location detail review,Educational Resources; Resource Hub,Black People and Technology; Black Studies; Race Relations/Racial Inequality/Racism,Other/Unknown,Community Group,Community Members; Digital/Design Professionals; Faculty; Fellows and/or Postdocs,Data Not Available,Grants/Awards (Private: Foundations/Charities); Small Donations
bdph_0161,Diversifying the Digital Historical Record,http://diversifyingthedigital.org/,Series of forums to discuss community archives and the diversifying of resources,Unspecified,,2023,2023,Updated 2023-2024,Unknown,Digital,Other/Unknown,"University of California, Los Angeles, CA",University of California,N/A,N/A,34.125381,-118.471901,1,No,Unspecified,2,1,1,1,2,1,1,No,No,No,Start missing/unparsed,Needs location detail review,Digital Collections/Databases/Archives; Events/Programming,Other/Unknown,Other/Unknown,Community Group,Faculty; Library Professionals,Data Not Available,Other/Unknown
bdph_0162,DocSouth / DocSouth Data,https://docsouth.unc.edu/docsouthdata/,Collection of digitized items of Southern-perspective US history,Unspecified,,Unspecified,,Unknown / unparsed,Unknown,Mixed,United States,"208 Raleigh Street CB #3916 Chapel Hill, NC 27515-8890",N/A,NC,USA,35.9109845,-79.0479216,4,Yes,Unspecified,3,3,1,2,1,1,1,No,No,No,Start and update missing/unparsed,Needs location detail review,Digital Collections/Databases/Archives; Educational Resources; Oral Histories,Black Religions; Black Soldiers/American Civil War; Transatlantic Slave Trade/Slavery,Other/Unknown,Community Group; University (Other),Library Professionals,Data Not Available,Grants/Awards (Institutional/Internal)
bdph_0163,Documenting Africans in Trans-Atlantic Slavery (DATAS),https://documentingafricans.blogspot.com/,Research project on different ethnicities and how they were affected during the Trans-Atlantic slave trade,Unspecified,,2020,2020,Updated 2020-2022,Unknown,Digital,Canada,"York University, Toronto, Canada",York University,N/A,Canada,43.7734535,-79.50186839999999,1,No,26-50,2,1,4,1,2,1,1,No,No,No,Start missing/unparsed,Location detail present,Digital Collections/Databases/Archives; Resource Hub,Transatlantic Slave Trade/Slavery,16th Century; 17th Century; 18th Century; 19th Century,Inter-Institution Partnership,Faculty; Graduate Students,Data Not Available,Grants/Awards (Public/Federal)
bdph_0164,Documenting The Now,http://www.docnow.io/,Organization supporting the public's use of social media to make change and record history by developing digital tools,Unspecified,,Unspecified,,Unknown / unparsed,Unknown,Mixed,United States,"Shift Collective / Shift Design in New Orleans, LA 70117",Shift Design,IN,USA,29.9682679,-90.03265309999999,1,No,6-10,2,2,1,1,3,1,2,No,No,No,Start and update missing/unparsed,Location detail present,Events/Programming; Resource Hub,Digital Humanities; U.S. History,21st Century,Community Group,Community Members; Digital/Design Professionals; Faculty,Data Not Available,Grants/Awards (Private: Foundations/Charities); Grants/Awards (Professional Organizations)
bdph_0165,Documenting Venture Smith Project,https://www.venturesmith.org/,Documentation of the life of freed slave Venture Smith,2005,2005,Unspecified,,Unknown / unparsed,2000s,Digital,United States,"Beecher House Center for Civil Rights Documenting Venture Smith Project PO Box 2975 New Have, CT 06515",N/A,CT,USA,41.308274,-72.9278835,2,Yes,1-5,3,2,2,1,2,1,3,No,No,No,Update missing/unparsed,Needs location detail review,Events/Programming; Exhibits & Digital Storytelling; Local History & Local Places,Black Men/Masculinity; Transatlantic Slave Trade/Slavery,18th Century; 19th Century,Inter-Institution Partnership,Community Members; Faculty,Data Not Available,In-Kind Support; Merchandise/Sales; Small Donations
bdph_0166,Douglass Day,https://douglassday.org/,Organization that celebrates Frederick Douglass' Birthday by transcribing the works of Black people,2017,2017,2023,2023,Updated 2023-2024,2010s,Digital,United States,Penn State University 16802,Penn State University 16802,N/A,USA,40.8084075,-77.8638835,2,Yes,26-50,2,3,2,1,4,1,2,No,No,No,Complete,Location detail present,Digital Collections/Databases/Archives; Events/Programming,Black Men/Masculinity; Black People - Race Identity; U.S. History,19th Century; 20th Century,Community Group,Community Members; Faculty; Fellows and/or Postdocs; Graduate Students,Data Not Available,Grants/Awards (Professional Organizations); In-Kind Support
bdph_0167,Dunham's Data: Katherine Dunham and Digital Methods for Dance Historical Inquiry,https://dunhamsdata.org/,"Dunham’s Data explores the kinds of questions and problems that make the analysis and visualization of data meaningful for dance history, through the case study of 20th century African American choreographer Katherine Dunham.",43313,2018,45041,2023,Updated 2023-2024,2010s,Mixed,United Kingdom,"62-64 Eton Avenue, London, NW3 3HY",62-64 Eton Avenue,N/A,United Kingdom,51.5443442,-0.1737658,1,No,1-5,3,3,1,1,2,1,2,No,Yes,Yes,Complete,Location detail present,Data Mining/Mapping/Visualization; Digital Collections/Databases/Archives; Resource Hub,Black Visual and Performance Art; Black Women/Feminism; Historical Figure,20th Century,Inter-Institution Partnership,Faculty; Fellows and/or Postdocs,Women Run,Grants/Awards (Public/Federal); In-Kind Support
bdph_0168,Early Caribbean Digital Archive,https://ecda.northeastern.edu/,Archive of materials detailing the slavery-informed society of the pre-20th-century Caribbean,2011,2011,2023,2023,Updated 2023-2024,2010s,Digital,United States,"360 Huntington Ave., Boston, Massachusetts 02115",BOSTON,MA,USA,42.3403691,-71.089389,1,No,11-25,2,2,5,1,4,1,3,No,No,No,Complete,Location detail present,Digital Collections/Databases/Archives; Resource Hub,Colonialism & Post-Colonialism/Decolonization; Transatlantic Slave Trade/Slavery,15th Century; 16th Century; 17th Century; 18th Century; 19th Century,University (Other),Faculty; Graduate Students; Library Professionals; Undergraduate Students,Data Not Available,Grants/Awards (Institutional/Internal); Grants/Awards (Professional Organizations); Grants/Awards (Public/Federal)
bdph_0169,eBlack Studies,https://www.alkalimat.org/eblackstudies/,Resource for those looking to learn about Black studies,2000,2000,2021,2021,Updated 2020-2022,2000s,Digital,United States,University of Illinois at Urbana–Champaign 61820,N/A,IL,USA,40.1019523,-88.2271615,2,Yes,1-5,3,1,1,1,1,1,1,No,No,No,Complete,Needs location detail review,Data Mining/Mapping/Visualization; Events/Programming; Resource Hub,Black Studies,Other/Unknown,Independent Scholar/Individual Research,Faculty,Data Not Available,In-Kind Support
bdph_0170,eBlackCU: A Collaborative Portal on African American Experiences in Champaign-Urbana,http://eblackcu.net/portal/,"Includes information and archival sources related to African American life, history, and culture in the cities of Champaign-Urbana, Illinois, with a major focus being knowledge produced at the University of Illinois on the local Black experiences. Sources of content include area libraries and archives, as well as churches and private citizens.",2009,2009,2013,2013,Last update before 2020,2000s,Digital,United States,"Library and Information Science Building, 501 E Daniel St, Champaign, IL 61820",N/A,IL,USA,40.1076695,-88.23147399999999,1,No,51+,4,3,3,2,3,1,2,Yes,No,Yes,Complete,Needs location detail review,Digital Collections/Databases/Archives; Events/Programming; Local History & Local Places; Oral Histories,Black Studies; Black Visual and Performance Art; U.S. History,19th Century; 20th Century; 21st Century,Community Group; Inter-Institution Partnership,Community Members; Faculty; Undergraduate Students,BIPOC Run,Grants/Awards (Institutional/Internal); In-Kind Support
bdph_0171,Editorial Networks of the Antebellum African American Press,http://jim-casey.com/enap/,Collection of information about Antebellum-era Black publications,2017,2017,Unspecified,,Unknown / unparsed,2010s,Digital,United States,University of Delaware 19716,University of Delaware 19716,DE,USA,39.6809151,-75.7523313,3,Yes,51+,3,1,1,1,1,1,1,No,No,No,Update missing/unparsed,Location detail present,Educational Resources; Local History & Local Places; Resource Hub,Newspapers/Periodicals/Black Press,19th Century,Independent Scholar/Individual Research,Faculty,Data Not Available,In-Kind Support
bdph_0172,Eleven Names Project,https://eleven-names.com/,Researching slavery in Massachusetts with a special focus on Plymouth County.,2021,2021,2023,2023,Updated 2023-2024,2020s,Digital,United States,"Rockland, Massachusetts",Rockland,N/A,N/A,42.1306563,-70.9161551,1,No,1-5,2,3,3,1,1,1,1,No,No,Yes,Complete,Needs location detail review,Digital Collections/Databases/Archives; Local History & Local Places,Black Soldiers/American Civil War; Black Women/Feminism; Transatlantic Slave Trade/Slavery,17th Century; 18th Century; 19th Century,Independent Scholar/Individual Research,Community Members,Not Minority Run,In-Kind Support
bdph_0173,Emmett Till Memory Project,https://tillapp.emmett-till.org/,"Virtual memorials for Emmett Till created in response to the vandalized, physical versions",2014,2014,2023,2023,Updated 2023-2024,2010s,Digital,United States,"120 N Court St, Sumner, MS 38957",N/A,MS,USA,33.9711829,-90.3697231,1,No,1-5,4,3,1,1,2,1,4,No,No,No,Complete,Needs location detail review,Digital Collections/Databases/Archives; Educational Resources; Local History & Local Places; Resource Hub,Black Men/Masculinity; Historical Figure; Historical Landmarks/Monuments,20th Century,Inter-Institution Partnership,Faculty; Other/Unknown,Data Not Available,Grants/Awards (Institutional/Internal); Grants/Awards (Public/Federal); Institutional Operating Budget (Internal); Small Donations
bdph_0174,Emmett Till Archives | DigiNole,https://diginole.lib.fsu.edu/islandora/object/fsu:emmetttillarchivesmain,Collection of materials related to the life and death of Emmett Till,2015,2015,Unspecified,,Unknown / unparsed,2010s,Mixed,United States,"116 Honors Way, Tallahassee, FL 32306",N/A,FL,USA,30.4431683,-84.29500929999999,1,No,11-25,2,5,1,1,2,1,2,No,No,Yes,Update missing/unparsed,Needs location detail review,Digital Collections/Databases/Archives; Oral Histories,Black Men/Masculinity; Historical Figure; Historical Landmarks/Monuments; Lynching/Race Riots/Police Brutality; Newspapers/Periodicals/Black Press,20th Century,University Library,Community Members; Library Professionals,Not Minority Run,In-Kind Support; Institutional Operating Budget (Internal)
bdph_0175,Enquire of the Printer,https://storymaps.arcgis.com/stories/7d6dcdc8d7a24d34a08f1605e64c292e,Analysis of print slavery advertisements,2020,2020,2020,2020,Updated 2020-2022,2020s,Digital,United States,"Bloomington, IN",Bloomington,N/A,N/A,39.169574,-86.5385549,1,No,1-5,4,2,2,1,1,1,1,No,No,No,Complete,Needs location detail review,Data Mining/Mapping/Visualization; Digital Collections/Databases/Archives; Educational Resources; Resource Hub,Newspapers/Periodicals/Black Press; Transatlantic Slave Trade/Slavery,18th Century; 19th Century,Independent Scholar/Individual Research,Faculty,Data Not Available,In-Kind Support
bdph_0176,Enslaved: Peoples of the Historical Slave Trade,https://enslaved.org/,Database of information related to all aspects of the slave trade,2011,2011,Unspecified,,Unknown / unparsed,2010s,Digital,United States,"University Development University Advancement Spartan Way 535 Chestnut Road, Room 300 East Lansing, MI 48824",N/A,MI,USA,42.7281862,-84.4848762,1,No,Unspecified,2,1,1,1,1,1,4,No,No,No,Update missing/unparsed,Needs location detail review,Educational Resources; Resource Hub,Transatlantic Slave Trade/Slavery,Other/Unknown,Inter-Institution Partnership,Faculty,Data Not Available,Grants/Awards (Private: Foundations/Charities); Grants/Awards (Professional Organizations); Grants/Awards (Public/Federal); Small Donations
bdph_0177,"Enslaved by the Church, Sold for the Republic",https://storymaps.arcgis.com/stories/68ea1822adba48acadb2848f40b29048,Multimodal piece on the role of slavery and the church during the French Revolution,Unspecified,,2026,2026,Updated 2025-2026,Unknown,Digital,United States,"2801 S University Ave, Little Rock, AR 72204",N/A,AK,USA,34.7283934,-92.3404916,1,No,1-5,3,2,1,1,1,1,1,No,No,No,Start missing/unparsed,Needs location detail review,Data Mining/Mapping/Visualization; Digital Publishing & Digital Editions; Educational Resources,Black Religions; Transatlantic Slave Trade/Slavery,Other/Unknown,Independent Scholar/Individual Research,Faculty,Data Not Available,In-Kind Support
bdph_0178,Equiano's World,https://equianosworld.org/,"This project on Gustavus Vassa (Olaudah Equiano) focuses on the movement to abolish the trans-Atlantic slave trade and ultimately to emancipate the Africans and their descendants who had been enslaved. The subject of the project is the life story of Gustavus Vassa, the enslaved Igbo boy who today is recognized as Olaudah Equiano.",2015,2015,2025,2025,Updated 2025-2026,2010s,Digital,Canada,"329 York Lanes York University 4700 Keele Street Toronto, Ontario M3J 1P3",329 York Lanes York University 4700 Keele Street Toronto,N/A,Canada,43.7742192,-79.49839639999999,3,Yes,11-25,4,6,1,1,3,1,1,No,No,Yes,Complete,Location detail present,Digital Collections/Databases/Archives; Educational Resources; Exhibits & Digital Storytelling; Resource Hub,Abolitionists/Emancipation/Reconstruction; African Diaspora/Migration; African History; Black Men/Masculinity; Historical Figure; Transatlantic Slave Trade/Slavery,18th Century,University (Other),Faculty; Graduate Students; Undergraduate Students,Not Minority Run,Institutional Operating Budget (Internal)
bdph_0179,"Ethics and Archiving the Web, March 22nd-24th, 2018",https://rhizome.org/editorial/2017/sep/18/rhizome-to-host-national-forum-on-ethics-and-archiving-the-web-march-22-24-2018/,Event exploring the ethical issues surrounding web archiving,1996,1996,2017,2017,Last update before 2020,1990s,Physical,United States,"235 Bowery, New York, NY 10002",N/A,NY,USA,40.7223726,-73.9929129,1,No,1-5,2,1,1,1,1,1,2,No,No,No,Complete,Needs location detail review,Digital Publishing & Digital Editions; Events/Programming,Other/Unknown,Other/Unknown,Community Group,Community Members,Data Not Available,Grants/Awards (Public/Federal); Small Donations
bdph_0180,The Eulogy Project,https://eulogyproj.org/,Multimodal archive of Black eulogies,Unspecified,,2023,2023,Updated 2023-2024,Unknown,Digital,Other/Unknown,Unknown,Unknown,N/A,N/A,43.589046,-79.644119,1,No,1-5,2,2,1,1,1,1,1,No,No,No,Start missing/unparsed,Needs location detail review,Digital Collections/Databases/Archives; Oral Histories,Black People - Race Identity; Lynching/Race Riots/Police Brutality,Other/Unknown,Independent Scholar/Individual Research,Community Members,Data Not Available,Other/Unknown
bdph_0181,Examination Days: The New York African Free School Collection,https://www.nyhistory.org/web/africanfreeschool/index.html,Informational about the African Free School in New York in the late 18th-early 19th centuries.,Unspecified,,Unspecified,,Unknown / unparsed,Unknown,Digital,United States,"170 Central Park West at Richard Gilder Way (77th Street) New York, NY 10024",N/A,NY,USA,40.7792476,-73.9742792,1,No,Unspecified,2,1,2,1,2,1,3,No,No,No,Start and update missing/unparsed,Needs location detail review,Educational Resources; Resource Hub,Black Education/Black Students,18th Century; 19th Century,Community Group,Community Members; Digital/Design Professionals,Data Not Available,Grants/Awards (Private: Foundations/Charities); Grants/Awards (Public/Federal); In-Kind Support
bdph_0183,Fanm Rebèl,https://www.fanmrebel.com/,"Fanm Rebèl’, a Haitian Kreyòl term meaning ‘rebel women’, is a research project that seeks to excavate stories of women in the Haitian Revolution.",43709,2019,45017,2023,Updated 2023-2024,2010s,Mixed,United Kingdom,"University of Central Lancashire, Livesey House, Preston, Lancashire. United Kingdom.",University of Central Lancashire,N/A,United Kingdom,53.764526,-2.7082973,1,No,6-10,8,10,4,1,4,1,2,No,Yes,Yes,Complete,Location detail present,Data Mining/Mapping/Visualization; Digital Collections/Databases/Archives; Educational Resources; Events/Programming; Exhibits & Digital Storytelling; Local History & Local Places; Oral Histories; Resource Hub,African Diaspora/Migration; Black Activism/Advocacy; Black Literature; Black Studies; Black Visual and Performance Art; Black Women/Feminism; Caribbean History; Colonialism & Post-Colonialism/Decolonization; Digital Humanities; Transatlantic Slave Trade/Slavery,18th Century; 19th Century; 20th Century; 21st Century,University (Other),Community Members; Faculty; Graduate Students; Translators,Women Run,Grants/Awards (Institutional/Internal); Grants/Awards (Private: Foundations/Charities)
bdph_0184,Fannie Lou Hamer's America,https://www.fannielouhamersamerica.com/,Fannie Lou Hamer’s America explores and celebrtes the lesser-known life of one of the Civil Rights Movement's greatest leaders as told by her family.,44614,2022,45051,2023,Updated 2023-2024,2020s,Digital,United States,"Post Office Box 844. Winona, MS 38967",N/A,MS,USA,33.4820678,-89.7281369,1,No,11-25,10,21,3,6,8,3,4,Yes,Yes,Yes,Complete,Needs location detail review,Art and Performance; Data Mining/Mapping/Visualization; Digital Collections/Databases/Archives; Digital Publishing & Digital Editions; Educational Resources; Events/Programming; Exhibits & Digital Storytelling; Local History & Local Places; Oral Histories; Resource Hub,Abolitionists/Emancipation/Reconstruction; African Diaspora/Migration; Black Activism/Advocacy; Black Communities/Urban Renewal; Black Education/Black Students; Black Film; Black Literature; Black Lives Matter Movement; Black Music; Black Studies; Black Women/Feminism; Civil Rights Movement/Black Power; Digital Humanities; Historical Figure; Historical Landmarks/Monuments; Lynching/Race Riots/Police Brutality; Newspapers/Periodicals/Black Press; Politics and Government; Race Relations/Racial Inequality/Racism; Segregation; U.S. History,19th Century; 20th Century; 21st Century,Historical Society; Inter-Institution Partnership; K-12; Museum; Press; Public Library,Community Members; Digital/Design Professionals; Faculty; Fellows and/or Postdocs; Graduate Students; K-12 Educators; Library Professionals; Museum Professionals,BIPOC Run; Community Run; Women Run,Grants/Awards (Private: Foundations/Charities); Grants/Awards (Public/Federal); Grants/Awards (Public: State or Local); In-Kind Support
bdph_0185,Fashioning the Self in Slavery and Freedom,https://www.fashioningtheself.com/,Research project about the impact of slavery on the fashions of the past and present,Unspecified,,Unspecified,,Unknown / unparsed,Unknown,Digital,United States,"Parsons, New York, NY 10011",N/A,NY,USA,40.7351297,-73.9944837,1,No,6-10,4,2,1,1,1,1,3,No,No,No,Start and update missing/unparsed,Needs location detail review,Digital Publishing & Digital Editions; Events/Programming; Exhibits & Digital Storytelling; Resource Hub,Black Visual and Performance Art; Transatlantic Slave Trade/Slavery,Other/Unknown,Inter-Institution Partnership,Faculty,Data Not Available,In-Kind Support; Merchandise/Sales; Small Donations
bdph_0186,Feast Afrique —Digital Library,https://www.feastafrique.com/digital-library,"Archive of multimodal texts related to West African food culture, on the continent and in diaspora, across the Caribbean islands and the Americas",44105,2020,44986,2023,Updated 2023-2024,2020s,Digital,Canada,"Mississauga, Ontario, Canada",Mississauga,N/A,Canada,43.5852972,-79.64498379999999,1,No,1-5,3,5,3,1,1,2,1,Yes,Yes,Yes,Complete,Location detail present,Data Mining/Mapping/Visualization; Digital Collections/Databases/Archives; Local History & Local Places,African Diaspora/Migration; African History; Black Literature; Black People - Race Identity; Colonialism & Post-Colonialism/Decolonization,19th Century; 20th Century; 21st Century,Independent Scholar/Individual Research,Community Members,BIPOC Run; Women Run,Other/Unknown
bdph_0187,F.B. Eyes Digital Archive: FBI Files on African American Authors Obtained through the U.S.,http://omeka.wustl.edu/omeka/exhibits/show/fbeyes,Archive of FBI documents on Black writers and literary institutions,2015,2015,2022,2022,Updated 2020-2022,2010s,Digital,United States,"Washington University in St. Louis, 1 Brookings Dr., St. Louis, MO 63130",Washington University,IN,USA,38.6482393,-90.3015077,2,Yes,6-10,2,3,1,2,3,1,2,Yes,No,Yes,Complete,Location detail present,Digital Collections/Databases/Archives; Digital Publishing & Digital Editions,Black Literature; Other/Unknown; Politics and Government,20th Century,Independent Scholar/Individual Research; University Library,Faculty; Fellows and/or Postdocs; Library Professionals,BIPOC Run,Grants/Awards (Institutional/Internal); In-Kind Support
bdph_0188,First Blacks in the Americas: The African Presence in The Dominican Republic,http://firstblacks.org/en/,English and Spanish platform for learning about colonialism and the early presence of Black African people in the Dominican Republic,2016,2016,2022,2022,Updated 2020-2022,2010s,Digital,United States,"CUNY Dominican Studies Institute, The City College of New York, North Academic Center (NAC) 4/107, 160 Convent Avenue at 138th Street, New York, NY 10031",N/A,NY,USA,40.8197145,-73.9501397,1,No,6-10,5,6,3,1,7,2,4,Yes,Yes,Yes,Complete,Needs location detail review,Data Mining/Mapping/Visualization; Digital Collections/Databases/Archives; Educational Resources; Local History & Local Places; Resource Hub,African Diaspora/Migration; Black People - Race Identity; Black Women/Feminism; Caribbean History; Digital Humanities; Transatlantic Slave Trade/Slavery,15th Century; 16th Century; 17th Century,University (Other),Digital/Design Professionals; Faculty; Fellows and/or Postdocs; Graduate Students; Library Professionals; Translators; Undergraduate Students,BIPOC Run; Women Run,Grants/Awards (Public/Federal); Grants/Awards (Public: State or Local); In-Kind Support; Institutional Operating Budget (Internal)
bdph_0189,Fort Negley Descendants Project,http://ftnegley.digitalprojects.network/,Oral histories from the descendants of the Black soldiers involved with the creation/protection of Fort Negley,2017,2017,2022,2022,Updated 2020-2022,2010s,Digital,United States,"Vanderbilt University 2201 West End Ave, Nashville, TN 37235",N/A,TN,USA,36.1472552,-86.8014419,1,No,11-25,4,3,3,2,4,1,2,No,No,No,Complete,Needs location detail review,Digital Collections/Databases/Archives; Educational Resources; Local History & Local Places; Oral Histories,Abolitionists/Emancipation/Reconstruction; Black Soldiers/American Civil War; U.S. History,19th Century; 20th Century; 21st Century,Community Group; PWI (Graduate),Community Members; Faculty; Graduate Students; Undergraduate Students,Data Not Available,In-Kind Support; Institutional Operating Budget (Internal)
bdph_0190,Frances Harper | The Frances Project,https://www.francesproject.org/,Events celebrating the anniversary of the 15th and 19th Amendments.,2020,2020,2020,2020,Updated 2020-2022,2020s,Mixed,United States,"Commonwealth Monument Project Philadelphia, PA 19147",N/A,PA,USA,39.9350642,-75.1516194,1,No,1-5,2,5,1,1,4,1,1,No,No,No,Complete,Needs location detail review,Educational Resources; Events/Programming,Black Activism/Advocacy; Black Literature; Black Women/Feminism; Historical Figure; U.S. History,19th Century,Community Group,Community Members; Digital/Design Professionals; Library Professionals; Other/Unknown,Data Not Available,In-Kind Support
bdph_0191,The Freedmen’s Bureau Transcription Project,https://nmaahc.si.edu/explore/initiatives/freedmens-bureau-records,Community-driven transcription project of documents from the Freedman's Bureau housed at the Smithsonian.,Unspecified,,2023,2023,Updated 2023-2024,Unknown,Digital,United States,"NMAAHC 1400 Constitution Ave NW, Washington, DC 20560",Washington,DC,USA,38.8910644,-77.032614,1,No,Unspecified,1,2,2,2,2,1,3,No,No,No,Start missing/unparsed,Location detail present,Digital Collections/Databases/Archives,Abolitionists/Emancipation/Reconstruction; U.S. History,19th Century; 20th Century,Community Group; Museum,Community Members; Museum Professionals,Data Not Available,In-Kind Support; Institutional Operating Budget (Internal); Small Donations
bdph_0193,Freedmen and Southern Society Project,http://www.freedmen.umd.edu,Transcribed and annotated documents on the transition from slavery to freedom in the U.S. South during the Civil War and Reconstruction,1976,1976,45037,2023,Updated 2023-2024,1970s,Mixed,United States,"History Department, University of Maryland, 2115 Francis Scott Key Hall, College Park MD, 20742",College Park,MD,USA,38.9851318,-76.94312219999999,1,No,1-5,2,2,1,1,1,1,1,No,Yes,Yes,Complete,Location detail present,Digital Collections/Databases/Archives; Educational Resources,Abolitionists/Emancipation/Reconstruction; Black Soldiers/American Civil War,19th Century,PWI (Graduate),Faculty,Women Run,Grants/Awards (Public/Federal)
bdph_0194,Freedom Narratives: Testimonies of West Africans from the Era of Slavery,https://freedomnarratives.org/,Biographies of West-African-born enslaved people from the time of the Trans-Atlantic slave trade,2018,2018,43906,2020,Updated 2020-2022,2010s,Digital,Canada,"York University (Canada) 329 York Lanes York University 4700 Keele Street Toronto, Ontario M3J 1P3",York University (Canada) 329 York Lanes York University 4700 Keele Street Toronto,N/A,Canada,43.7742192,-79.49839639999999,3,Yes,Unspecified,3,2,4,2,3,1,1,No,No,No,Complete,Location detail present,Educational Resources; Oral Histories; Resource Hub,African Diaspora/Migration; Transatlantic Slave Trade/Slavery,16th Century; 17th Century; 18th Century; 19th Century,Inter-Institution Partnership; PWI (Graduate),Faculty; Graduate Students; Undergraduate Students,Data Not Available,In-Kind Support
bdph_0195,Frederick Douglass in Britain,http://frederickdouglassinbritain.com/,Mapping the speaking locations of Black freedom fighters across Britain and Ireland throughout the nineteenth-century,2012,2012,2023,2023,Updated 2023-2024,2010s,Digital,United Kingdom,"Queen Mary, University of London",Queen Mary,N/A,N/A,51.5240671,-0.0403745,1,No,1-5,4,8,1,1,1,1,1,No,No,Yes,Complete,Needs location detail review,Data Mining/Mapping/Visualization; Educational Resources; Other/Unknown; Resource Hub,Abolitionists/Emancipation/Reconstruction; African Diaspora/Migration; Black Literature; Black Men/Masculinity; Black Visual and Performance Art; Black Women/Feminism; Newspapers/Periodicals/Black Press; Transatlantic Slave Trade/Slavery,19th Century,Independent Scholar/Individual Research,Faculty,Not Minority Run,In-Kind Support
bdph_0196,Frederick Douglass on the Eastern Shore (Blog and forthcoming book),https://douglassontheshore.wordpress.com/,Blog on the history of Frederick Douglass (and his family) on the coast of Maryland,2019,2019,44685,2022,Updated 2020-2022,2010s,Digital,United States,Maryland 21205,Maryland 21205,MD,USA,39.30420549999999,-76.557493,1,No,1-5,4,4,2,1,1,1,1,No,No,No,Complete,Location detail present,Educational Resources; Local History & Local Places; Other/Unknown; Resource Hub,Abolitionists/Emancipation/Reconstruction; Black Men/Masculinity; Historical Figure; U.S. History,19th Century; 20th Century,Independent Scholar/Individual Research,Other/Unknown,Data Not Available,In-Kind Support
bdph_0197,Freedom's Ring: King's I Have a Dream Speech,https://freedomsring.stanford.edu/?view=Speech,"Animation of Dr. Martin Luther King's 'I Have a Dream' speech complimented by primary sources, interviews and archival photographs.",41514,2013,41487,2013,Last update before 2020,2010s,Digital,United States,"Stanford University, Martin Luther King Jr. Research and Education Institute",Stanford University,N/A,N/A,37.4286872,-122.1766573,1,No,26-50,8,23,3,3,5,1,3,Yes,No,Yes,Complete,Needs location detail review,Art and Performance; Data Mining/Mapping/Visualization; Digital Collections/Databases/Archives; Digital Publishing & Digital Editions; Educational Resources; Exhibits & Digital Storytelling; Oral Histories; Resource Hub,Abolitionists/Emancipation/Reconstruction; African History; Black Activism/Advocacy; Black Communities/Urban Renewal; Black Literature; Black Lives Matter Movement; Black Music; Black People - Race Identity; Black Religions; Black Studies; Black Visual and Performance Art; Black Women/Feminism; Civil Rights Movement/Black Power; Colonialism & Post-Colonialism/Decolonization; Digital Humanities; Historical Figure; LBGTQIA+/Queer Studies; Lynching/Race Riots/Police Brutality; Newspapers/Periodicals/Black Press; Politics and Government; Race Relations/Racial Inequality/Racism; Segregation; U.S. History,19th Century; 20th Century; 21st Century,Historical Society; K-12; University (Other),Community Members; Digital/Design Professionals; Faculty; Fellows and/or Postdocs; K-12 Educators,BIPOC Run,Grants/Awards (Private: Foundations/Charities); Grants/Awards (Public/Federal); Institutional Operating Budget (Internal)
bdph_0198,Freedom on the Move,https://freedomonthemove.org/,"Database for North American ads for self-emancipated, formerly-enslaved peoples in the US.",Unspecified,,Unspecified,,Unknown / unparsed,Unknown,Digital,United States,"Cornell University, Ithaca, NY 14853",N/A,NY,USA,42.4467049,-76.48305789999999,1,No,11-25,2,2,1,1,2,1,3,No,No,No,Start and update missing/unparsed,Needs location detail review,Digital Collections/Databases/Archives; Educational Resources,Newspapers/Periodicals/Black Press; Transatlantic Slave Trade/Slavery,Other/Unknown,Inter-Institution Partnership,Community Members; Faculty,Data Not Available,Grants/Awards (Professional Organizations); Grants/Awards (Public/Federal); Grants/Awards (Public: State or Local)
bdph_0199,From Slavery to Freedom Lab,https://sites.fhi.duke.edu/fromslaverytofreedom/,"A lab exploring, researching, and teaching about during- and post-slavery lives of formerly enslaved African Americans",2018,2018,2019,2019,Last update before 2020,2010s,Mixed,United States,"Duke University Duke University, Franklin Humanities Institute, Smith Warehouse, Bay 4, C106, Durham, NC 27708",N/A,NC,USA,36.0020035,-78.9147682,3,Yes,11-25,2,1,4,1,3,1,1,No,No,No,Complete,Needs location detail review,Events/Programming; Other/Unknown,Transatlantic Slave Trade/Slavery,19th Century; 20th Century; 21st Century; Other/Unknown,PWI (Graduate),Digital/Design Professionals; Faculty; Undergraduate Students,Data Not Available,Grants/Awards (Institutional/Internal)
bdph_0201,"Funk, God, Jazz, Medicine: Black Radical Brooklyn [public art exhibit]",https://creativetime.org/projects/black-radical-brooklyn/,Art exhibit in Brooklyn about what was formerly a community of recently-emancipated formerly enslaved African Americans,2014,2014,12 October 2014--date that exhibit ended; last events in 2022,2022,Updated 2020-2022,2010s,Mixed,United States,"Creative Time 59 East 4th Street, 6th Floor, New York, NY 10003",N/A,NY,USA,40.72702049999999,-73.9908523,1,No,6-10,6,3,2,2,2,1,2,No,No,No,Complete,Needs location detail review,Art and Performance; Educational Resources; Events/Programming; Exhibits & Digital Storytelling; Local History & Local Places; Other/Unknown,Black Music; Black People - Race Identity; Transatlantic Slave Trade/Slavery,20th Century; 21st Century,Community Group; Museum,Community Members; Museum Professionals,Data Not Available,Grants/Awards (Public: State or Local); Small Donations
bdph_0202,Furious Flower Archive,https://furiousflower.org/,"Organization for the study of Black poetry hosting events, publishing a journal, and teaching classes based out of JMU.",2019,2019,2023,2023,Updated 2023-2024,2010s,Mixed,United States,"JMU 500 Cardinal Dr. MSC 3802 Harrisonburg, VA 22807-0001",N/A,VA,USA,38.4376123,-78.8627161,1,No,26-50,4,1,2,1,3,1,4,No,No,No,Complete,Needs location detail review,Art and Performance; Digital Collections/Databases/Archives; Digital Publishing & Digital Editions; Educational Resources,Black Literature,20th Century; 21st Century,PWI (Graduate),Faculty; Graduate Students; Undergraduate Students,Data Not Available,Grants/Awards (Public/Federal); Grants/Awards (Public: State or Local); In-Kind Support; Small Donations
bdph_0203,Freedom in Full Bloom: Juneteenth History Resources,https://storymaps.arcgis.com/collections/e11a559c43844c1286b2fde1f29a5f45,Digital exhibit and collection of resources to learn about the full origins of Juneteenth,2019,2019,Unspecified,,Unknown / unparsed,2010s,Digital,United States,"Segerstrom Center for the Arts, 600 Town Center Dr, Costa Mesa, CA 92626",N/A,CA,USA,33.6927051,-117.8821416,1,No,1-5,4,3,3,1,1,1,1,No,No,No,Update missing/unparsed,Needs location detail review,Digital Publishing & Digital Editions; Educational Resources; Exhibits & Digital Storytelling; Resource Hub,Abolitionists/Emancipation/Reconstruction; Transatlantic Slave Trade/Slavery; U.S. History,17th Century; 18th Century; 19th Century,Independent Scholar/Individual Research,Faculty,Data Not Available,In-Kind Support
bdph_0204,The Gates Preserve,https://www.thegatespreserve.com/,Media outlet and audio+visual archive of contemporary Black culture,2019,2019,44980,2023,Updated 2023-2024,2010s,Digital,United States,"The Gates Preserve, New York City 10001",The Gates Preserve,NY,USA,40.75368539999999,-73.9991637,1,No,11-25,4,3,1,1,2,1,1,No,No,No,Complete,Location detail present,Art and Performance; Digital Collections/Databases/Archives; Oral Histories; Other/Unknown,Black Film; Black Music; Black People - Race Identity,Other/Unknown,Other/Unknown,Digital/Design Professionals; Other/Unknown,Data Not Available,In-Kind Support
bdph_0205,Georgetown Slavery Archive,https://slaveryarchive.georgetown.edu/,"The Georgetown Slavery Archive is a digital repository of materials relating to the Maryland Jesuits, Georgetown University, and slavery.",42401,2016,44951,2023,Updated 2023-2024,2010s,Digital,United States,"Georgetown University, 3700 O St. NW, Washington DC 20057-1035",Washington,DC,USA,38.9076089,-77.07225849999999,1,No,26-50,3,7,4,1,6,1,3,No,No,Yes,Complete,Location detail present,Digital Collections/Databases/Archives; Educational Resources; Local History & Local Places,Abolitionists/Emancipation/Reconstruction; African Diaspora/Migration; Black Religions; Historical Landmarks/Monuments; Race Relations/Racial Inequality/Racism; Transatlantic Slave Trade/Slavery; U.S. History,18th Century; 19th Century; 20th Century; 21st Century,University (Other),Community Members; Faculty; Fellows and/or Postdocs; Graduate Students; Library Professionals; Undergraduate Students,Not Minority Run,Grants/Awards (Institutional/Internal); Grants/Awards (Private: Foundations/Charities); Institutional Operating Budget (Internal)
bdph_0206,The Geography of Slavery in Virginia,http://www2.vcdh.virginia.edu/gos/,"Archive of advertisements for self-emancipated, formerly-enslaved people in the US in colonial and Civil War era newspapers",Unspecified,,2005,2005,Last update before 2020,Unknown,Digital,United States,"UVA 1 College Avenue, Wise, VA 24293",N/A,VA,USA,36.9759345,-82.5757108,1,No,1-5,3,3,2,1,3,1,3,No,No,No,Start missing/unparsed,Needs location detail review,Digital Collections/Databases/Archives; Educational Resources; Resource Hub,Newspapers/Periodicals/Black Press; Transatlantic Slave Trade/Slavery; U.S. History,18th Century; 19th Century,PWI (Undergraduate),Digital/Design Professionals; Faculty; Undergraduate Students,Data Not Available,Grants/Awards (Institutional/Internal); Grants/Awards (Public/Federal); Grants/Awards (Public: State or Local)
bdph_0207,"Get Free, Hip Hop Civics",http://getfreehiphopcivics.com/,Multimodal civics curriculum inspired by hip hop music.,Unspecified,,2018,2018,Last update before 2020,Unknown,Digital,United States,"Atlanta, Georgia 30033",Atlanta,GA,USA,33.8092255,-84.2805478,1,No,Unspecified,4,6,1,2,2,1,1,No,No,No,Start missing/unparsed,Location detail present,Art and Performance; Educational Resources; Exhibits & Digital Storytelling; Resource Hub,Black Activism/Advocacy; Black Education/Black Students; Black Music; Black People - Race Identity; Black Visual and Performance Art; U.S. History,Other/Unknown,Community Group; Independent Scholar/Individual Research,Community Members; Faculty,Data Not Available,In-Kind Support
bdph_0208,Global Poetics Project,https://globalpoetics.org/,"The Global Poetics Project is a platform for experimenting with digital tools and methodologies that can aid us in the study of poetry and poetics, as such the GPP is a perpetual work in progress, an experimental archive, a co-working space, and a production studio.",2018,2018,44987,2023,Updated 2023-2024,2010s,Digital,United States,"Washington University in St. Louis 1 Brookings Dr, St. Louis, MO 63130",Washington University,IN,USA,38.6482393,-90.3015077,2,Yes,26-50,6,2,2,4,3,1,1,No,No,No,Complete,Location detail present,Art and Performance; Data Mining/Mapping/Visualization; Digital Publishing & Digital Editions; Educational Resources; Exhibits & Digital Storytelling; Resource Hub,Black Literature; Black People - Race Identity,20th Century; 21st Century,Community Group; Inter-Institution Partnership; Minority Serving Institution (Graduate); PWI (Graduate),Community Members; Fellows and/or Postdocs; Graduate Students,Data Not Available,Grants/Awards (Private: Foundations/Charities)
bdph_0209,The Global Timbuktu Project of Rutgers University Center for African Studies,https://ruafrica.rutgers.edu/resources/global-timbuktu,Symposium on the history and diaspora of Timbuktu and Mali.,24-25 March 2017,2017,2017,2017,Last update before 2020,2010s,Mixed,Mali,"Rutgers University, 54 Joyce Kilmer Avenue Piscataway, NJ 08854-8045",N/A,NJ,USA,40.5219165,-74.4348893,1,No,11-25,3,2,1,3,5,1,2,No,No,No,Complete,Needs location detail review,Educational Resources; Events/Programming; Resource Hub,African Diaspora/Migration; African History,Other/Unknown,Inter-Institution Partnership; K-12; PWI (Graduate),Community Members; Faculty; Graduate Students; K-12 Educators; Undergraduate Students,Data Not Available,Grants/Awards (Institutional/Internal); Grants/Awards (Public: State or Local)
bdph_0210,The Gloria Naylor Archive,https://wordpress.lehigh.edu/naylorarchive/,Archive of the works of Gloria Naylor,43252,2018,45047,2023,Updated 2023-2024,2010s,Mixed,United States,"Lehigh University, 35 Sayre Dr., Lehigh University, Bethlehem, PA 18015",N/A,PA,USA,40.6057075,-75.3772639,6,Yes,26-50,5,4,2,1,6,3,2,Yes,Yes,Yes,Complete,Needs location detail review,Art and Performance; Digital Collections/Databases/Archives; Educational Resources; Exhibits & Digital Storytelling; Resource Hub,Black Film; Black Literature; Black Women/Feminism; Historical Figure,20th Century; 21st Century,PWI (Graduate),Digital/Design Professionals; Faculty; Graduate Students; Library Professionals; Museum Professionals; Undergraduate Students,BIPOC Run; LGBTQ+ Run; Women Run,Grants/Awards (Institutional/Internal); Grants/Awards (Public/Federal)
bdph_0211,Goin' North: Stories from the First Great Migration to Philadelphia,https://www.goinnorth.org/,Oral history archive of the people who moved to Philadelphia during the Great Migration,2014,2014,2016,2016,Last update before 2020,2010s,Digital,United States,"Temple University West Chester University, 700 S High St, West Chester, PA 19383",N/A,PA,USA,39.9533201,-75.5983684,1,No,51+,5,2,1,2,6,1,2,No,No,No,Complete,Needs location detail review,Digital Collections/Databases/Archives; Educational Resources; Exhibits & Digital Storytelling; Local History & Local Places; Oral Histories,African Diaspora/Migration; U.S. History,20th Century,Community Group; PWI (Graduate),Community Members; Faculty; Graduate Students; Library Professionals; Museum Professionals; Undergraduate Students,Data Not Available,Grants/Awards (Professional Organizations); In-Kind Support
bdph_0212,The Green Book of South Carolina,https://greenbookofsc.com/,A digital travel guide/application to help users find and explore Black heritage sites in South Carolina,Unspecified,,2023,2023,Updated 2023-2024,Unknown,Mixed,United States,"The South Carolina African American Heritage Commission, 8301 Parklane Road Columbia, SC 29223",N/A,SC,USA,34.0928888,-80.9614429,1,No,Unspecified,6,1,1,1,1,1,1,No,No,No,Start missing/unparsed,Needs location detail review,Art and Performance; Data Mining/Mapping/Visualization; Educational Resources; Exhibits & Digital Storytelling; Local History & Local Places; Resource Hub,Black People - Race Identity,Other/Unknown,Community Group,Community Members,Data Not Available,In-Kind Support
bdph_0213,The Great Migration Project: A City Transformed,http://www.greatmigrationphl.org/,"Project of art pieces illustrating the impact of the Great Migration, specifically in Philadelphia",1982,1982,2023,2023,Updated 2023-2024,1980s,Digital,United States,"The Pew Center for Arts & Heritage 3908 Lancaster Avenue, Philadelphia, PA 19104",N/A,PA,USA,39.949742,-75.168111,1,No,11-25,6,2,1,2,2,1,2,No,No,No,Complete,Needs location detail review,Art and Performance; Digital Publishing & Digital Editions; Educational Resources; Events/Programming; Exhibits & Digital Storytelling; Resource Hub,African Diaspora/Migration; Black Visual and Performance Art,20th Century,Community Group; Inter-Institution Partnership,Community Members; Digital/Design Professionals,Data Not Available,Grants/Awards (Professional Organizations); In-Kind Support
bdph_0214,Guide to Black History | National Archives,https://www.archives.gov/research/african-americans/guide,Research and archival guide for studying Black history at the National Archives,1984,1984,2017,2017,Last update before 2020,1980s,Mixed,United States,"National Archives 8601 Adelphi Road College Park, MD 20740-6001",N/A,MD,USA,39.00111649999999,-76.9594213,1,No,1-5,3,1,1,1,1,1,1,No,No,No,Complete,Needs location detail review,Digital Collections/Databases/Archives; Educational Resources; Resource Hub,Black People - Race Identity,Other/Unknown,Public Library,Library Professionals,Data Not Available,Institutional Operating Budget (Internal)
bdph_0215,Guide to the Harlem Renaissance at the Library of Congress,https://guides.loc.gov/harlem-renaissance,An online research guide and related resources for the study of the Harlem Renaissance in the Library of Congress,38918,2006,43395,2018,Last update before 2020,2000s,Digital,United States,"Library of Congress 101 Independence Ave, SE Washington, DC 20540",Washington,DC,USA,38.888684,-77.004719,1,No,1-5,4,4,1,1,1,1,1,No,No,No,Complete,Location detail present,Digital Collections/Databases/Archives; Educational Resources; Exhibits & Digital Storytelling; Resource Hub,Black Communities/Urban Renewal; Black Literature; Black Music; Black Visual and Performance Art,20th Century,Public Library,Library Professionals,Data Not Available,Institutional Operating Budget (Internal)
bdph_0216,Haiti: An Island Luminous,http://islandluminous.fiu.edu/,Educational website on the history of Haiti,2004,2004,2011,2011,Last update before 2020,2000s,Digital,Haiti,"Digital Library of the Caribbean 11200 SW 8th St, Miami, FL 33199",N/A,FL,USA,25.7567562,-80.37775090000001,3,Yes,51+,4,1,8,1,4,1,2,No,No,No,Complete,Needs location detail review,Educational Resources; Exhibits & Digital Storytelling; Local History & Local Places; Resource Hub,Caribbean History,14th Century and Earlier; 15th Century; 16th Century; 17th Century; 18th Century; 19th Century; 20th Century; 21st Century,University Library,Fellows and/or Postdocs; Graduate Students; Library Professionals; Translators,Data Not Available,Grants/Awards (Institutional/Internal); Grants/Awards (Professional Organizations)
bdph_0217,Haiti and the Atlantic World,https://haitidoi.com/,Transcribed documents and teaching materials about late 18th century-mid 19th century Haitian history,2012,2012,2016,2016,Last update before 2020,2010s,Digital,United States,"William & Mary, Blair 311, 200 Stadium Dr, Williamsburg, VA 23185",N/A,VA,USA,37.2709753,-76.7162467,1,No,1-5,4,1,2,1,1,1,1,No,No,No,Complete,Needs location detail review,Digital Collections/Databases/Archives; Digital Publishing & Digital Editions; Educational Resources; Resource Hub,Caribbean History,18th Century; 19th Century,Independent Scholar/Individual Research,Faculty,Data Not Available,In-Kind Support
bdph_0218,The Haitian Atlantic: A Literary Geography,https://s3.amazonaws.com/uploads.knightlab.com/storymapjs/ba15390b4fd1e7d29a79c367f2799f1f/transnational-african-american-text-network/draft.html,Map marking the locations of different texts related to the Haitian revolution,Unspecified,,2016,2016,Last update before 2020,Unknown,Digital,United States,"independent scholar Yale University 320 York St. New Haven, CT 06520",N/A,CT,USA,41.3163244,-72.92234309999999,2,Yes,1-5,3,3,2,1,1,1,1,No,No,No,Start missing/unparsed,Needs location detail review,Data Mining/Mapping/Visualization; Exhibits & Digital Storytelling; Resource Hub,Black Literature; Caribbean History; Transatlantic Slave Trade/Slavery,18th Century; 19th Century,Independent Scholar/Individual Research,Faculty,Data Not Available,In-Kind Support
bdph_0219,The Haiti Lab,https://sites.fhi.duke.edu/haitilab/,Research center for Haitian history,2010,2010,2013,2013,Last update before 2020,2010s,Digital,Haiti,"Duke University 114 South Buchanan Boulevard Smith Warehouse, Bays 4 & 5 ​Campus Box 90403 Durham, NC 27708",N/A,NC,USA,36.0017185,-78.9142246,2,Yes,26-50,4,1,1,1,3,1,1,No,No,No,Complete,Needs location detail review,Educational Resources; Events/Programming; Local History & Local Places; Resource Hub,Caribbean History,Other/Unknown,PWI (Graduate),Faculty; Graduate Students; Undergraduate Students,Data Not Available,In-Kind Support
bdph_0220,"Hallowed Grounds: Race, Slavery and the University of Alabama",https://hgreen.people.ua.edu/hallowed-grounds-project.html,University of Alabama campus tour that focuses on the history of slavery in its founding and history.,2015,2015,Unspecified,,Unknown / unparsed,2010s,Digital,United States,"University of Alabama, Tuscaloosa, AL 35487",N/A,AL,USA,33.207199,-87.5482025,2,Yes,1-5,2,3,3,1,1,1,1,No,No,No,Update missing/unparsed,Needs location detail review,Digital Publishing & Digital Editions; Local History & Local Places,Black Soldiers/American Civil War; Transatlantic Slave Trade/Slavery; U.S. History,19th Century; 20th Century; 21st Century,Independent Scholar/Individual Research,Faculty,Data Not Available,In-Kind Support
bdph_0221,Harambee City,https://harambeecity.rrchnm.org/,"Harambe city is an archival, mapping, and visualization site on the black freedom movement, mainly in Cleveland, Ohio. It substantially covers black political and economic power programming and activities by the local Civil rights groups, and between the federal government and local/national Congress of Racial Equality (CORE). The site additionally includes discussion about the school desegregation movement and black power protest in Cleveland, Ohio. It also discusses usage of digital platforms in the creation of the site.",42736,2017,45036,2023,Updated 2023-2024,2010s,Mixed,United States,"151 South Campus Avenue Oxford, Ohio 45056",N/A,OH,USA,39.5088837,-84.73800419999999,1,No,1-5,6,11,1,1,3,2,1,Yes,Yes,Yes,Complete,Needs location detail review,Data Mining/Mapping/Visualization; Digital Collections/Databases/Archives; Educational Resources; Exhibits & Digital Storytelling; Local History & Local Places; Oral Histories,Black Activism/Advocacy; Black Communities/Urban Renewal; Black Education/Black Students; Black People - Race Identity; Digital Humanities; Historical Figure; Lynching/Race Riots/Police Brutality; Politics and Government; Race Relations/Racial Inequality/Racism; Segregation; U.S. History,20th Century,Other/Unknown,Community Members; Faculty; Library Professionals,BIPOC Run; Women Run,Other/Unknown
bdph_0222,Harlem Education History Project [site under maintenance as of 1/22],https://ansleyerickson.github.io/heh/,Organization for exploring the history of education in Harlem,2013,2013,Unspecified,,Unknown / unparsed,2010s,Digital,United States,"Teachers College @ Columbia University, Harlem, NY: 525 W 120th St, New York, NY 10027",N/A,NY,USA,40.8101571,-73.9604571,1,No,11-25,3,3,1,2,3,1,2,No,No,No,Update missing/unparsed,Needs location detail review,Data Mining/Mapping/Visualization; Digital Publishing & Digital Editions; Local History & Local Places,Black Communities/Urban Renewal; Black Education/Black Students; Race Relations/Racial Inequality/Racism,20th Century,Community Group; University (Other),Community Members; Faculty; Graduate Students,Data Not Available,Grants/Awards (Public/Federal); Institutional Operating Budget (Internal)
bdph_0224,The Hartford Black History Project,http://www.hartford-hwp.com/HBHP/,"Organization that works to gather and share information on the Black history of Hartford, CT",1996,1996,Unspecified,,Unknown / unparsed,1990s,Digital,United States,"HBHP, Inc. P.O. Box 393 Hartford, CT 06141-0393",N/A,CT,USA,41.76,-72.69,1,No,Unspecified,3,2,5,1,1,1,2,No,No,No,Update missing/unparsed,Needs location detail review,Events/Programming; Exhibits & Digital Storytelling; Local History & Local Places,Black Communities/Urban Renewal; U.S. History,17th Century; 18th Century; 19th Century; 20th Century; 21st Century,Historical Society,Community Members,Data Not Available,Grants/Awards (Public: State or Local); Small Donations
bdph_0225,Harvard Business School's Agents of Change: The Founding and Impact of the African-American Student Union,https://www.library.hbs.edu/hc/AASU/,Virtual exhibit exploring the history of the African American Student Union at the Harvard Business School,2018,2018,Unspecified,,Unknown / unparsed,2010s,Digital,United States,"Baker Library Special Collections and Archives, Baker Library | Bloomberg Center, North Lobby, Harvard Business School, Boston, MA 02163",N/A,MA,USA,42.3664262,-71.1227913,1,No,11-25,2,1,1,1,4,1,1,No,No,No,Update missing/unparsed,Needs location detail review,Digital Collections/Databases/Archives; Exhibits & Digital Storytelling,Black Education/Black Students,20th Century,University Library,Community Members; Faculty; Graduate Students; Library Professionals,Data Not Available,Grants/Awards (Institutional/Internal)
bdph_0228,The Henry McNeal Turner Project,http://www.thehenrymcnealturnerproject.org/,Digital archive of the history and writings of Henry McNeal Turner,Unspecified,,2023,2023,Updated 2023-2024,Unknown,Digital,United States,"University of Memphis 212 Arts and Communication Building #229 Memphis, Tennessee 38152",N/A,TN,USA,35.119881,-89.93745190000001,1,No,11-25,1,4,2,2,4,1,1,No,No,No,Start missing/unparsed,Needs location detail review,Digital Collections/Databases/Archives,Black Literature; Black Men/Masculinity; Black Religions; Historical Figure,19th Century; 20th Century,Inter-Institution Partnership; University (Other),Community Members; Digital/Design Professionals; Faculty; Graduate Students,Data Not Available,In-Kind Support
bdph_0229,"Hiphop Archive & Research Institute | Rebuild, Respect, Represent",http://hiphoparchive.org/,"Organization that runs hip-hop-focused research projects, archives, and sponsors events",2002,2002,44642,2022,Updated 2020-2022,2000s,Digital,United States,"Harvard University: Massachusetts Hall, Cambridge, MA 02138",N/A,MA,USA,42.3744368,-71.118281,2,Yes,11-25,3,1,2,1,3,1,2,No,No,No,Complete,Needs location detail review,Digital Collections/Databases/Archives; Events/Programming; Exhibits & Digital Storytelling,Black Music,20th Century; 21st Century,Community Group,Community Members; Faculty; Fellows and/or Postdocs,Data Not Available,In-Kind Support; Small Donations
bdph_0230,History Leaks,https://historyleaks.wordpress.com/,Website posting public domain historical materials as part of an open-access-movement,2014,2014,43073,2017,Last update before 2020,2010s,Digital,Other/Unknown,"Yale University: 451 College St, New Haven, CT 06511",N/A,CT,USA,41.2571305,-72.9896696,1,No,Unspecified,1,4,1,1,1,1,1,No,No,No,Complete,Needs location detail review,Digital Collections/Databases/Archives,Abolitionists/Emancipation/Reconstruction; Newspapers/Periodicals/Black Press; Transatlantic Slave Trade/Slavery; U.S. History,Other/Unknown,Independent Scholar/Individual Research,Other/Unknown,Data Not Available,In-Kind Support
bdph_0231,Honoring the Enslaved,https://www.smcm.edu/honoring-enslaved/,Exhibit and archive of materials related to the history of slavery in southern Maryland,2020,2020,45021,2023,Updated 2023-2024,2020s,Mixed,United States,"St. Mary's College of Maryland 47645 College Drive St. Mary's City, MD, 20686-3001",N/A,MD,USA,38.1885119,-76.42627499999999,1,No,Unspecified,2,1,4,1,2,1,1,No,No,No,Complete,Needs location detail review,Events/Programming; Exhibits & Digital Storytelling,Transatlantic Slave Trade/Slavery,18th Century; 19th Century; 20th Century; 21st Century,University (Other),Faculty; Museum Professionals,Data Not Available,Institutional Operating Budget (Internal)
bdph_0232,Hughes Estate Map · Hughes Archeological Research Project,https://lcdssgeo.com/omeka-s/s/Hughes/page/hughes-estate-map,Website housing information and maps for an archaeological project on the Hughes Estate in Anguilla,2019,2019,2022,2022,Updated 2020-2022,2010s,Digital,United States,"Temple University: 1801 N Broad St, Philadelphia, PA 19122",N/A,PA,USA,39.9811911,-75.1553563,1,No,11-25,2,1,2,1,2,1,1,No,No,No,Complete,Needs location detail review,Data Mining/Mapping/Visualization; Local History & Local Places,Transatlantic Slave Trade/Slavery,18th Century; 19th Century,Inter-Institution Partnership,Community Members; Graduate Students,Data Not Available,In-Kind Support
bdph_0233,iBlack Studies,https://iopn.library.illinois.edu/pressbooks/iblackstudies/,Digital version of a special issue from International Journal on Africana Studies on digital Black studies in the 21st century,2008,2008,Unspecified,,Unknown / unparsed,2000s,Digital,United States,"1408 W. Gregory Dr. Urbana, IL 61801",N/A,IL,USA,40.1046889,-88.22903819999999,3,Yes,26-50,1,3,1,2,1,1,1,No,No,No,Update missing/unparsed,Needs location detail review,Digital Publishing & Digital Editions,Black People and Technology; Black Studies; Digital Humanities,21st Century,Inter-Institution Partnership; University (Other),Faculty,Data Not Available,In-Kind Support
bdph_0234,Index of African American History in the JAH,https://www.processhistory.org/african-american-index/,Index of all the articles on Black history published by the Mississippi Valley Historical Review/Journal of American History,43509,2019,44896,2022,Updated 2020-2022,2010s,Digital,United States,"Bloomington, Indiana 47408",Bloomington,IN,USA,39.2053078,-86.4794359,1,No,Unspecified,2,2,2,1,1,1,1,No,No,No,Complete,Location detail present,Digital Collections/Databases/Archives; Resource Hub,Newspapers/Periodicals/Black Press; U.S. History,20th Century; 21st Century,Community Group,Digital/Design Professionals,Data Not Available,In-Kind Support
bdph_0235,In Motion: The African-American Migration Experience,http://www.inmotionaame.org/,Information on the 13 most important migratory period in African American history,Unspecified,,2005,2005,Last update before 2020,Unknown,Digital,United States,Digital Library Program The New York Public Library 188 Madison Avenue New York NY 10016,Digital Library Program The New York Public Library 188 Madison Avenue New York,NY,USA,40.74818459999999,-73.98284129999999,1,No,51+,3,3,7,1,4,1,2,No,No,No,Start missing/unparsed,Location detail present,Data Mining/Mapping/Visualization; Digital Collections/Databases/Archives; Educational Resources,African Diaspora/Migration; Caribbean History; Transatlantic Slave Trade/Slavery,15th Century; 16th Century; 17th Century; 18th Century; 19th Century; 20th Century; 21st Century,Public Library,Community Members; Faculty; Library Professionals; Museum Professionals,Data Not Available,Grants/Awards (Public/Federal); In-Kind Support
bdph_0236,In Pursuit of Freedom,http://pursuitoffreedom.org/,Multimodal project exploring the history of the anti-slavery movement in Brooklyn,2012,2012,2014,2014,Last update before 2020,2010s,Mixed,United States,"Brooklyn, New York 11221",Brooklyn,NY,USA,40.6903213,-73.9271644,1,No,51+,6,7,2,1,5,1,4,No,No,No,Complete,Location detail present,Art and Performance; Digital Collections/Databases/Archives; Educational Resources; Events/Programming; Exhibits & Digital Storytelling; Local History & Local Places,Abolitionists/Emancipation/Reconstruction; Black Communities/Urban Renewal; Black Soldiers/American Civil War; Civil Rights Movement/Black Power; Other/Unknown; Politics and Government; Transatlantic Slave Trade/Slavery,18th Century; 19th Century,Museum,Faculty; Graduate Students; Museum Professionals; Other/Unknown; Undergraduate Students,Data Not Available,Grants/Awards (Private: Foundations/Charities); Grants/Awards (Public/Federal); Grants/Awards (Public: State or Local); Small Donations
bdph_0237,In the Same Boats,http://sameboats.org/,Project exploring the 20th century Black diaspora through different maps of the travels of authors,Unspecified,,Unspecified,,Unknown / unparsed,Unknown,Digital,United States,"Columbia University, New York, NY 10027",N/A,NY,USA,40.8075355,-73.9625727,5,Yes,11-25,1,3,2,1,2,1,1,No,No,No,Start and update missing/unparsed,Needs location detail review,Data Mining/Mapping/Visualization,African Diaspora/Migration; Black Literature; Historical Figure,19th Century; 20th Century,Inter-Institution Partnership,Faculty; Library Professionals,Data Not Available,Grants/Awards (Professional Organizations)
bdph_0238,Independent Voices : An Open Access Collection of an Alternative Press,https://www.jstor.org/site/reveal-digital/independent-voices/?searchkey=1665492088198,"Collection of open access, late-20th-century alternative press documents",Unspecified,,Unspecified,,Unknown / unparsed,Unknown,Digital,United States,"Ann Arbor, MI",Ann Arbor,N/A,N/A,42.2808256,-83.7430378,2,Yes,Unspecified,2,3,1,1,4,1,1,No,No,No,Start and update missing/unparsed,Needs location detail review,Digital Collections/Databases/Archives; Digital Publishing & Digital Editions,Black Activism/Advocacy; Civil Rights Movement/Black Power; Newspapers/Periodicals/Black Press,20th Century,Press,Faculty; Library Professionals; Museum Professionals; Other/Unknown,Data Not Available,Grants/Awards (Professional Organizations)
bdph_0239,Indianapolis Recorder,https://ulib.iupui.edu/digitalcollections/IRecorder,"Digital archive of many issues of the Black newspaper, the Indianapolis Recorder",Unspecified,,2017,2017,Last update before 2020,Unknown,Digital,United States,"755 W. Michigan Street Indianapolis, IN 46202",N/A,IN,USA,39.7729955,-86.1721257,3,Yes,Unspecified,2,1,3,1,1,1,1,No,No,No,Start missing/unparsed,Needs location detail review,Digital Publishing & Digital Editions; Local History & Local Places,Newspapers/Periodicals/Black Press,19th Century; 20th Century; 21st Century,University Library,Library Professionals,Data Not Available,Grants/Awards (Private: Foundations/Charities)
bdph_0240,Islands in the North: Making Space and Place in Black Toronto,http://www.islandsinthenorth.com/,"History of Black people in Toronto, illustrated through archival material",Unspecified,,2022,2022,Updated 2020-2022,Unknown,Digital,United States,"Washington State University: 106 Van Doren, Pullman, WA 99164",N/A,WA,USA,46.7318261,-117.1644436,1,No,1-5,2,3,2,1,2,1,1,No,No,No,Start missing/unparsed,Needs location detail review,Data Mining/Mapping/Visualization; Digital Collections/Databases/Archives,African Diaspora/Migration; Black Communities/Urban Renewal; Black People - Race Identity,19th Century; 20th Century,Independent Scholar/Individual Research,Faculty; Library Professionals,Data Not Available,In-Kind Support
bdph_0241,Jean Toomer’s Cane: Digital Edition,https://scalar.lehigh.edu/jean-toomers-cane-1923/index,Digitized version of Cane by Jean toomer,Unspecified,,43476,2019,Last update before 2020,Unknown,Digital,United States,"35 Sayre Dr, Bethlehem, PA 18015",N/A,PA,USA,40.6057075,-75.3772639,6,Yes,Unspecified,1,1,1,1,1,1,1,No,No,No,Start missing/unparsed,Needs location detail review,Digital Publishing & Digital Editions,Black Literature,20th Century,Independent Scholar/Individual Research,Faculty,Data Not Available,In-Kind Support
bdph_0242,Life and Labor under Slavery: the Jesuit Plantation Project,http://jesuitplantationproject.org/s/jpp/page/welcome,"With an eye to the events and relationships that formed the warp and woof of the daily lives of the enslaved people owned by the Maryland Province Jesuits, Sharon Leon has identified the individual enslaved people present in the documentary evidence beginning in the 1710s and situated them within their families and larger communities.",42948,2017,15 April 2023,2023,Updated 2023-2024,2010s,Digital,United States,"Falls Church, Virginia",Falls Church,N/A,N/A,38.88233400000001,-77.1710914,1,No,1-5,3,2,2,2,1,2,1,No,Yes,Yes,Complete,Needs location detail review,Data Mining/Mapping/Visualization; Digital Collections/Databases/Archives; Digital Publishing & Digital Editions,Transatlantic Slave Trade/Slavery; U.S. History,18th Century; 19th Century,Independent Scholar/Individual Research; PWI (Graduate),Faculty,LGBTQ+ Run; Women Run,Grants/Awards (Public/Federal)
bdph_0243,The Jim Crow Museum,https://www.ferris.edu/jimcrow/,Museum of anti-Black memorabilia,Unspecified,,45027,2023,Updated 2023-2024,Unknown,Mixed,United States,"Ferris State University 1010 Campus Drive Big Rapids, Michigan 49307",N/A,MI,USA,43.6839617,-85.4852488,1,No,6-10,1,2,1,2,1,1,2,No,No,No,Start missing/unparsed,Needs location detail review,Exhibits & Digital Storytelling,Race Relations/Racial Inequality/Racism; Segregation,Other/Unknown,Museum; PWI (Graduate),Museum Professionals,Data Not Available,Institutional Operating Budget (Internal); Small Donations
bdph_0244,"John W. Jones in Elmira, NY",https://marktwainstudies.com/john-w-jones/,Article on John W. Jones and Mark Twain,Unspecified,,Unspecified,,Unknown / unparsed,Unknown,Digital,United States,"One Park Place, Elmira, NY 14901",N/A,NY,USA,42.095617,-76.812484,1,No,1-5,1,5,2,1,1,1,2,No,No,No,Start and update missing/unparsed,Needs location detail review,Digital Publishing & Digital Editions,Abolitionists/Emancipation/Reconstruction; Black Men/Masculinity; Black Soldiers/American Civil War; Historical Figure; Transatlantic Slave Trade/Slavery,19th Century; 20th Century,Independent Scholar/Individual Research,Faculty,Data Not Available,In-Kind Support; Small Donations
bdph_0245,Journal of Slavery and Data Preservation,https://jsdp.enslaved.org/,Journal about datasets related to slavery/the transatlantic slave trade,2011,2011,44986,2023,Updated 2023-2024,2010s,Digital,United States,"Michigan State University: 426 Auditorium Road East Lansing, MI 48824",N/A,MI,USA,42.7296593,-84.4815364,2,Yes,11-25,1,3,6,1,1,1,1,No,No,No,Complete,Needs location detail review,Digital Publishing & Digital Editions,African Diaspora/Migration; Newspapers/Periodicals/Black Press; Transatlantic Slave Trade/Slavery,15th Century; 16th Century; 17th Century; 18th Century; 19th Century; 20th Century,Press,Faculty,Data Not Available,Other/Unknown
bdph_0246,Jubilo! The Emancipation Century,https://jubiloemancipationcentury.wordpress.com/,Blog about the lives of Black people in the 19th century,Unspecified,,44250,2021,Updated 2020-2022,Unknown,Digital,United States,"Washington, DC",Washington,DC,USA,38.9071923,-77.0368707,4,Yes,1-5,1,3,1,1,1,1,1,No,No,No,Start missing/unparsed,Location detail present,Digital Collections/Databases/Archives,Abolitionists/Emancipation/Reconstruction; Black Soldiers/American Civil War; Transatlantic Slave Trade/Slavery,19th Century,Independent Scholar/Individual Research,Other/Unknown,Data Not Available,In-Kind Support
bdph_0247,Just Teach One: Early African American Print,https://jtoaa.americanantiquarian.org/,Blog and archive of Black 19th century literature,Unspecified,,2015,2015,Last update before 2020,Unknown,Digital,United States,"Worcester, MA 01609",N/A,MA,USA,42.2971508,-71.8393443,1,No,6-10,2,1,1,1,1,1,2,No,No,No,Start missing/unparsed,Needs location detail review,Digital Collections/Databases/Archives; Resource Hub,Black Literature,19th Century,Inter-Institution Partnership,Faculty,Data Not Available,Grants/Awards (Professional Organizations); In-Kind Support
bdph_0248,Kennedy Prints! A Letterpress Printery,http://www.kennedyprints.com/posters1.html,Black poster printing press,Unspecified,,Unspecified,,Unknown / unparsed,Unknown,Physical,United States,"Kennedy Prints, LLC P.O. Box 7489 Detroit, MI 48207",N/A,MI,USA,42.3488239,-83.025396,1,No,Unspecified,1,1,1,1,1,1,1,No,No,No,Start and update missing/unparsed,Needs location detail review,Art and Performance,Black Visual and Performance Art,Other/Unknown,Other/Unknown,Other/Unknown,Data Not Available,In-Kind Support
bdph_0249,The Knotted Line,https://knottedline.com/,Collection of paintings illustrating the connection between freedom and confinement in the US,Unspecified,,2014,2014,Last update before 2020,Unknown,Digital,United States,"Berkeley, CA",Berkeley,N/A,N/A,37.8715226,-122.273042,1,No,1-5,2,4,7,1,1,1,1,No,No,No,Start missing/unparsed,Needs location detail review,Data Mining/Mapping/Visualization; Educational Resources,Black Activism/Advocacy; Race Relations/Racial Inequality/Racism; Segregation; U.S. History,15th Century; 16th Century; 17th Century; 18th Century; 19th Century; 20th Century; 21st Century,Community Group,Community Members,Data Not Available,Grants/Awards (Private: Foundations/Charities)
bdph_0250,La Gazette Royale - A Journey Through Haiti’s Early Print Culture,http://lagazetteroyale.com/,Archive of early-19th-century Haitian newspapers and documents,2014,2014,43765,2019,Last update before 2020,2010s,Digital,United States,"Yale University: 451 College St, New Haven, CT 06511",N/A,CT,USA,41.3163244,-72.92234309999999,2,Yes,11-25,1,2,1,1,2,1,2,No,No,No,Complete,Needs location detail review,Digital Collections/Databases/Archives,Caribbean History; Newspapers/Periodicals/Black Press,19th Century,Independent Scholar/Individual Research,Digital/Design Professionals; Faculty,Data Not Available,Grants/Awards (Professional Organizations); In-Kind Support
bdph_0251,Language of Marks,https://languageofmarks.org/newHome/index.php,Multimodal project aiming to restore elements of Black identity impacted by the slave trade,Unspecified,,2021,2021,Updated 2020-2022,Unknown,Digital,Canada,"OCAD University: 100 McCaul Street, Toronto, Ontario, Canada, M5T 1W1",OCAD University: 100 McCaul Street,N/A,Canada,43.65318449999999,-79.3914842,2,Yes,11-25,2,2,1,1,2,1,1,No,No,No,Start missing/unparsed,Location detail present,Data Mining/Mapping/Visualization; Digital Collections/Databases/Archives,Black People - Race Identity; Transatlantic Slave Trade/Slavery,19th Century,Inter-Institution Partnership,Faculty; Graduate Students,Data Not Available,Grants/Awards (Public/Federal)
bdph_0252,The Lantern Project,https://www.lanternproject.msstate.edu/,"Legal records of enslaved persons in Mississippi and Alabama from approximately 1800-1865, held by the institutions participating in the grant.",2020,2020,2023,2023,Updated 2023-2024,2020s,Digital,United States,"395 Hardy Rd., Mississippi State, MS 39762",N/A,MS,USA,33.4527409,-88.7885912,2,Yes,Unspecified,3,3,1,1,1,1,2,No,No,Yes,Complete,Needs location detail review,Data Mining/Mapping/Visualization; Digital Collections/Databases/Archives; Resource Hub,African History; Transatlantic Slave Trade/Slavery; U.S. History,19th Century,Inter-Institution Partnership,Library Professionals,Not Minority Run,Grants/Awards (Public/Federal); In-Kind Support
bdph_0253,Last Road to Freedom,https://lastroadtofreedom.org/,Collection of registers and other archival data of Black soldiers from the Civil War,2009,2009,44659,2022,Updated 2020-2022,2000s,Digital,United States,"Rust College, Holly Springs, Mississippi 38635",HOLLY SPRINGS,MS,USA,34.7764601,-89.4476005,1,No,1-5,4,5,1,1,1,1,2,No,No,No,Complete,Location detail present,Data Mining/Mapping/Visualization; Digital Collections/Databases/Archives; Digital Publishing & Digital Editions; Educational Resources,Abolitionists/Emancipation/Reconstruction; Black Men/Masculinity; Black Soldiers/American Civil War; Digital Humanities; U.S. History,19th Century,Independent Scholar/Individual Research,Other/Unknown,Data Not Available,Grants/Awards (Public/Federal); In-Kind Support
bdph_0254,Last Seen: Finding Family After Slavery,https://informationwanted.org/,Archive of ads placed by emancipated slaves to try and find their families,2017,2017,2023,2023,Updated 2023-2024,2010s,Digital,United States,Villanova University 19085,Villanova University 19085,N/A,USA,40.0368926,-75.3425785,3,Yes,11-25,4,3,2,1,4,1,6,No,No,No,Complete,Location detail present,Data Mining/Mapping/Visualization; Digital Collections/Databases/Archives; Educational Resources; Exhibits & Digital Storytelling,Black Communities/Urban Renewal; Newspapers/Periodicals/Black Press; Transatlantic Slave Trade/Slavery,19th Century; 20th Century,Independent Scholar/Individual Research,Community Members; Faculty; Graduate Students; Undergraduate Students,Data Not Available,Grants/Awards (Institutional/Internal); Grants/Awards (Private: Foundations/Charities); Grants/Awards (Professional Organizations); Grants/Awards (Public/Federal); In-Kind Support; Small Donations
bdph_0255,The LatiNegrxs Project,https://lati-negros.tumblr.com/,Blog for the sharing of stories/information related to being afro-latinx in the US,39845,2009,43862,2020,Updated 2020-2022,2000s,Digital,United States,New York City,New York City,N/A,N/A,40.7127753,-74.0059728,12,Yes,6-10,3,2,1,1,4,1,1,No,No,No,Complete,Needs location detail review,Digital Publishing & Digital Editions; Educational Resources; Other/Unknown,Black People - Race Identity; Race Relations/Racial Inequality/Racism,Other/Unknown,Community Group,Community Members; Faculty; Graduate Students; Undergraduate Students,Data Not Available,In-Kind Support
bdph_0256,The Learning Tree: A Gordon Parks Archive Project,https://thelearningtreearchives.org,Project exploring Gordon Parks and his novel/film The Learning Tree,Unspecified,,2022,2022,Updated 2020-2022,Unknown,Digital,United States,"Kansas State University, Manhattan, KS 66506",N/A,KS,USA,39.1974437,-96.5847249,1,No,11-25,3,3,1,1,4,1,1,No,No,Yes,Start missing/unparsed,Needs location detail review,Digital Collections/Databases/Archives; Educational Resources; Resource Hub,Black Film; Black Literature; Black Men/Masculinity,20th Century,PWI (Undergraduate),Faculty; Graduate Students; Library Professionals; Undergraduate Students,Not Minority Run,In-Kind Support
bdph_0257,Left of Black,https://leftofblack.tumblr.com/,Video podcasts covering various aspects of the Black experience with Black Studies scholars,40434,2010,44770,2022,Updated 2020-2022,2010s,Digital,United States,"114 S Buchanan Blvd, Durham, NC 27701",N/A,NC,USA,36.0017185,-78.9142246,2,Yes,1-5,3,3,1,1,3,1,2,No,No,No,Complete,Needs location detail review,Digital Publishing & Digital Editions; Educational Resources; Other/Unknown,Black Education/Black Students; Black People - Race Identity; Race Relations/Racial Inequality/Racism,Other/Unknown,PWI (Graduate),Community Members; Faculty; Library Professionals,Data Not Available,Grants/Awards (Institutional/Internal); Institutional Operating Budget (Internal)
bdph_0258,Legacy of Lynching,https://legacyoflynching.com/,"Project that researched racial violence, specifically lynching, in Lower Alabama",43216,2018,2019,2019,Last update before 2020,2010s,Mixed,United States,"600 University Ave, Troy, AL 36082",N/A,AL,USA,31.7996831,-85.9598422,1,No,26-50,4,2,2,1,3,1,1,No,No,No,Complete,Needs location detail review,Data Mining/Mapping/Visualization; Educational Resources; Local History & Local Places; Resource Hub,Lynching/Race Riots/Police Brutality; Segregation,19th Century; 20th Century,PWI (Undergraduate),Faculty; Library Professionals; Undergraduate Students,Data Not Available,In-Kind Support
bdph_0259,Legacy of Slavery in Maryland,http://slavery.msa.maryland.gov/,Digital research project creating access to Maryland's documentation related to enslaved people,2010,2010,2011,2011,Last update before 2020,2010s,Digital,United States,"Maryland State Archives 350 Rowe Blvd. Annapolis, MD 21401",N/A,MD,USA,38.9861552,-76.50047049999999,1,No,6-10,4,1,4,1,5,1,6,No,No,No,Complete,Needs location detail review,Data Mining/Mapping/Visualization; Digital Collections/Databases/Archives; Digital Publishing & Digital Editions; Local History & Local Places,Transatlantic Slave Trade/Slavery,17th Century; 18th Century; 19th Century; 20th Century,Community Group,Community Members; Digital/Design Professionals; Graduate Students; Library Professionals; Undergraduate Students,Data Not Available,Grants/Awards (Private: Foundations/Charities); Grants/Awards (Professional Organizations); Grants/Awards (Public/Federal); Grants/Awards (Public: State or Local); In-Kind Support; Small Donations
bdph_0260,Legacies of British Slavery,https://www.ucl.ac.uk/lbs/,"Research project on British slavery, covering slave-owners and the Caribbean/British empire",2009,2009,2023,2023,Updated 2023-2024,2000s,Digital,United Kingdom,Department of History UCL London WC1E 6BT,N/A,N/A,United Kingdom,51.5244821,-0.1320743,1,No,11-25,5,1,2,1,3,1,2,No,No,No,Complete,Needs location detail review,Data Mining/Mapping/Visualization; Digital Collections/Databases/Archives; Educational Resources; Other/Unknown; Resource Hub,Transatlantic Slave Trade/Slavery,18th Century; 19th Century,PWI (Undergraduate),Digital/Design Professionals; Faculty; Fellows and/or Postdocs,Data Not Available,Grants/Awards (Private: Foundations/Charities); Grants/Awards (Professional Organizations)
bdph_0261,Life x Code: DH Against Enclosure,https://www.lifexcode.org/,"Reimagining of digital humanities through a Black, feminist lens",2020,2020,44999,2023,Updated 2023-2024,2020s,Digital,United States,Johns Hopkins University 21218,Johns Hopkins University 21218,N/A,USA,39.3299013,-76.6205177,4,Yes,1-5,3,4,1,2,6,1,1,No,No,No,Complete,Location detail present,Educational Resources; Events/Programming; Resource Hub,Abolitionists/Emancipation/Reconstruction; Black Literature; Black Women/Feminism; Digital Humanities,Other/Unknown,Inter-Institution Partnership; PWI (Graduate),Community Members; Digital/Design Professionals; Faculty; Graduate Students; Library Professionals; Museum Professionals,Data Not Available,In-Kind Support
bdph_0262,Linked Jazz,https://semlab.io/projects/#linked-jazz,"Linked Jazz applies Linked Open Data to jazz history materials, uncovering meaningful connections between documents, data, and the personal and professional lives of jazz artists.",2011,2011,August 2023 (project ongoing),,Unknown / unparsed,2010s,Digital,United States,"c/o Prof. Cristina Pattuelli, Semantic Lab at Pratt, Pratt Institute, School of Information 144 W. 14th Street, 6th floor New York, NY 10011",N/A,NY,USA,40.738073,-73.99898,3,Yes,1-5,3,1,1,1,2,1,3,No,No,Yes,Update missing/unparsed,Needs location detail review,Data Mining/Mapping/Visualization; Digital Publishing & Digital Editions; Oral Histories,Black Music,20th Century,PWI (Graduate),Faculty; Graduate Students,Not Minority Run,Grants/Awards (Institutional/Internal); Grants/Awards (Private: Foundations/Charities); In-Kind Support
bdph_0263,Linking Lost Jazz Shrines (LLJS),https://sites.google.com/weeksvillesociety.org/linking-lost-jazz-shrines,"Semantic Lab at Pratt (semlab.io) and Weeksville Heritage Center (WHC, weeksvillesociety.org) collaboration using the Weeksville Lost Jazz Shrines of Brooklyn (WLJSB) oral history collection as source material for creating linked open data in the Semantic Lab at Pratt's Wikibase (base.semlab.io)",43435,2018,August 2023 (project ongoing),,Unknown / unparsed,2010s,Digital,United States,"c/o Prof. Cristina Pattuelli, Semantic Lab at Pratt, Pratt Institute, School of Information 144 W. 14th Street, 6th floor New York, NY 10011",N/A,NY,USA,40.738073,-73.99898,3,Yes,1-5,4,3,1,3,4,1,2,No,No,Yes,Update missing/unparsed,Needs location detail review,Digital Collections/Databases/Archives; Educational Resources; Local History & Local Places; Oral Histories,Black Communities/Urban Renewal; Black Music; Historical Landmarks/Monuments,20th Century,Historical Society; Museum; PWI (Graduate),Community Members; Faculty; Graduate Students; Museum Professionals,Not Minority Run,Grants/Awards (Private: Foundations/Charities); Grants/Awards (Public: State or Local)
bdph_0264,Livingstone Online,https://livingstoneonline.org/,"Research about the manuscripts and historical/cultural contexts of British missionary, abolitionist, and explorer David Livingstone",2004,2004,2021,2021,Updated 2020-2022,2000s,Digital,United States,"University of Nebraska-Lincoln 1400 R St, Lincoln, NE 68588",N/A,NE,USA,40.8186577,-96.70245249999999,1,No,51+,4,4,1,4,6,1,3,No,No,No,Complete,Needs location detail review,Digital Collections/Databases/Archives; Digital Publishing & Digital Editions; Educational Resources; Exhibits & Digital Storytelling,Abolitionists/Emancipation/Reconstruction; Colonialism & Post-Colonialism/Decolonization; Historical Figure; Race Relations/Racial Inequality/Racism,19th Century,Historical Society; Inter-Institution Partnership; PWI (Graduate); University Library,Community Members; Digital/Design Professionals; Faculty; Graduate Students; Library Professionals; Museum Professionals,Data Not Available,Grants/Awards (Private: Foundations/Charities); Grants/Awards (Professional Organizations); Grants/Awards (Public/Federal)
bdph_0265,liquid blackness Project,https://liquidblackness.com/,"Collaborative research project on blackness and aesthetics devoted to mentoring the next generation of scholars/creatives of color while creating a vibrant, extended, and sustainable community.",41518,2013,44986,2023,Updated 2023-2024,2010s,Mixed,United States,"Atlanta, GA: Liquid Blackness Limited is located at 258 Garland Ave, Decatur, GA while the research group is partly supported by the School of Film, Media & Theater, College of the Arts, Georgia State University, Atlanta, GA",COLLEGE OF THE ARTS,N/A,N/A,33.7540459,-84.2940674,1,No,11-25,5,7,2,3,3,1,3,No,No,Yes,Complete,Needs location detail review,Art and Performance; Digital Collections/Databases/Archives; Educational Resources; Events/Programming; Resource Hub,African Diaspora/Migration; Black Education/Black Students; Black Film; Black Music; Black Studies; Black Visual and Performance Art; Digital Humanities,20th Century; 21st Century,Community Group; Minority Serving Institution (Graduate); Minority Serving Institution (Undergraduate),Community Members; Faculty; Graduate Students,Not Minority Run,Grants/Awards (Institutional/Internal); In-Kind Support; Small Donations
bdph_0266,Locating Slavery's Legacies,https://sites.google.com/sewanee.edu/locatingslaveryslegacies,Research project on/database of civil war/confederate monuments on college campuses,2022,2022,2023,2023,Updated 2023-2024,2020s,Digital,United States,"735 University Ave, Sewanee, TN 37383",N/A,TN,USA,35.2025381,-85.9208317,3,Yes,1-5,1,4,3,1,4,1,2,No,No,No,Complete,Needs location detail review,Digital Collections/Databases/Archives,Abolitionists/Emancipation/Reconstruction; Civil Rights Movement/Black Power; Historical Landmarks/Monuments; U.S. History,19th Century; 20th Century; 21st Century,Inter-Institution Partnership,Faculty; Fellows and/or Postdocs; Graduate Students; Library Professionals,Data Not Available,Grants/Awards (Institutional/Internal); Grants/Awards (Professional Organizations)
bdph_0267,Looking Glass,https://looking-glass.space,"Looking Glass is an app-based archive intended to provide another means of discovering, commemorating and remembering the richness of Black life in Pittsburgh.",44197,2021,44986,2023,Updated 2023-2024,2020s,Digital,United States,Pittsburgh,Pittsburgh,N/A,N/A,40.4386612,-79.99723519999999,1,No,6-10,6,12,3,1,1,1,2,Yes,No,Yes,Complete,Needs location detail review,Data Mining/Mapping/Visualization; Digital Collections/Databases/Archives; Events/Programming; Exhibits & Digital Storytelling; Local History & Local Places; Oral Histories,Abolitionists/Emancipation/Reconstruction; Black Activism/Advocacy; Black Communities/Urban Renewal; Black Lives Matter Movement; Black Music; Black People - Race Identity; Black Visual and Performance Art; Civil Rights Movement/Black Power; Digital Humanities; Historical Landmarks/Monuments; Race Relations/Racial Inequality/Racism; Segregation,19th Century; 20th Century; 21st Century,Independent Scholar/Individual Research,Community Members,BIPOC Run,Grants/Awards (Private: Foundations/Charities); In-Kind Support
bdph_0268,Lost Friends: Advertisements from the Southwestern Christian Advocate,https://www.hnoc.org/database/lost-friends/index.html,Archive of Lost Friend ads from the Southwestern Christian Advocate newspaper,2016,2016,2023,2023,Updated 2023-2024,2010s,Digital,United States,"The Historic New Orleans Collection/ Williams Research Center 410 Chartres Street New Orleans, LA 70130",N/A,LA,USA,29.9551209,-90.06560329999999,1,No,Unspecified,3,2,2,1,2,1,2,No,No,No,Complete,Needs location detail review,Digital Collections/Databases/Archives; Exhibits & Digital Storytelling; Local History & Local Places,Newspapers/Periodicals/Black Press; Transatlantic Slave Trade/Slavery,19th Century; 20th Century,Museum,Library Professionals; Museum Professionals,Data Not Available,In-Kind Support; Small Donations
bdph_0269,Lost in the City: An Exploration of Edward P. Jones's Short Fiction,https://iopn.library.illinois.edu/scalar/lost-in-the-city-a-exploration-of-edward-p-joness-short-fiction-/index,Book on works by author Edward P. Jones,2017,2017,44662,2022,Updated 2020-2022,2010s,Digital,United States,"1408 W. Gregory Dr. Urbana, IL 61801",N/A,IL,USA,40.1046889,-88.22903819999999,3,Yes,11-25,4,2,2,1,2,1,3,No,No,No,Complete,Needs location detail review,Data Mining/Mapping/Visualization; Educational Resources; Exhibits & Digital Storytelling; Local History & Local Places,Black Literature; Black Men/Masculinity,20th Century; 21st Century,Inter-Institution Partnership,Community Members; Faculty,Data Not Available,Grants/Awards (Private: Foundations/Charities); In-Kind Support; Institutional Operating Budget (Internal)
bdph_0270,Louisiana Slave Conspiracies,https://lsc.berkeley.edu/,"Archive of documents relating to the slave revolt in Pointe Coupée, Louisiana",2019,2019,2019,2019,Last update before 2020,2010s,Digital,United States,"University of California, Berkeley 94720-1030",University of California,CA,USA,37.8712141,-122.255463,2,Yes,51+,5,2,1,2,7,1,2,No,No,No,Complete,Location detail present,Data Mining/Mapping/Visualization; Digital Collections/Databases/Archives; Educational Resources; Exhibits & Digital Storytelling; Local History & Local Places,Abolitionists/Emancipation/Reconstruction; Transatlantic Slave Trade/Slavery,18th Century,Community Group; PWI (Graduate),Community Members; Digital/Design Professionals; Faculty; Graduate Students; Library Professionals; Museum Professionals; Undergraduate Students,Data Not Available,In-Kind Support; Institutional Operating Budget (Internal)
bdph_0271,Lowcountry Digital History Initiative,https://ldhi.library.cofc.edu/,"Digital public history exhibit about the South Carolina Lowcountry, focused on underrepresented history. Many exhibits focus on Black history, women's history, and civil rights.",2013,2013,44866,2022,Updated 2020-2022,2010s,Digital,United States,"66 George Street, Charleston, South Carolina 29424",CHARLESTON,SC,USA,32.7833782,-79.9370429,3,Yes,26-50,4,19,4,1,4,1,2,No,No,Yes,Complete,Location detail present,Digital Publishing & Digital Editions; Educational Resources; Exhibits & Digital Storytelling; Local History & Local Places,Abolitionists/Emancipation/Reconstruction; African Diaspora/Migration; African History; Black Activism/Advocacy; Black Education/Black Students; Black People - Race Identity; Black Religions; Black Women/Feminism; Caribbean History; Civil Rights Movement/Black Power; Colonialism & Post-Colonialism/Decolonization; Digital Humanities; Historical Figure; Historical Landmarks/Monuments; Politics and Government; Race Relations/Racial Inequality/Racism; Segregation; Transatlantic Slave Trade/Slavery; U.S. History,18th Century; 19th Century; 20th Century; 21st Century,University Library,Community Members; Faculty; Graduate Students; Library Professionals,Not Minority Run,Grants/Awards (Private: Foundations/Charities); Institutional Operating Budget (Internal)
bdph_0272,Love and Suspense in Paris Noir,https://iopn.library.illinois.edu/scalar/love_and_suspense/index,Book studying Rendezvous Eighteenth by Jake Lamar,2019,2019,43686,2019,Last update before 2020,2010s,Digital,United States,"1408 W. Gregory Dr. Urbana, IL 61801",N/A,IL,USA,40.1046889,-88.22903819999999,3,Yes,Unspecified,4,2,1,1,1,1,3,No,No,No,Complete,Needs location detail review,Data Mining/Mapping/Visualization; Digital Collections/Databases/Archives; Digital Publishing & Digital Editions; Exhibits & Digital Storytelling,Black Literature; Black Men/Masculinity,21st Century,Independent Scholar/Individual Research,Faculty,Data Not Available,Grants/Awards (Private: Foundations/Charities); In-Kind Support; Institutional Operating Budget (Internal)
bdph_0273,#LOVECRAFTCOUNTRY,https://sites.psu.edu/lovecraftcountry/,Resource of materials (primary and published) related to the events in the show Lovecraft Country,2020,2020,2023,2023,Updated 2023-2024,2020s,Digital,United States,"104 Paterno Library, State College, PA 16801",N/A,PA,USA,40.7981029,-77.86575739999999,1,No,1-5,3,2,4,1,1,1,1,No,No,Yes,Complete,Needs location detail review,Digital Collections/Databases/Archives; Digital Publishing & Digital Editions; Exhibits & Digital Storytelling,LBGTQIA+/Queer Studies; U.S. History,18th Century; 19th Century; 20th Century; 21st Century,University Library,Library Professionals,Not Minority Run,Institutional Operating Budget (Internal)
bdph_0274,Lynching in America,https://lynchinginamerica.eji.org/,Multimedia project illustrating the legacy of lynching in the United States,2015,2015,2017,2017,Last update before 2020,2010s,Digital,United States,"122 Commerce St, Montgomery, AL 36104",N/A,AL,USA,32.3795612,-86.31075899999999,1,No,1-5,5,2,2,1,4,1,2,No,No,No,Complete,Needs location detail review,Data Mining/Mapping/Visualization; Digital Publishing & Digital Editions; Educational Resources; Exhibits & Digital Storytelling; Oral Histories,Lynching/Race Riots/Police Brutality; Transatlantic Slave Trade/Slavery,19th Century; 20th Century,Community Group,Community Members; Digital/Design Professionals; Fellows and/or Postdocs; Other/Unknown,Data Not Available,Grants/Awards (Private: Corporate/Individual Sponsors); Grants/Awards (Private: Foundations/Charities)
bdph_0275,Madam C.J. Walker Collection,https://images.indianahistory.org/digital/collection/m0399,Archive of materials related to the businesses of Madam C.J. Walker,2019,2019,2019,2019,Last update before 2020,2010s,Digital,United States,"450 West Ohio Street, Indianapolis, IN 46202",N/A,IN,USA,39.77051609999999,-86.16618129999999,1,No,Unspecified,3,2,1,1,3,1,2,No,No,No,Complete,Needs location detail review,Digital Collections/Databases/Archives; Exhibits & Digital Storytelling; Local History & Local Places,Black Women/Feminism; Historical Figure,20th Century,Historical Society,Digital/Design Professionals; Library Professionals; Museum Professionals,Data Not Available,Grants/Awards (Private: Foundations/Charities); Grants/Awards (Professional Organizations)
bdph_0276,Making Africa - Vitra Designer Exhibition,https://web.archive.org/web/20201101035700/http://makingafrica.net/exhibition/,Contemporary design exhibit illustrating changes on the African continent,42086,2015,44991,2023,Updated 2023-2024,2010s,Mixed,Germany,"Weil am Rhein, Germany UST ID DE 813348482",Weil am Rhein,N/A,Germany,47.5934368,7.6198121,1,No,51+,3,1,1,1,2,1,2,No,No,No,Complete,Location detail present,Art and Performance; Digital Publishing & Digital Editions; Exhibits & Digital Storytelling,Black Visual and Performance Art,Other/Unknown,Museum,Digital/Design Professionals; Museum Professionals,Data Not Available,Grants/Awards (Public/Federal); In-Kind Support
bdph_0277,Making African Connections Digital Archive,https://makingafricanconnections.org/s/archive/page/index,Digitization of African materials held in British museums,2019,2019,2021,2021,Updated 2020-2022,2010s,Digital,United Kingdom,University of Sussex UST ID DE 813348482,University of Sussex UST ID DE 813348482,N/A,N/A,50.8677123,-0.0875492,1,No,6-10,1,1,2,1,5,1,2,No,No,Yes,Complete,Needs location detail review,Digital Collections/Databases/Archives,Colonialism & Post-Colonialism/Decolonization,19th Century; 20th Century,Inter-Institution Partnership,Community Members; Faculty; Graduate Students; Other/Unknown; Undergraduate Students,Not Minority Run,Grants/Awards (Public: State or Local); Other/Unknown
bdph_0278,Making of America,https://quod.lib.umich.edu/m/moagrp/,Digitization of US documents from the Antebellum-Reconstruction periods,1995,1995,39246,2007,Last update before 2020,1990s,Digital,United States,University of Michigan,University of Michigan,N/A,N/A,42.277145,-83.7382071,1,No,Unspecified,2,3,1,1,2,1,1,No,No,No,Complete,Needs location detail review,Digital Collections/Databases/Archives; Resource Hub,Abolitionists/Emancipation/Reconstruction; Black Education/Black Students; Black Religions,19th Century,Inter-Institution Partnership,Faculty; Library Professionals,Data Not Available,Grants/Awards (Private: Foundations/Charities)
bdph_0279,Malcolm X : A Research Site,http://www.brothermalcolm.net/,Research site of the life and legacy of Malcolm X,1998,1998,2018,2018,Last update before 2020,1990s,Digital,United States,University of Illinois at Urbana–Champaign 61820,N/A,IL,USA,40.1019523,-88.2271615,2,Yes,1-5,4,2,1,1,2,1,1,No,No,No,Complete,Needs location detail review,Digital Collections/Databases/Archives; Digital Publishing & Digital Editions; Educational Resources; Exhibits & Digital Storytelling,Black Men/Masculinity; Historical Figure,20th Century,Independent Scholar/Individual Research,Community Members; Faculty,Data Not Available,In-Kind Support
bdph_0281,"Mapping the Bicentennial International Exposition: Port-au-Prince, Haiti (1949-1950)",https://www.google.com/maps/d/viewer?mid=1ZfqTt2Uwk6KXx58dMVJsBl4LYxBg4AaY&ll=18.54292672923713%2C-72.34469625000003&z=15,"Website housing mapped, digitized artifacts from The Bicentennial International Exposition held n Haiti in 1949",2018,2018,44903,2022,Updated 2020-2022,2010s,Digital,United States,University of Miami 33146,University of Miami 33146,N/A,USA,25.7173947,-80.2781262,1,No,1-5,4,1,1,1,1,1,1,No,No,Yes,Complete,Location detail present,Data Mining/Mapping/Visualization; Digital Publishing & Digital Editions; Exhibits & Digital Storytelling; Local History & Local Places,Caribbean History,20th Century,Independent Scholar/Individual Research,Other/Unknown,Not Minority Run,Other/Unknown
bdph_0282,Mapping Marronage,https://www.mappingmarronage.com/,Mapping of the movement of Black-written documents during the time of the slave trade,Unspecified,,Unspecified,,Unknown / unparsed,Unknown,Digital,United States,Duke University 27708,Duke University 27708,N/A,USA,36.0014258,-78.9382286,3,Yes,1-5,3,3,2,1,1,1,1,No,No,No,Start and update missing/unparsed,Location detail present,Data Mining/Mapping/Visualization; Digital Collections/Databases/Archives; Exhibits & Digital Storytelling,Abolitionists/Emancipation/Reconstruction; Caribbean History; Transatlantic Slave Trade/Slavery,18th Century; 19th Century,Other/Unknown,Faculty,Data Not Available,In-Kind Support
bdph_0283,Mapping Memories of Africville,https://storymaps.arcgis.com/stories/561e07e0d0504b2b918a1230fe554918,"Reconstructive, holistic mapping of Halifax's community of Africville",43392,2018,44183,2020,Updated 2020-2022,2010s,Digital,Canada,"Africville, Halifax, Canada B3K",Africville,N/A,Canada,44.6753961,-63.6163514,1,No,1-5,4,2,1,1,1,1,1,No,No,No,Complete,Location detail present,Data Mining/Mapping/Visualization; Exhibits & Digital Storytelling; Local History & Local Places; Oral Histories,Black Communities/Urban Renewal; Newspapers/Periodicals/Black Press,20th Century,Independent Scholar/Individual Research,Undergraduate Students,Data Not Available,In-Kind Support
bdph_0284,Mapping Memphis,http://mapping-memphis.com/,Mapping of 1915 Memphis using funeral ledgers as a means of illustrating social change,Unspecified,,2023,2023,Updated 2023-2024,Unknown,Digital,United States,"University of Mississippi P.O. Box 1848 University, MS 38677",N/A,MS,USA,34.3668641,-89.5344222,1,No,1-5,2,1,1,2,2,1,1,No,No,No,Start missing/unparsed,Needs location detail review,Data Mining/Mapping/Visualization; Exhibits & Digital Storytelling,Black Communities/Urban Renewal,20th Century,Inter-Institution Partnership; PWI (Undergraduate),Faculty; Library Professionals,Data Not Available,In-Kind Support
bdph_0285,Mapping Police Violence,https://mappingpoliceviolence.org/,Data collection of people killed by police since 2013 in the United States,Unspecified,,44957,2023,Updated 2023-2024,Unknown,Digital,United States,"New York City, New York",Baltimore,N/A,N/A,40.7127753,-74.0059728,12,Yes,Unspecified,3,1,1,1,1,1,2,No,No,No,Start missing/unparsed,Needs location detail review,Digital Collections/Databases/Archives; Educational Resources; Local History & Local Places,Lynching/Race Riots/Police Brutality,21st Century,Other/Unknown,Other/Unknown,Data Not Available,In-Kind Support; Small Donations
bdph_0286,Mapping the Freedmen’s Bureau,https://mappingthefreedmensbureau.com/,Map and archive dedicated to the locations impacted by the Freedmen's Bureau and of the people it served,2014,2014,2015,2015,Last update before 2020,2010s,Digital,United States,"800 Nazih Zuhdi Dr, Oklahoma City, OK 73105",N/A,OK,USA,35.4940896,-97.5000005,1,No,1-5,2,4,1,2,1,1,1,No,No,No,Complete,Needs location detail review,Data Mining/Mapping/Visualization; Educational Resources,Abolitionists/Emancipation/Reconstruction; Politics and Government; Transatlantic Slave Trade/Slavery; U.S. History,19th Century,Historical Society; Independent Scholar/Individual Research,Other/Unknown,Data Not Available,In-Kind Support
bdph_0287,Mapping the Haitian Revolution,https://www.mappinghaitianrevolution.com/,Mapping of the history of the Haitian Revolution,Unspecified,,2017,2017,Last update before 2020,Unknown,Digital,United States,"Tang Institute at Andover 180 Main Street, Andover Massachusetts 01810",N/A,MA,USA,42.6491433,-71.1319358,1,No,1-5,2,1,5,1,1,1,1,No,No,No,Start missing/unparsed,Needs location detail review,Data Mining/Mapping/Visualization; Educational Resources,Caribbean History,15th Century; 16th Century; 17th Century; 18th Century; 19th Century,PWI (Undergraduate),Fellows and/or Postdocs,Data Not Available,Grants/Awards (Institutional/Internal)
bdph_0288,Mapping the Stacks,https://mts.lib.uchicago.edu/,Multimedia collection of 20th century archives about the history of Black Chicago,2003,2003,Unspecified,,Unknown / unparsed,2000s,Digital,United States,"University of Chicago 5801 S Ellis Ave, Chicago, IL 60637",N/A,IL,USA,41.7904484,-87.6003953,3,Yes,11-25,3,1,1,3,3,1,3,No,No,No,Update missing/unparsed,Needs location detail review,Digital Collections/Databases/Archives; Educational Resources; Resource Hub,Black Communities/Urban Renewal,20th Century,Historical Society; PWI (Graduate); University Library,Community Members; Faculty; Graduate Students,Data Not Available,Grants/Awards (Institutional/Internal); Grants/Awards (Private: Corporate/Individual Sponsors); Grants/Awards (Private: Foundations/Charities)
bdph_0289,March on Milwaukee,https://uwm.edu/marchonmilwaukee/,Multimedia archive of primary materials from the civil rights movement in Milwaukee,2010,2010,2016,2016,Last update before 2020,2010s,Digital,United States,"University of Wisconsin Milwaukee, WI 53211",N/A,WI,USA,43.078263,-87.8819686,2,Yes,11-25,3,1,1,3,2,1,2,No,No,No,Complete,Needs location detail review,Data Mining/Mapping/Visualization; Digital Collections/Databases/Archives; Oral Histories,Civil Rights Movement/Black Power,20th Century,Historical Society; PWI (Undergraduate); University Library,Community Members; Library Professionals,Data Not Available,Grants/Awards (Institutional/Internal); Grants/Awards (Private: Foundations/Charities)
bdph_0290,Marronage in Saint-Domingue,http://www.marronnage.info/fr/index.html,Map and archive of information about runaway slaves,2009,2009,2016,2016,Last update before 2020,2000s,Digital,Canada,"Universite de Sherbrooke Quebec, Canada",Universite de Sherbrooke Quebec,N/A,Canada,45.4042669,-71.89367399999999,1,No,11-25,2,4,2,3,4,1,2,No,No,No,Complete,Location detail present,Data Mining/Mapping/Visualization; Digital Collections/Databases/Archives,Caribbean History; Colonialism & Post-Colonialism/Decolonization; Newspapers/Periodicals/Black Press; Transatlantic Slave Trade/Slavery,18th Century; 19th Century,Historical Society; PWI (Graduate); PWI (Undergraduate),Digital/Design Professionals; Faculty; Graduate Students; Undergraduate Students,Data Not Available,Grants/Awards (Professional Organizations); Grants/Awards (Public: State or Local)
bdph_0291,MAAP: Mapping the African American Past,https://maap.columbia.edu/index.html,Map and archive of materials related to Black people in New York,Unspecified,,Unspecified,,Unknown / unparsed,Unknown,Digital,United States,Columbia University,Columbia University,N/A,N/A,40.8075355,-73.9625727,5,Yes,26-50,4,2,5,3,3,1,2,No,No,No,Start and update missing/unparsed,Needs location detail review,Data Mining/Mapping/Visualization; Digital Collections/Databases/Archives; Educational Resources; Local History & Local Places,Black Communities/Urban Renewal; Black People - Race Identity,17th Century; 18th Century; 19th Century; 20th Century; 21st Century,Historical Society; PWI (Graduate); PWI (Undergraduate),Community Members; Digital/Design Professionals; Faculty,Data Not Available,Grants/Awards (Private: Corporate/Individual Sponsors); Grants/Awards (Private: Foundations/Charities)
bdph_0292,"Martin Luther King, Jr. Research & Education Institute",https://kinginstitute.stanford.edu/,Research group working to promote work on the life of Martin Luther King Jr.,1985,1985,2022,2022,Updated 2020-2022,1980s,Mixed,United States,"The King Center Cypress Hall D, 466 Via Ortega, Stanford, CA 94305-4146",N/A,CA,USA,37.4286701,-122.1766418,1,No,6-10,2,3,1,2,2,1,5,No,No,No,Complete,Needs location detail review,Digital Publishing & Digital Editions; Educational Resources,Black Men/Masculinity; Civil Rights Movement/Black Power; Historical Figure,Other/Unknown,Community Group; Other/Unknown,Faculty; Graduate Students,Data Not Available,Grants/Awards (Institutional/Internal); Grants/Awards (Private: Corporate/Individual Sponsors); Grants/Awards (Private: Foundations/Charities); Grants/Awards (Public: State or Local); Small Donations
bdph_0293,Massachusetts Hip-Hop Archive,https://openarchives.umb.edu/digital/collection/p15774coll30,Multimedia archive of materials from the last 100 years of Massachusetts' hip hop history,2016,2016,Unspecified,,Unknown / unparsed,2010s,Mixed,United States,"University of Massachusetts Boston Joseph P. Healey Library, 100 Morrissey Blvd., Boston, MA 02125",N/A,MA,USA,42.313461,-71.0397091,1,No,Unspecified,4,2,2,1,1,1,3,No,No,No,Update missing/unparsed,Needs location detail review,Digital Collections/Databases/Archives; Exhibits & Digital Storytelling; Local History & Local Places; Oral Histories,Black Music; Black Visual and Performance Art,20th Century; 21st Century,University Library,Library Professionals,Data Not Available,Grants/Awards (Institutional/Internal); Grants/Awards (Public: State or Local); In-Kind Support
bdph_0295,Mississippi Historical Markers,https://www.mississippimarkers.com/,Archive of photographs of historical markers across Mississippi,2014,2014,Unspecified,,Unknown / unparsed,2010s,Mixed,United States,"Mississippi Department of Archives and History Jackson, Mississippi",N/A,N/A,N/A,32.3004772,-90.1789079,1,No,1-5,4,2,1,1,1,1,1,No,No,No,Update missing/unparsed,Needs location detail review,Digital Publishing & Digital Editions; Educational Resources; Local History & Local Places; Oral Histories,Black Communities/Urban Renewal; Historical Landmarks/Monuments,Other/Unknown,Community Group,Community Members,Data Not Available,In-Kind Support
bdph_0296,MIT Black History,https://www.blackhistory.mit.edu/,"Archive of stories, materials, and publications about the history of Black people at MIT",1995,1995,2018,2018,Last update before 2020,1990s,Digital,United States,"Massachusetts Institute of Technology 77 Massachusetts Avenue Cambridge, MA 02139",N/A,MA,USA,42.359143,-71.09355839999999,2,Yes,11-25,2,1,3,3,4,1,2,No,No,No,Complete,Needs location detail review,Data Mining/Mapping/Visualization; Local History & Local Places,Black Education/Black Students,19th Century; 20th Century; 21st Century,Historical Society; PWI (Graduate); PWI (Undergraduate),Community Members; Digital/Design Professionals; Faculty; Fellows and/or Postdocs,Data Not Available,In-Kind Support; Small Donations
bdph_0297,The Mixtape Museum,https://mixtapemuseum.org/,Archive of materials related to the history of mixtapes,Unspecified,,Unspecified,,Unknown / unparsed,Unknown,Mixed,United States,The Autry Museum New York City,The Autry Museum New York City,N/A,N/A,40.7127753,-74.0059728,12,Yes,11-25,3,1,1,2,1,1,1,No,No,No,Start and update missing/unparsed,Needs location detail review,Digital Collections/Databases/Archives; Digital Publishing & Digital Editions; Local History & Local Places,Black Music,20th Century,Historical Society; Museum,Other/Unknown,Data Not Available,In-Kind Support
bdph_0298,Memorable Days: The Emilie Davis Diaries,https://davisdiaries.villanova.edu/,"Archive of three diaries of Emilie Davis, a Black woman who lived through the Civil War Era",2012,2012,2016,2016,Last update before 2020,2010s,Digital,United States,"VILLANOVA UNIVERSITY Falvey Memorial Library Villanova University 800 Lancaster Avenue Villanova, PA 19085",N/A,PA,USA,40.0368926,-75.3425785,3,Yes,11-25,2,4,1,1,3,1,2,No,No,No,Complete,Needs location detail review,Digital Collections/Databases/Archives; Educational Resources,Abolitionists/Emancipation/Reconstruction; Black Literature; Black Soldiers/American Civil War; Black Women/Feminism,19th Century,University Library,Faculty; Graduate Students; Library Professionals,Data Not Available,Grants/Awards (Institutional/Internal); In-Kind Support
bdph_0299,"The Millican Riot, 1868",https://millican.omeka.net/,Digitization of documents related to the 1868 Millican Massacre,Unspecified,,Unspecified,,Unknown / unparsed,Unknown,Digital,United States,"Texas A&M University College Station, TX 77843",N/A,TX,USA,30.6096445,-96.33959209999999,1,No,1-5,3,1,1,1,3,1,1,No,No,No,Start and update missing/unparsed,Needs location detail review,Digital Collections/Databases/Archives; Digital Publishing & Digital Editions; Local History & Local Places,Lynching/Race Riots/Police Brutality,19th Century,Other/Unknown,Faculty; Graduate Students; Undergraduate Students,Data Not Available,In-Kind Support
bdph_0300,Monroe & Florence Work Today,https://plaintalkhistory.com/monroeandflorencework/,Digitized learning tool based on the Work's documentation of every lynching in the US,Unspecified,,2016,2016,Last update before 2020,Unknown,Digital,Other/Unknown,Tuskegee Institute,Tuskegee Institute,N/A,N/A,32.4307809,-85.7073277,1,No,1-5,3,3,2,1,3,1,2,No,No,No,Start missing/unparsed,Needs location detail review,Data Mining/Mapping/Visualization; Digital Publishing & Digital Editions; Local History & Local Places,Black Men/Masculinity; Black Women/Feminism; Lynching/Race Riots/Police Brutality,19th Century; 20th Century,Historical Society,Faculty; Library Professionals; Other/Unknown,Data Not Available,In-Kind Support; Small Donations
bdph_0301,"Monuments, Slavery, and the Digital Humanities",https://blogs.brown.edu/libnews/renee-ater/,Talk on how we understand the history of slavery through the lens of existing monuments,2019,2019,2019,2019,Last update before 2020,2010s,Mixed,United States,"University of Maryland 10 Prospect St, Providence, RI 02912",N/A,RI,USA,41.825695,-71.405254,1,No,1-5,3,4,1,1,1,1,1,No,No,No,Complete,Needs location detail review,Data Mining/Mapping/Visualization; Digital Publishing & Digital Editions; Educational Resources,Abolitionists/Emancipation/Reconstruction; Black Soldiers/American Civil War; Black Women/Feminism; Transatlantic Slave Trade/Slavery,Other/Unknown,University Library,Other/Unknown,Data Not Available,In-Kind Support
bdph_0302,Musical Passage: A Voyage to 1688 Jamaica,http://www.musicalpassage.org/,"Interpretation of Voyage to the Islands of Madera, Barbados, Nieves, S. Christophers and Jamaica by Hans Sloane, with an emphasis on the music enclosed.",2017,2017,Unspecified,,Unknown / unparsed,2010s,Digital,United States,Duke University,Duke University,N/A,N/A,36.0014258,-78.9382286,3,Yes,1-5,2,2,2,2,3,1,1,No,No,No,Update missing/unparsed,Needs location detail review,Educational Resources; Events/Programming,African Diaspora/Migration; Black Music,17th Century; 18th Century,PWI (Graduate); PWI (Undergraduate),Community Members; Faculty; Library Professionals,Data Not Available,Grants/Awards (Institutional/Internal)
bdph_0303,NAACP (National Association for the Advancement of Colored People),https://naacp.org/,Organization of Black activists across the US,Unspecified,,2023,2023,Updated 2023-2024,Unknown,Mixed,United States,NAACP 4805 Mt. Hope Drive Baltimore MD 21215,NAACP 4805,MT,USA,39.3443921,-76.7096134,1,No,6-10,1,2,1,1,2,1,2,No,No,No,Start missing/unparsed,Location detail present,Digital Collections/Databases/Archives,Black People - Race Identity; U.S. History,Other/Unknown,Other/Unknown,Community Members; Other/Unknown,Data Not Available,In-Kind Support; Small Donations
bdph_0304,The Nat Turner Project,https://www.natturnerproject.org/,A digital archive of historical sources related to Nat Turner and the Southampton County Slave Revolt of 1831,42189,2015,2022,2022,Updated 2020-2022,2010s,Digital,United States,"Meredith College, 3800 Hillsborough Street, Raleigh, NC 27607-5298",N/A,NC,USA,35.7980843,-78.6911894,1,No,11-25,4,5,1,1,2,1,1,No,Yes,Yes,Complete,Needs location detail review,Digital Collections/Databases/Archives; Educational Resources; Local History & Local Places; Resource Hub,Abolitionists/Emancipation/Reconstruction; Black Men/Masculinity; Historical Figure; Race Relations/Racial Inequality/Racism; U.S. History,19th Century,PWI (Undergraduate),Faculty; Undergraduate Students,Women Run,Grants/Awards (Institutional/Internal)
bdph_0306,National Civil Rights Museum,https://www.civilrightsmuseum.org/,Museum focusing on the American Civil Rights movement,1991,1991,2023,2023,Updated 2023-2024,1990s,Physical,United States,"The National Civil Rights Museum 450 Mulberry Street, Memphis, TN 38103",N/A,TN,USA,35.1344326,-90.05755599999999,1,No,Unspecified,3,2,1,1,1,1,1,No,No,No,Complete,Needs location detail review,Digital Collections/Databases/Archives; Educational Resources; Local History & Local Places,Black Men/Masculinity; Civil Rights Movement/Black Power,20th Century,Museum,Museum Professionals,Data Not Available,Merchandise/Sales
bdph_0307,Negro Electro,https://negroelectro.wordpress.com/,"Negro Electro is nomenclature for the figural and geometric design themes represented historically in cultures across the African continent, of which these same ideas continue expressively and are observed now in the photographic and digital age. Negro Electro was conceived by noted artist, writer and historian, Max Eternity, the founder of one of the most widely read digial art publications, Art Digital Magazine (2010 - 2016) and Digital Art News (2011 - 2021).",2009,2009,Unspecified,,Unknown / unparsed,2000s,Digital,United States,"Art Digital Magazine Atlanta, GA",Art Digital Magazine Atlanta,N/A,N/A,33.7501275,-84.3885209,2,Yes,1-5,1,2,1,2,1,1,1,No,No,No,Update missing/unparsed,Needs location detail review,Resource Hub,Black People - Race Identity; Black Visual and Performance Art,21st Century,Independent Scholar/Individual Research; Other/Unknown,Other/Unknown,Data Not Available,In-Kind Support
bdph_0308,"Negro Travelers' Green, Book",https://digital.tcl.sc.edu/digital/collection/greenbook/id/88/,Guide to Black-owned/operated places for Black travelers to visit in the 1950s,2011,2011,Unspecified,,Unknown / unparsed,2010s,Digital,United States,"University of South Carolina 1322 Greene St, Columbia, SC 29208",N/A,SC,USA,33.9950758,-81.0280528,1,No,Unspecified,1,2,1,1,1,1,1,No,No,No,Update missing/unparsed,Needs location detail review,Exhibits & Digital Storytelling,African Diaspora/Migration; Segregation,20th Century,Press,Other/Unknown,Data Not Available,In-Kind Support
bdph_0309,The New Map of Empire: Charting Contested Caribbean Space (MapScholar),http://mapscholar.org/empire/,Accompanying visualizations to the book The New Map of Empire: How Britain Imagined America before Independence,2012,2012,2017,2017,Last update before 2020,2010s,Digital,United States,University of Virginia,University of Virginia,N/A,N/A,38.0335529,-78.5079772,5,Yes,1-5,1,1,1,2,2,1,1,No,No,No,Complete,Needs location detail review,Other/Unknown,Colonialism & Post-Colonialism/Decolonization,Other/Unknown,PWI (Graduate); PWI (Undergraduate),Faculty; Other/Unknown,Data Not Available,In-Kind Support
bdph_0310,The Nicest Kids in Town,http://nicestkids.com/nehvectors/nicest-kids/index,Accompanying website to the book The Nicest Kids in Town by Matthew F. Delmont,2011,2011,2017,2017,Last update before 2020,2010s,Digital,United States,"Hanover, NH 03755",N/A,NH,USA,43.70195830000001,-72.2889045,1,No,6-10,2,1,1,2,2,1,1,No,No,No,Complete,Needs location detail review,Digital Collections/Databases/Archives; Educational Resources,Segregation,20th Century,Other/Unknown; Press,Faculty; Other/Unknown,Data Not Available,In-Kind Support
bdph_0311,The Nigerian Nostalgia Project,https://nigeriannostalgiaproject.org/,Nigerian history reclamation project,2010,2010,2023,2023,Updated 2023-2024,2010s,Digital,Nigeria,"Nigerian Nostalgia Project 256a Ikorodu Crescent, Dolphin Estate, Lagos, Nigeria 101222",N/A,N/A,Nigeria,6.457255699999999,3.4197351,1,No,Unspecified,2,1,1,1,1,1,2,No,No,No,Complete,Needs location detail review,Data Mining/Mapping/Visualization; Exhibits & Digital Storytelling,African History,Other/Unknown,Community Group,Community Members,Data Not Available,In-Kind Support; Small Donations
bdph_0312,"North Carolina Runaway Slave Advertisements, 1750-1865",http://dlas.uncg.edu/notices/,Archive of North Carolinian slave advertisements in newspapers,2011,2011,Unspecified,,Unknown / unparsed,2010s,Digital,United States,"University Libraries of The University of North Carolina at Greensboro 320 College Ave, Greensboro, NC 27412",N/A,NC,USA,36.068188,-79.809607,5,Yes,11-25,2,1,2,1,1,1,1,No,No,No,Update missing/unparsed,Needs location detail review,Local History & Local Places; Resource Hub,Newspapers/Periodicals/Black Press,18th Century; 19th Century,Inter-Institution Partnership,Library Professionals,Data Not Available,Grants/Awards (Public: State or Local)
bdph_0313,The North Star: A Journal of African American Religious History,https://www.princeton.edu/~jweisenf/northstar/index2.html,Journal focusing on Black religious history,1997,1997,2005,2005,Last update before 2020,1990s,Digital,United States,"Princeton University Princeton, NJ",Princeton University Princeton,N/A,N/A,40.3430942,-74.65507389999999,1,No,Unspecified,2,1,1,1,1,1,1,No,No,No,Complete,Needs location detail review,Local History & Local Places; Other/Unknown,Black Religions,Other/Unknown,Press,Faculty,Data Not Available,In-Kind Support
bdph_0314,Northeast Slavery Records Index (NESRI),https://nesri.commons.gc.cuny.edu/,Collection of materials related to slavery in the Northeast United States,Unspecified,,2017,2017,Last update before 2020,Unknown,Digital,United States,"Cuny Academic Commons 524 W 59th St, New York, NY 10019",N/A,NY,USA,40.770673,-73.9892419,1,No,6-10,2,1,4,1,2,1,2,No,No,No,Start missing/unparsed,Needs location detail review,Digital Collections/Databases/Archives; Educational Resources,Transatlantic Slave Trade/Slavery,16th Century; 17th Century; 18th Century; 19th Century,Historical Society,Community Members; Faculty,Data Not Available,In-Kind Support; Small Donations
bdph_0315,Oceans of Kinfolk,https://voyages3-staging.crc.rice.edu/past/database/oceans-of-kinfolk,Archive of the slaves brought over by specific ships during the Atlantic slave trade,2008,2008,2021,2021,Updated 2020-2022,2000s,Digital,United States,"Rice University 6100 Main St, Houston, TX 77005",N/A,TX,USA,29.7168363,-95.4035531,1,No,26-50,1,1,1,2,2,1,3,No,No,No,Complete,Needs location detail review,Digital Publishing & Digital Editions,Transatlantic Slave Trade/Slavery,19th Century,Inter-Institution Partnership; University Library,Faculty; Museum Professionals,Data Not Available,Grants/Awards (Private: Foundations/Charities); Grants/Awards (Professional Organizations); Grants/Awards (Public: State or Local)
bdph_0316,"The Oak of Jerusalem: Flight, Refuge, and Reconnaissance in the Great Dismal Swamp",https://www.arcgis.com/apps/Cascade/index.html?appid=f3a23e246cba476b8ece52fb1463ce5d,Narrative of the use of the Great Dismal Swamp by those escaping from slavery,Unspecified,,Unspecified,,Unknown / unparsed,Unknown,Digital,United States,"75 B. S. Hood Rd, Mississippi State, MS 39762",N/A,MS,USA,33.456648,-88.795383,2,Yes,Unspecified,4,1,1,2,1,1,1,No,No,No,Start and update missing/unparsed,Needs location detail review,Digital Collections/Databases/Archives; Educational Resources; Local History & Local Places; Resource Hub,Transatlantic Slave Trade/Slavery,Other/Unknown,Independent Scholar/Individual Research; Other/Unknown,Other/Unknown,Data Not Available,In-Kind Support
bdph_0317,Obeah Histories | Researching Prosecution for Religious Practice in the Caribbean,https://obeahhistories.org/,Information about laws against Obeah religious practice and the Black people affected by said laws,40909,2012,2013,2013,Last update before 2020,2010s,Digital,United Kingdom,"Newcastle upon Tyne NE1 7RU, United Kingdom",Newcastle upon Tyne NE1 7RU,N/A,United Kingdom,54.9803268,-1.6157272,1,No,1-5,1,1,3,1,1,1,2,No,No,No,Complete,Location detail present,Digital Collections/Databases/Archives,Black Religions,18th Century; 19th Century; 20th Century,PWI (Undergraduate),Faculty,Data Not Available,Grants/Awards (Private: Foundations/Charities); Grants/Awards (Professional Organizations)
bdph_0318,On Monuments,https://www.reneeater.com/on-monuments-blog,Various media/projects about monuments related to Black American history,Unspecified,,44981,2023,Updated 2023-2024,Unknown,Digital,Other/Unknown,Brown University,Brown University,N/A,N/A,41.8186395,-71.4088009,1,No,1-5,3,2,1,1,3,1,1,No,No,No,Start missing/unparsed,Needs location detail review,Educational Resources; Exhibits & Digital Storytelling; Local History & Local Places,Transatlantic Slave Trade/Slavery; U.S. History,Other/Unknown,Independent Scholar/Individual Research,Faculty; Graduate Students; Undergraduate Students,Data Not Available,In-Kind Support
bdph_0319,On The Books – Jim Crow and Algorithms of Resistance,https://onthebooks.lib.unc.edu/,Research project analyzing Jim crow laws in North Carolina,Unspecified,,Unspecified,,Unknown / unparsed,Unknown,Digital,United States,"208 Raleigh Street CB #3916 Chapel Hill, NC 27515-8890",N/A,NC,USA,35.9109845,-79.0479216,4,Yes,26-50,2,1,2,1,2,1,1,No,No,No,Start and update missing/unparsed,Needs location detail review,Data Mining/Mapping/Visualization; Digital Collections/Databases/Archives,Segregation,19th Century; 20th Century,PWI (Graduate),Fellows and/or Postdocs; Library Professionals,Data Not Available,Grants/Awards (Public: State or Local)
bdph_0320,On These Grounds: Slavery and the University,https://onthesegrounds.org/s/OTG/page/about,Inter-university project to better disseminate information from slavery archives,44013,2020,44708,2022,Updated 2020-2022,2020s,Digital,Other/Unknown,"Georgetown University, 3700 O St. NW, Washington DC 20057-1035",Washington,DC,USA,38.9089393,-77.0745796,1,No,11-25,2,1,1,1,3,1,1,No,No,No,Complete,Location detail present,Educational Resources; Resource Hub,Transatlantic Slave Trade/Slavery,Other/Unknown,PWI (Graduate),Faculty; Graduate Students; Library Professionals,Data Not Available,Grants/Awards (Public: State or Local)
bdph_0321,One More Voice,https://www.onemorevoice.com/,Voter registration campaign for the 2020 election based in Indiana,2020,2020,2023,2023,Updated 2023-2024,2020s,Digital,Other/Unknown,"Indianapolis, Indiana",Indianapolis,N/A,N/A,39.7683331,-86.1583502,1,No,Unspecified,2,1,1,1,1,1,2,No,No,No,Complete,Needs location detail review,Other/Unknown; Resource Hub,Civil Rights Movement/Black Power,Other/Unknown,Community Group,Community Members,Data Not Available,In-Kind Support; Small Donations
bdph_0322,"One Too Many: Enslaved Africans in Early Ontario, 1760-1834",http://enslavedafricansinearlyontario.ca/home/,"This website highlights my research, One Too Many: Enslaved Africans in Early Ontario, 1760 - 1834™. It features some aspects of my research, biographical sketches of enslaved women, men, and children, and the first phase of a database.",43556,2019,Unspecified,,Unknown / unparsed,2010s,Digital,Canada,"4700 Keele Street, Toronto, Ontario, Canada M3J 1P3",4700 Keele Street,N/A,Canada,43.7716501,-79.5013207,1,No,1-5,1,3,2,1,1,1,2,No,No,Yes,Update missing/unparsed,Location detail present,Digital Collections/Databases/Archives,African Diaspora/Migration; Digital Humanities; Transatlantic Slave Trade/Slavery,18th Century; 19th Century,University (Other),Faculty,Not Minority Run,Grants/Awards (Institutional/Internal); Grants/Awards (Public/Federal)
bdph_0323,Ontario Black History,https://vitacollections.ca/multiculturalontario/476/exhibits,Educational site for the history of Black Canadians in Ontario,Unspecified,,Unspecified,,Unknown / unparsed,Unknown,Digital,Canada,"Ontario, Canada",Ontario,N/A,Canada,51.253775,-85.3232139,1,No,Unspecified,2,2,4,1,1,1,1,No,No,No,Start and update missing/unparsed,Location detail present,Digital Collections/Databases/Archives; Educational Resources,Transatlantic Slave Trade/Slavery; U.S. History,17th Century; 18th Century; 19th Century; 20th Century,Community Group,Community Members,Data Not Available,Grants/Awards (Private: Foundations/Charities)
bdph_0324,"Open-Access African-American Literature Corpus, 1853-1923",http://www.electrostani.com/2020/07/announcing-open-access-african-american.html,Archive of plain text versions of public domain works by Black authors,44042,2020,2020,2020,Updated 2020-2022,2020s,Digital,United States,"35 Sayre Dr, Bethlehem, PA 18015",N/A,PA,USA,40.6057075,-75.3772639,6,Yes,1-5,3,1,2,1,1,1,1,No,No,No,Complete,Needs location detail review,Digital Collections/Databases/Archives; Educational Resources; Resource Hub,Black Literature,19th Century; 20th Century,Independent Scholar/Individual Research,Faculty,Data Not Available,In-Kind Support
bdph_0325,Our Data Bodies Project,https://www.odbproject.org/,Organization working with communities within the context of data justice,2015,2015,2019,2019,Last update before 2020,2010s,Digital,United Kingdom,London School of Economics,London School of Economics,N/A,N/A,51.5144388,-0.1164513,1,No,6-10,2,1,1,1,1,1,3,No,No,No,Complete,Needs location detail review,Educational Resources; Resource Hub,Other/Unknown,Other/Unknown,Community Group,Community Members,Data Not Available,Grants/Awards (Professional Organizations); Grants/Awards (Public: State or Local); Small Donations
bdph_0326,The Panther and the Lash: Black Literary Movement Publications and the Black Aesthetic,https://www.whitfrazier.com/pantherproject.html,Research poster on Black magazines and authors,43392,2018,Unspecified,,Unknown / unparsed,2010s,Digital,Other/Unknown,"Stuttgart, Germany",Stuttgart,N/A,Germany,48.7758459,9.1829321,1,No,1-5,2,1,3,1,1,1,1,No,No,No,Update missing/unparsed,Location detail present,Digital Publishing & Digital Editions; Resource Hub,Black Literature,19th Century; 20th Century; 21st Century,Independent Scholar/Individual Research,Graduate Students,Data Not Available,In-Kind Support
bdph_0327,Path to Visible Glory: The Million Man March in the Redmond Collection,https://www.siue.edu/lovejoy-library/tas/MMM_exhibit_intro.htm,Multimedia archive of materials from The Million Man March,Unspecified,,Unspecified,,Unknown / unparsed,Unknown,Digital,United States,"Campus Box 1063 30 Hairpin Drive Edwardsville, IL 62026",N/A,IL,USA,38.7938759,-89.9976508,1,No,6-10,2,1,1,1,1,1,1,No,No,No,Start and update missing/unparsed,Needs location detail review,Digital Collections/Databases/Archives; Resource Hub,Black Activism/Advocacy,20th Century,PWI (Graduate),Library Professionals,Data Not Available,In-Kind Support
bdph_0328,Paul Laurence Dunbar Digital Collection,https://corescholar.libraries.wright.edu/exhibit/paul-laurence-dunbar/,Archive of materials and books from Paul Laurence Dunbar,Unspecified,,Unspecified,,Unknown / unparsed,Unknown,Digital,United States,"3640 Colonel Glenn Hwy Dayton, OH 45435",N/A,OH,USA,39.7820445,-84.0523006,1,No,Unspecified,3,3,2,1,1,1,1,No,No,No,Start and update missing/unparsed,Needs location detail review,Digital Collections/Databases/Archives; Educational Resources; Resource Hub,Black Literature; Black Men/Masculinity; Historical Figure,19th Century; 20th Century,PWI (Undergraduate),Library Professionals,Data Not Available,In-Kind Support
bdph_0329,Payne Theological Seminary and A.M.E. Church Archive,https://commons.ptsem.edu/payne,Archive of materials related to the history of black church and the AME denomination,Unspecified,,Unspecified,,Unknown / unparsed,Unknown,Digital,United States,"P.O. Box 821 64 Mercer Street Princeton, NJ 08542-0803",N/A,NJ,USA,40.3452992,-74.66350150000001,1,No,Unspecified,3,1,1,1,2,1,2,No,No,No,Start and update missing/unparsed,Needs location detail review,Digital Collections/Databases/Archives; Exhibits & Digital Storytelling; Other/Unknown,Black Religions,Other/Unknown,University (Other),Community Members; Library Professionals,Data Not Available,Grants/Awards (Public: State or Local); In-Kind Support
bdph_0330,Penn & Slavery,http://pennandslaveryproject.org/,Research project and materials on the history of slavery at the University of Pennsylvania,2017,2017,2019,2019,Last update before 2020,2010s,Digital,United States,"University of Pennsylvania, Philadelphia, PA 19104",N/A,PA,USA,39.9515013,-75.1910161,3,Yes,26-50,3,1,2,1,3,1,1,No,No,No,Complete,Needs location detail review,Data Mining/Mapping/Visualization; Educational Resources; Exhibits & Digital Storytelling,Transatlantic Slave Trade/Slavery,18th Century; 19th Century,PWI (Graduate),Faculty; Fellows and/or Postdocs; Undergraduate Students,Data Not Available,In-Kind Support
bdph_0331,"People Not Property: Slave Deeds, Digital Library on American Slavery",http://dlas.uncg.edu/deeds/,Ongoing archive of North Carolinian slave deeds,2018,2018,2022,2022,Updated 2020-2022,2010s,Digital,United States,"320 College Ave, Greensboro, NC 27412",N/A,NC,USA,36.068188,-79.809607,5,Yes,11-25,3,1,2,2,4,1,3,No,No,No,Complete,Needs location detail review,Digital Collections/Databases/Archives; Digital Publishing & Digital Editions; Educational Resources,Transatlantic Slave Trade/Slavery,18th Century; 19th Century,HBCU (Graduate); Minority Serving Institution (Graduate),Community Members; Fellows and/or Postdocs; Graduate Students; Library Professionals,Data Not Available,Grants/Awards (Institutional/Internal); Grants/Awards (Private: Foundations/Charities); In-Kind Support
bdph_0332,Photographic Life of Harriet: Tubman’s Life in Pictures,https://fhi.duke.edu/story-plus-project/photographic-life-harriet-tubman%E2%80%99s-life-pictures,Research archive of different images of Harriet Tubman across history,2019,2019,2019,2019,Last update before 2020,2010s,Digital,United States,"Duke University, Franklin Humanities Institute, Smith Warehouse, Bay 4, C106, Durham, NC 27708",N/A,NC,USA,36.0020035,-78.9147682,3,Yes,1-5,2,3,2,1,3,1,1,No,No,No,Complete,Needs location detail review,Educational Resources; Exhibits & Digital Storytelling,Black Women/Feminism; Historical Figure; Transatlantic Slave Trade/Slavery,19th Century; 20th Century,PWI (Graduate),Faculty; Graduate Students; Undergraduate Students,Data Not Available,In-Kind Support
bdph_0334,Preserve The Baltimore Uprising 2015 Archive Project,https://baltimoreuprising2015.org/,Archive of modern police violence protest materials in Baltimore,42095,2015,2020,2020,Updated 2020-2022,2010s,Digital,United States,"Baltimore, Maryland",Baltimore,N/A,N/A,39.2905023,-76.6104072,7,Yes,Unspecified,2,2,1,1,2,1,2,No,No,No,Complete,Needs location detail review,Digital Collections/Databases/Archives; Local History & Local Places,Black Activism/Advocacy; Lynching/Race Riots/Police Brutality,20th Century,Community Group,Community Members; Faculty,Data Not Available,Grants/Awards (Public: State or Local); In-Kind Support
bdph_0335,The Princeton & Slavery Project,https://slavery.princeton.edu/,Research project on the history of Slavery at Princeton University,43040,2017,2022,2022,Updated 2020-2022,2010s,Mixed,United States,"Princeton University, Princeton, NJ 08544",N/A,NJ,USA,40.3467174,-74.6568772,2,Yes,11-25,2,1,4,1,6,1,2,No,No,No,Complete,Needs location detail review,Educational Resources; Local History & Local Places,Transatlantic Slave Trade/Slavery,18th Century; 19th Century; 20th Century; 21st Century,PWI (Graduate),Community Members; Faculty; Fellows and/or Postdocs; Graduate Students; Library Professionals; Undergraduate Students,Data Not Available,Grants/Awards (Institutional/Internal); In-Kind Support
bdph_0336,Printing Hate: How white-owned newspapers incited racial terror in America,https://lynching.cnsmaryland.org/,Archive and stories about the use of newspapers to spread hate speech/racist ideals against Black people in the US,2021,2021,Unspecified,,Unknown / unparsed,2020s,Digital,United States,"7765 Alumni Drive, College Park, MD 20742, USA",N/A,MD,USA,38.9862013,-76.9490926,1,No,26-50,2,2,2,1,4,1,1,No,No,No,Update missing/unparsed,Needs location detail review,Digital Collections/Databases/Archives; Local History & Local Places,Lynching/Race Riots/Police Brutality; Newspapers/Periodicals/Black Press,19th Century; 20th Century,Inter-Institution Partnership,Digital/Design Professionals; Faculty; Graduate Students; Undergraduate Students,Data Not Available,Grants/Awards (Public: State or Local)
bdph_0337,Project Myopia,https://projectmyopia.com/,Organization committed to UK academia spaces through crowdsourcing the diverse topics students want to see on their curriculum.,42401,2016,45017,2023,Updated 2023-2024,2010s,Mixed,United Kingdom,"London, UK",London,N/A,United Kingdom,51.5072178,-0.1275862,2,Yes,51+,5,18,4,1,4,3,3,Yes,Yes,Yes,Complete,Location detail present,Digital Publishing & Digital Editions; Educational Resources; Events/Programming; Other/Unknown; Resource Hub,Abolitionists/Emancipation/Reconstruction; African Diaspora/Migration; African History; Black Activism/Advocacy; Black Education/Black Students; Black Literature; Black Music; Black Religions; Black Studies; Black Visual and Performance Art; Black Women/Feminism; Civil Rights Movement/Black Power; Colonialism & Post-Colonialism/Decolonization; Digital Humanities; Historical Figure; LBGTQIA+/Queer Studies; Transatlantic Slave Trade/Slavery; U.S. History,18th Century; 19th Century; 20th Century; 21st Century,Inter-Institution Partnership,Community Members; Fellows and/or Postdocs; Graduate Students; Undergraduate Students,BIPOC Run; LGBTQ+ Run; Women Run,Grants/Awards (Institutional/Internal); In-Kind Support; Small Donations
bdph_0338,The History of Black Writing,https://hbw.iu.edu/,"The History of Black Writing is a research center focused on elevating innovative scholarship in American literature, book history, and digital humanities. Building lasting change in the American literature canon and supporting the legacy of African American writers, the History of Black Writing (HBW) nurtures research opportunities for students, writers, and scholars.",1983,1983,2025,2025,Updated 2025-2026,1980s,Digital,United States,"Ballantine Hall 565, 1020 E. Kirkwood Avenue, Bloomington, IN 47405-7103",N/A,IN,USA,39.1664662,-86.5210364,1,No,51+,2,1,3,1,4,2,4,Yes,Yes,Yes,Complete,Needs location detail review,Digital Collections/Databases/Archives; Educational Resources,Black Literature,19th Century; 20th Century; 21st Century,PWI (Graduate),Digital/Design Professionals; Faculty; Graduate Students; Undergraduate Students,BIPOC Run; Women Run,Grants/Awards (Institutional/Internal); Grants/Awards (Private: Foundations/Charities); Grants/Awards (Professional Organizations); Grants/Awards (Public: State or Local)
bdph_0339,Putting Them on the Map: Mapping the Agents of the Colored Co-operative Publishing Company,https://puttingthemonthemap.org/,Mapping project of the reach of the Colored Co-Operative Publishing Company,2015,2015,2022,2022,Updated 2020-2022,2010s,Digital,United States,"Putting Them on the Map c/o Professor Alisha Knight Washington College Department of English 300 Washington Ave Chestertown, MD 21620",N/A,MD,USA,39.21824,-76.0695767,1,No,6-10,2,2,1,1,3,1,1,Yes,No,Yes,Complete,Needs location detail review,Digital Collections/Databases/Archives; Local History & Local Places,Black Literature; Newspapers/Periodicals/Black Press,20th Century,PWI (Undergraduate),Digital/Design Professionals; Faculty; Undergraduate Students,BIPOC Run,Grants/Awards (Institutional/Internal)
bdph_0340,PVAMU HBCU Voting Rights Lab - Center for Race and Justice,https://www.pvamu.edu/simmonscenter/our-work/pvamu-hbcu-voting-rights-lab/,"Organization supporting the promotion education and activism around bias, inclusion",Unspecified,,Unspecified,,Unknown / unparsed,Unknown,Digital,United States,"Ruth J. Simmons Center for Race and Justice Prairie View A&M University P.O. Box 519, Mail Stop 2203 Prairie View, Texas 77446",MAIL STOP 2203 PRAIRIE VIEW,TX,USA,30.0882915,-95.99228579999999,1,No,11-25,2,1,1,2,2,1,2,No,No,No,Start and update missing/unparsed,Location detail present,Educational Resources; Resource Hub,Black Activism/Advocacy,Other/Unknown,HBCU (Graduate); Minority Serving Institution (Graduate),Faculty; Undergraduate Students,Data Not Available,Grants/Awards (Public: State or Local); Small Donations
bdph_0341,Queering Slavery Working Group,https://qswg.tumblr.com/,Research blog exploring the intersection of queerness and slavery,41604,2013,42630,2016,Last update before 2020,2010s,Digital,United States,Michigan State University,Michigan State University,N/A,N/A,42.7250725,-84.47908269999999,3,Yes,1-5,1,2,1,1,1,1,1,No,No,No,Complete,Needs location detail review,Other/Unknown,LBGTQIA+/Queer Studies; Transatlantic Slave Trade/Slavery,Other/Unknown,Inter-Institution Partnership,Faculty,Data Not Available,In-Kind Support
bdph_0342,Quilting African American Experiences in Northeast Ohio,https://scalar.usc.edu/works/quilting-african-american-experiences-in-northeast-ohio/index,Research from a class on exploring Black history in Northeast Ohio,2017,2017,44482,2021,Updated 2020-2022,2010s,Digital,United States,"1005 Abbe Rd N, Elyria, OH 44035",N/A,OH,USA,41.4121938,-82.07148389999999,2,Yes,6-10,2,2,3,1,2,1,1,No,No,No,Complete,Needs location detail review,Educational Resources; Local History & Local Places,Black Communities/Urban Renewal; U.S. History,18th Century; 19th Century; 20th Century,University (Other),Faculty; Undergraduate Students,Data Not Available,In-Kind Support
bdph_0343,Race + Data Science Resources,https://datascience.columbia.edu/diversity/race-data-science-resources/,Page of resources discussing the intersection of race with the field of data science,Unspecified,,2023,2023,Updated 2023-2024,Unknown,Digital,United States,"Mudd Building, W 120th St, New York, NY 10027",N/A,NY,USA,40.8093612,-73.9598926,1,No,Unspecified,1,1,1,1,1,1,1,No,No,No,Start missing/unparsed,Needs location detail review,Educational Resources,Black People and Technology,Other/Unknown,PWI (Graduate),Faculty,Data Not Available,In-Kind Support
bdph_0344,Race and Place: An African American Community in the Jim Crow South,http://www2.vcdh.virginia.edu/afam/raceandplace/,"Multimodal archive illustrating what the lives of Black people were like in the Jim Crow South, specifically in Charlottesville, Virginia",2002,2002,Unspecified,,Unknown / unparsed,2000s,Digital,United States,"University of Virginia, Charlottesville, Virginia, 22904",CHARLOTTESVILLE,VA,USA,38.0340277,-78.510016,2,Yes,Unspecified,2,1,2,1,2,1,1,No,No,No,Update missing/unparsed,Location detail present,Digital Collections/Databases/Archives; Local History & Local Places,Segregation,19th Century; 20th Century,PWI (Graduate),Faculty; Undergraduate Students,Data Not Available,In-Kind Support
bdph_0345,Race and Slavery Petitions Project,https://library.uncg.edu/slavery/petitions/,"Database of information on slaves, slaveholders, and free people in the American South from legislative petitions from 1775-1867.",2018,2018,2021,2021,Updated 2020-2022,2010s,Digital,United States,"320 College Avenue, Greensboro NC 27412-0001",Greensboro,NC,USA,36.068188,-79.809607,5,Yes,11-25,1,1,2,2,3,1,3,No,No,No,Complete,Location detail present,Digital Collections/Databases/Archives,Transatlantic Slave Trade/Slavery,18th Century; 19th Century,HBCU (Graduate); Minority Serving Institution (Graduate),Digital/Design Professionals; Faculty; Library Professionals,Data Not Available,Grants/Awards (Institutional/Internal); Grants/Awards (Private: Foundations/Charities); Grants/Awards (Public: State or Local)
bdph_0346,"Race, Memory, and the Digital Humanities Conference (archived page)",https://scholarworks.wm.edu/racememorydh/2017/,Archived schedule and recordings from a symposium on race and queer informed digital humanities. Highlights the contributions of scholars of African-American history and culture to the digital humanities.,43034,2017,43036,2017,Last update before 2020,2010s,Mixed,United States,"Earl Gregg Swem Library William & Mary 400 Landrum Drive Williamsburg, VA 23186",N/A,VA,USA,37.2698462,-76.7160892,1,No,11-25,2,12,4,1,4,2,1,Yes,No,Yes,Complete,Needs location detail review,Events/Programming; Other/Unknown,African Diaspora/Migration; African History; Black Activism/Advocacy; Black Music; Black Studies; Black Visual and Performance Art; Black Women/Feminism; Colonialism & Post-Colonialism/Decolonization; Digital Humanities; LBGTQIA+/Queer Studies; Transatlantic Slave Trade/Slavery; U.S. History,18th Century; 19th Century; 20th Century; 21st Century,PWI (Graduate),Digital/Design Professionals; Faculty; Fellows and/or Postdocs; Graduate Students,BIPOC Run; LGBTQ+ Run,Other/Unknown
bdph_0347,Racial Terror: Lynching in Virginia,https://sites.lib.jmu.edu/valynchings/,Research project documenting lynching in Virginia between 1866 and 1932,2016,2016,2023,2023,Updated 2023-2024,2010s,Digital,United States,"Darcus Johnson Hall MSC 1205 58 Bluestone Drive Room 2013 Harrisonburg, Virginia 22807",N/A,VA,USA,38.438034,-78.874196,2,Yes,11-25,3,4,2,1,3,1,1,No,No,Yes,Complete,Needs location detail review,Data Mining/Mapping/Visualization; Digital Collections/Databases/Archives; Educational Resources,Digital Humanities; Lynching/Race Riots/Police Brutality; Race Relations/Racial Inequality/Racism; U.S. History,19th Century; 20th Century,PWI (Graduate),Faculty; Library Professionals; Undergraduate Students,Not Minority Run,Grants/Awards (Institutional/Internal)
bdph_0348,The Rainbow Sign,http://revolution.berkeley.edu/projects/rainbow-sign/,"Small archive of materials documenting the history of The Rainbow Sign in Berkeley, California",2017,2017,Unspecified,,Unknown / unparsed,2010s,Digital,United States,"Wheeler Hall, Rm 441, Berkeley, CA 94720",N/A,CA,USA,37.8713074,-122.2591493,1,No,26-50,1,3,1,1,2,1,1,No,No,No,Update missing/unparsed,Needs location detail review,Local History & Local Places,Black Communities/Urban Renewal; Black People - Race Identity; Civil Rights Movement/Black Power,20th Century,PWI (Graduate),Faculty; Undergraduate Students,Data Not Available,In-Kind Support
bdph_0349,Randolph Linsly Simpson African-American Collection,https://beinecke.library.yale.edu/collections/highlights/randolph-linsly-simpson-african-american-collection,"Photo archive of Black people from the 19th and 20th centuries, including some printed materials",Unspecified,,Unspecified,,Unknown / unparsed,Unknown,Digital,United States,"121 Wall St, New Haven, CT 06511",N/A,CT,USA,41.3107357,-72.9261325,1,No,Unspecified,1,2,2,1,1,1,2,No,No,No,Start and update missing/unparsed,Needs location detail review,Digital Collections/Databases/Archives,Lynching/Race Riots/Police Brutality; Race Relations/Racial Inequality/Racism,19th Century; 20th Century,University Library,Library Professionals,Data Not Available,In-Kind Support; Other/Unknown
bdph_0350,Rap Research Lab,https://www.rapresearchlab.com/,"Community group exploring hiphop history and textuality to better understand the genre as a global form of wisdom, storytelling, and resistance",43248,2018,Unspecified,,Unknown / unparsed,2010s,Digital,United States,"Baltimore, Maryland",Baltimore,N/A,N/A,39.2905023,-76.6104072,7,Yes,6-10,4,3,1,1,6,1,4,No,No,No,Update missing/unparsed,Needs location detail review,Digital Collections/Databases/Archives; Educational Resources; Exhibits & Digital Storytelling; Oral Histories,Black Activism/Advocacy; Black Music; Other/Unknown,Other/Unknown,Community Group,Community Members; Faculty; Graduate Students; Library Professionals; Museum Professionals; Undergraduate Students,Data Not Available,Grants/Awards (Private: Corporate/Individual Sponsors); Grants/Awards (Private: Foundations/Charities); Grants/Awards (Professional Organizations); Grants/Awards (Public: State or Local)
bdph_0351,The Red Book of Houston,https://digitalprojects.rice.edu/red-book-of-houston/,"Project building on the information from The Red Book of Houston, detailing Black life there in 1915",2019,2019,Unspecified,,Unknown / unparsed,2010s,Digital,United States,"6100 Main St., Houston, TX 77005",N/A,TX,USA,29.7201306,-95.4018157,4,Yes,6-10,3,2,1,1,3,1,2,No,No,No,Update missing/unparsed,Needs location detail review,Data Mining/Mapping/Visualization; Digital Collections/Databases/Archives; Local History & Local Places,Black Communities/Urban Renewal; Black People - Race Identity,20th Century,University Library,Faculty; Fellows and/or Postdocs; Library Professionals,Data Not Available,Grants/Awards (Institutional/Internal); In-Kind Support
bdph_0352,Reframing Resistance: 1858,https://www.huronresearch.ca/abolition1858/,"Research project on the history of Black abolitionist resistance, focusing on two related rescues in 1858",Unspecified,,Unspecified,,Unknown / unparsed,Unknown,Digital,United States,"Oberlin, OH",Oberlin,N/A,N/A,41.2939386,-82.21737859999999,1,No,Unspecified,4,2,1,1,3,1,1,No,No,No,Start and update missing/unparsed,Needs location detail review,Digital Collections/Databases/Archives; Educational Resources; Other/Unknown; Resource Hub,Abolitionists/Emancipation/Reconstruction; Black Men/Masculinity,19th Century,Community Group,Community Members; Faculty; Undergraduate Students,Data Not Available,In-Kind Support
bdph_0353,Remembering Rondo | A History Harvest,https://omeka.macalester.edu/rondo/,"Public history project that collected materials to memorialize the historical Black Rondo community in St. Paul, Minnesota which was destroyed by the construction of Interstate 94",42434,2016,Unspecified,,Unknown / unparsed,2010s,Digital,United States,"1600 Grand Ave, St Paul, MN 55105",N/A,MN,USA,44.9384928,-93.1681411,1,No,Unspecified,2,2,1,1,6,1,2,No,No,No,Update missing/unparsed,Needs location detail review,Digital Collections/Databases/Archives; Local History & Local Places,Black Communities/Urban Renewal; U.S. History,20th Century,Community Group,Community Members; Digital/Design Professionals; Faculty; Fellows and/or Postdocs; Library Professionals; Undergraduate Students,Data Not Available,In-Kind Support; Institutional Operating Budget (Internal)
bdph_0354,Renewing Inequality,https://dsl.richmond.edu/panorama/renewal/#view=0/0/1&viz=cartogram,Map illustrating the number of family displacements as a result of urban renewal in the mid-20th century,Unspecified,,Unspecified,,Unknown / unparsed,Unknown,Digital,United States,"5 Richmond Way, Richmond, VA 23226",N/A,VA,USA,37.5765876,-77.5389272,2,Yes,26-50,2,1,1,1,2,1,1,No,No,No,Start and update missing/unparsed,Needs location detail review,Data Mining/Mapping/Visualization; Educational Resources,Black Communities/Urban Renewal,20th Century,PWI (Graduate),Community Members; Library Professionals,Data Not Available,Grants/Awards (Private: Foundations/Charities)
bdph_0355,Revisiting Rebellion: Nat Turner in the American Imagination,https://www.americanantiquarian.org/NatTurner/,"This project presents the various, often contradictory, characterizations of Nat Turner in print media from the 19th century to the early 20th century, revealing how Turner was portrayed in diverse social and historical contexts",42644,2016,Unspecified,,Unknown / unparsed,2010s,Digital,United States,"185 Salisbury St, Worcester, MA 01609",N/A,MA,USA,42.2773983,-71.8101574,1,No,Unspecified,4,3,2,1,1,1,3,No,No,No,Update missing/unparsed,Needs location detail review,Digital Collections/Databases/Archives; Educational Resources; Exhibits & Digital Storytelling; Local History & Local Places,Black Men/Masculinity; Historical Figure; Transatlantic Slave Trade/Slavery,19th Century; 20th Century,Inter-Institution Partnership,Library Professionals,Data Not Available,Grants/Awards (Private: Foundations/Charities); In-Kind Support; Small Donations
bdph_0356,Rhythm of Wisdom Podcasting,"https://www.rhythmofwisdom.com/ -- Changed link to official website, displays same podcasts as soundcloud",Podcast on national security and narrative storytelling from a Black Muslim convert who formerly worked for the CIA,2015,2015,Unspecified,,Unknown / unparsed,2010s,Digital,United States,"Baltimore, MD",Baltimore,N/A,N/A,39.2905023,-76.6104072,7,Yes,Unspecified,2,1,1,1,1,1,1,No,No,No,Update missing/unparsed,Needs location detail review,Oral Histories; Other/Unknown,Politics and Government,Other/Unknown,Independent Scholar/Individual Research,Other/Unknown,Data Not Available,In-Kind Support
bdph_0357,Rice University Between Decisions: From Co-education to Integration (1957-1970),https://digitalprojects.rice.edu/wrc/between-decisions/exhibits/show/between-decisions,Project documenting Rice University's move towards desegregation on the fronts of race and gender,2014,2014,Unspecified,,Unknown / unparsed,2010s,Digital,United States,"6100 Main, Houston, TX 77005",N/A,TX,USA,29.7201306,-95.4018157,4,Yes,Unspecified,4,4,1,1,3,1,1,No,No,No,Update missing/unparsed,Needs location detail review,Digital Collections/Databases/Archives; Exhibits & Digital Storytelling; Local History & Local Places; Resource Hub,Black Education/Black Students; Black Women/Feminism; Race Relations/Racial Inequality/Racism; Segregation,20th Century,PWI (Graduate),Digital/Design Professionals; Library Professionals; Other/Unknown,Data Not Available,In-Kind Support
bdph_0358,Richard Pryor’s Peoria,https://www.becomingrichardpryor.com/pryors-peoria/,"Companion site to the book Becoming Richard Pryor, focusing on his historically rich childhood and adolescence",2014,2014,Unspecified,,Unknown / unparsed,2010s,Mixed,United States,"110 Sproul Hall Berkeley, CA 94720",N/A,CA,USA,37.8692363,-122.2587453,2,Yes,6-10,3,3,1,1,2,1,2,No,No,No,Update missing/unparsed,Needs location detail review,Digital Publishing & Digital Editions; Educational Resources; Local History & Local Places,Black Men/Masculinity; Black Visual and Performance Art; Historical Figure,20th Century,Inter-Institution Partnership,Community Members; Faculty,Data Not Available,In-Kind Support; Institutional Operating Budget (Internal)
bdph_0359,1853 Richmond and its Slave Market,https://dsl.richmond.edu/richmond3d/,"Video reconstructing what Richmond, Virginia looked like in 1853, highlighting locations related to the slave trade and focusing on the slave market",Unspecified,,Unspecified,,Unknown / unparsed,Unknown,Digital,United States,"5 Richmond Way, Richmond, VA 23226",N/A,VA,USA,37.5765876,-77.5389272,2,Yes,6-10,3,3,1,1,3,1,1,No,No,No,Start and update missing/unparsed,Needs location detail review,Data Mining/Mapping/Visualization; Educational Resources; Local History & Local Places,Race Relations/Racial Inequality/Racism; Transatlantic Slave Trade/Slavery; U.S. History,19th Century,PWI (Graduate),Digital/Design Professionals; Faculty; Other/Unknown,Data Not Available,In-Kind Support
bdph_0360,Rikers Public Memory Project,https://rikersmemoryproject.org/,"RPMP collects and makes visible the stories of people most impacted by Rikers Island, to mobilize action toward repairing its harms and interrupting dehumanizing narratives about incarceration",43132,2018,45047,2023,Updated 2023-2024,2010s,Mixed,United States,New York City,New York City,N/A,N/A,40.7127753,-74.0059728,12,Yes,51+,6,5,2,1,4,3,2,Yes,Yes,Yes,Complete,Needs location detail review,Art and Performance; Digital Collections/Databases/Archives; Events/Programming; Exhibits & Digital Storytelling; Local History & Local Places; Oral Histories,Black Activism/Advocacy; Digital Humanities; Lynching/Race Riots/Police Brutality; Politics and Government; Race Relations/Racial Inequality/Racism,20th Century; 21st Century,Other/Unknown,Community Members; Digital/Design Professionals; Graduate Students; Other/Unknown,BIPOC Run; Community Run; Women Run,Grants/Awards (Private: Foundations/Charities); Small Donations
bdph_0361,Rise Up North,http://riseupnorth.com/,Public history of minority resistance in Newark and Detroit,43599,2019,Unspecified,,Unknown / unparsed,2010s,Digital,United States,"Newark, NJ",Newark,N/A,N/A,40.7315293,-74.1744671,3,Yes,11-25,4,3,2,1,3,1,3,No,No,No,Update missing/unparsed,Needs location detail review,Digital Collections/Databases/Archives; Educational Resources; Local History & Local Places; Oral Histories,Black Activism/Advocacy; Civil Rights Movement/Black Power; U.S. History,20th Century; 21st Century,PWI (Graduate),Digital/Design Professionals; Faculty; Library Professionals,Data Not Available,In-Kind Support; Other/Unknown; Small Donations
bdph_0362,Robert Penn Warren’s Who Speaks for the Negro: An Archival Collection,https://whospeaks.library.vanderbilt.edu/,"Archive of materials related to the book Who Speaks for the Negro? by Robert Penn Warren, including interviews, letters, and book covers for different editions",2007,2007,Unspecified,,Unknown / unparsed,2000s,Digital,United States,"2301 Vanderbilt Place Nashville, TN 37235",N/A,TN,USA,36.146538,-86.80337750000001,1,No,Unspecified,3,2,1,1,2,1,1,No,No,No,Update missing/unparsed,Needs location detail review,Digital Collections/Databases/Archives; Digital Publishing & Digital Editions; Oral Histories,Black Literature; Black Men/Masculinity,20th Century,Inter-Institution Partnership,Digital/Design Professionals; Library Professionals,Data Not Available,In-Kind Support
bdph_0363,The Rooted Project,https://www.rootedproject.org/,Map and archive illustrating the history of Villanova University related to slavery and segregation,2020,2020,Unspecified,,Unknown / unparsed,2020s,Digital,United States,"Villanova University, 800 Lancaster Ave, Villanova, PA 19085",N/A,PA,USA,40.0368926,-75.3425785,3,Yes,Unspecified,3,6,1,1,2,1,2,No,No,No,Update missing/unparsed,Needs location detail review,Digital Collections/Databases/Archives; Educational Resources; Local History & Local Places,Black Men/Masculinity; Black Religions; Black Women/Feminism; Race Relations/Racial Inequality/Racism; Segregation; Transatlantic Slave Trade/Slavery,Other/Unknown,PWI (Graduate),Digital/Design Professionals; Other/Unknown,Data Not Available,In-Kind Support; Institutional Operating Budget (Internal)
bdph_0364,Roudanez,https://roudanez.com/,"Website chronicling the legacy of Black newspaperman Louis Charles Roudanez, founder of the first Black newspaper in the Southern US.",2015,2015,Unspecified,,Unknown / unparsed,2010s,Digital,United States,"St. Paul, MN",St. Paul,N/A,N/A,44.9537029,-93.0899578,1,No,6-10,4,3,1,1,1,1,1,No,No,No,Update missing/unparsed,Needs location detail review,Digital Publishing & Digital Editions; Educational Resources; Exhibits & Digital Storytelling; Local History & Local Places,Black Literature; Black Men/Masculinity; Newspapers/Periodicals/Black Press,Other/Unknown,Independent Scholar/Individual Research,Other/Unknown,Data Not Available,In-Kind Support
bdph_0365,"RSHHGG Lab: Online Index and Lab for the Revue de la Société Haïtienne d’Histoire, de Géographie et de Géologie",http://rshhgglab.com/,"Materials related to the continuing history of the the Revue de la Société Haïtienne d’Histoire, de Géographie et de Géologie, a",Unspecified,,Unspecified,,Unknown / unparsed,Unknown,Digital,United States,"620 Michigan Ave NE, Washington, DC 20064",Washington,NE,USA,38.9334852,-76.9960577,1,No,6-10,4,3,1,1,2,1,2,No,No,No,Start and update missing/unparsed,Location detail present,Digital Collections/Databases/Archives; Digital Publishing & Digital Editions; Local History & Local Places; Resource Hub,African Diaspora/Migration; Caribbean History; Newspapers/Periodicals/Black Press,Other/Unknown,Inter-Institution Partnership,Faculty; Library Professionals,Data Not Available,In-Kind Support; Other/Unknown
bdph_0366,"Runaway Slaves in Britain: bondage, freedom and race in the eighteenth century",https://web.archive.org/web/20230307052924/https://www.runaways.gla.ac.uk/,Database and additional materials on runaway slave ads in England and Scotland in the 18th century,43252,2018,2023,2023,Updated 2023-2024,2010s,Digital,United Kingdom,1 University Gardens University of Glasgow Glasgow G12 8QH UK,N/A,N/A,United Kingdom,55.8726521,-4.2893831,1,No,11-25,2,2,1,1,2,1,4,No,No,No,Complete,Needs location detail review,Digital Collections/Databases/Archives; Educational Resources,Newspapers/Periodicals/Black Press; Transatlantic Slave Trade/Slavery,18th Century,Inter-Institution Partnership,Faculty; Other/Unknown,Data Not Available,Grants/Awards (Private: Foundations/Charities); Grants/Awards (Professional Organizations); Grants/Awards (Public/Federal); Institutional Operating Budget (Internal)
bdph_0367,Sankofa Game,https://sankofagame.org/,Companion site for PC game that teaches about the Akan people of Ghana,Unspecified,,Unspecified,,Unknown / unparsed,Unknown,Digital,United States,"ICS 2, Room 240 Irvine, CA 92697",N/A,CA,USA,33.6439909,-117.8416258,1,No,11-25,3,2,1,1,2,1,2,No,No,No,Start and update missing/unparsed,Needs location detail review,Educational Resources; Exhibits & Digital Storytelling; Local History & Local Places,African History; Other/Unknown,Other/Unknown,Other/Unknown,Digital/Design Professionals; Other/Unknown,Data Not Available,In-Kind Support; Institutional Operating Budget (Internal)
bdph_0368,Sapelo Square,https://sapelosquare.com/,Website offering multimedia information about the (US) diaspora of Black Muslims,2023,2023,2023,2023,Updated 2023-2024,2020s,Digital,United States,"500 S State St, Ann Arbor, MI 48109",N/A,MI,USA,42.27648689999999,-83.74143889999999,4,Yes,6-10,2,2,1,1,3,1,2,No,No,No,Complete,Needs location detail review,Digital Publishing & Digital Editions; Educational Resources,African Diaspora/Migration; Black Religions,Other/Unknown,Press,Community Members; Digital/Design Professionals; Other/Unknown,Data Not Available,Merchandise/Sales; Small Donations
bdph_0369,Save Sewanee Black History,https://blacksewanee.org/,"Digital preservation of the history of Black people in Sewanee, Tennessee, and the University of the South.",2019,2019,2023,2023,Updated 2023-2024,2010s,Digital,United States,"735 University Avenue, Sewanee TN 37383",Sewanee,TN,USA,35.2025381,-85.9208317,3,Yes,1-5,4,2,3,1,4,1,3,No,No,No,Complete,Location detail present,Digital Collections/Databases/Archives; Educational Resources; Local History & Local Places; Oral Histories,Black Communities/Urban Renewal; U.S. History,19th Century; 20th Century; 21st Century,PWI (Undergraduate),Digital/Design Professionals; Faculty; Graduate Students; Undergraduate Students,Data Not Available,Grants/Awards (Institutional/Internal); Grants/Awards (Private: Foundations/Charities); Grants/Awards (Public/Federal)
bdph_0370,The Say It Loud Project (@SayItLoud_NN) / Twitter,https://twitter.com/SayItLoud_NN,"Digital history project focused on Black people in Newport News, Virginia",44105,2020,44538,2021,Updated 2020-2022,2020s,Digital,United States,"Newport News, Virginia",Newport News,N/A,N/A,37.0870821,-76.4730122,1,No,Unspecified,4,2,1,1,1,1,1,No,No,No,Complete,Needs location detail review,Digital Publishing & Digital Editions; Local History & Local Places; Oral Histories; Other/Unknown,Black People - Race Identity; U.S. History,Other/Unknown,Public Library,Other/Unknown,Data Not Available,In-Kind Support
bdph_0371,Scarlet and Black Digital Archive,https://scarletandblack.rutgers.edu/archive/,The Scarlet and Black Digital Archive features primary sources documenting African American history at Rutgers University and in our surrounding communities.,43221,2018,45047,2023,Updated 2023-2024,2010s,Mixed,United States,"Scarlet and Black Research Center at the Institute for the Study of Global Racial Justice, Rutgers, The State University of New Jersey, 15 Seminary Place, New Brunswick, NJ 08901",N/A,NJ,USA,40.4757766,-74.4289684,3,Yes,11-25,4,16,3,1,6,1,1,Yes,No,Yes,Complete,Needs location detail review,Digital Collections/Databases/Archives; Educational Resources; Exhibits & Digital Storytelling; Local History & Local Places,Black Activism/Advocacy; Black Communities/Urban Renewal; Black Education/Black Students; Black Men/Masculinity; Black People - Race Identity; Black Religions; Black Women/Feminism; Civil Rights Movement/Black Power; Colonialism & Post-Colonialism/Decolonization; Digital Humanities; Historical Landmarks/Monuments; Lynching/Race Riots/Police Brutality; Race Relations/Racial Inequality/Racism; Segregation; Transatlantic Slave Trade/Slavery; U.S. History,18th Century; 19th Century; 20th Century,PWI (Graduate),Community Members; Faculty; Fellows and/or Postdocs; Graduate Students; Library Professionals; Undergraduate Students,BIPOC Run,Institutional Operating Budget (Internal)
bdph_0372,Searchable Museum (NMAAHC),https://www.searchablemuseum.com/,"The Searchable Museum is transforming the museum experience, reaching beyond our walls to provide a rich digital experience and bringing the museum’s evocative content and immersive in-person visitor experience into homes around the world.",44501,2021,2023,2023,Updated 2023-2024,2020s,Mixed,United States,"1400 Constitution Ave, NW Washington, DC 20560",Washington,DC,USA,38.8910607,-77.0325883,2,Yes,Unspecified,4,2,1,1,1,1,1,No,No,No,Complete,Location detail present,Digital Collections/Databases/Archives; Educational Resources; Events/Programming; Exhibits & Digital Storytelling,Black People - Race Identity; U.S. History,Other/Unknown,Museum,Museum Professionals,Data Not Available,Grants/Awards (Private: Foundations/Charities)
bdph_0373,See you when I see you: Black Student Life at UCSC 1965-present,https://wheniseeyou.cargo.site/,Holistic history of Black students at the University of California Santa Cruz,2021,2021,Unspecified,,Unknown / unparsed,2020s,Digital,United States,"1156 High Street Santa Cruz, CA 95064",N/A,CA,USA,36.99955060000001,-122.0576273,1,No,1-5,4,2,2,1,4,1,2,No,No,No,Update missing/unparsed,Needs location detail review,Digital Collections/Databases/Archives; Exhibits & Digital Storytelling; Local History & Local Places; Oral Histories,Black Activism/Advocacy; Black Education/Black Students,20th Century; 21st Century,PWI (Graduate),Digital/Design Professionals; Faculty; Library Professionals; Other/Unknown,Data Not Available,In-Kind Support; Institutional Operating Budget (Internal)
bdph_0374,Segregated Austin,http://www.segregatedaustin.org/,"History of Black people and their declining population in Austin, Texas",Unspecified,,Unspecified,,Unknown / unparsed,Unknown,Digital,United States,"110 Inner Campus Drive Austin, TX 78705",N/A,TX,USA,30.2861062,-97.7393634,1,No,1-5,6,1,1,1,2,1,2,No,No,No,Start and update missing/unparsed,Needs location detail review,Digital Collections/Databases/Archives; Educational Resources; Exhibits & Digital Storytelling; Local History & Local Places; Oral Histories; Resource Hub,Black Communities/Urban Renewal,20th Century,Inter-Institution Partnership,Faculty; Graduate Students,Data Not Available,In-Kind Support; Other/Unknown
bdph_0375,Sewanee Slavery Project,https://new.sewanee.edu/roberson-project/,Project exploring the history of slavery at Sewanee: The University of the South,2017,2017,Unspecified,,Unknown / unparsed,2010s,Mixed,United States,"735 University Avenue, Sewanee TN 37383",Sewanee,TN,USA,35.2025381,-85.9208317,3,Yes,Unspecified,4,1,1,1,4,1,1,No,No,No,Update missing/unparsed,Location detail present,Educational Resources; Events/Programming; Other/Unknown; Resource Hub,Transatlantic Slave Trade/Slavery,19th Century,PWI (Undergraduate),Digital/Design Professionals; Faculty; Graduate Students; Undergraduate Students,Data Not Available,In-Kind Support
bdph_0376,SHADD Hub,https://shadd.org/,Website housing research and archives related to the Black diaspora at-large,Unspecified,,Unspecified,,Unknown / unparsed,Unknown,Digital,Canada,"329 York Lanes, York University, 4700 Keele Street Toronto, Ontario M3J 1P3",329 York Lanes,N/A,Canada,43.7742192,-79.49839639999999,3,Yes,1-5,3,2,1,1,2,1,2,No,No,No,Start and update missing/unparsed,Location detail present,Digital Collections/Databases/Archives; Educational Resources; Resource Hub,African Diaspora/Migration; Black Women/Feminism,Other/Unknown,Inter-Institution Partnership,Digital/Design Professionals; Faculty,Data Not Available,Grants/Awards (Private: Foundations/Charities); In-Kind Support
bdph_0377,Sharing Our Legacy Dance Theatre,https://www.sharingourlegacy.org/,Dance group exploring Black history,Unspecified,,Unspecified,,Unknown / unparsed,Unknown,Mixed,United States,"University of Delaware. Newark, DE 19716",N/A,DE,USA,39.6809151,-75.7523313,3,Yes,Unspecified,2,2,1,1,4,1,3,No,No,No,Start and update missing/unparsed,Needs location detail review,Educational Resources; Events/Programming,Black Visual and Performance Art; U.S. History,Other/Unknown,Community Group,Community Members; Faculty; Graduate Students; Undergraduate Students,Data Not Available,Grants/Awards (Institutional/Internal); Grants/Awards (Professional Organizations); Grants/Awards (Public: State or Local)
bdph_0378,Singing the Nation,http://singingthenation.com/,"Research project exploring the impact of the piece, “Lift Every Voice and Sing” through various creative performances of the song.",Unspecified,,Unspecified,,Unknown / unparsed,Unknown,Digital,United States,"4000 Mayflower Hill Dr, Waterville, ME 04901",N/A,ME,USA,44.5649807,-69.6624278,1,No,1-5,3,2,2,1,4,1,2,No,No,No,Start and update missing/unparsed,Needs location detail review,Digital Collections/Databases/Archives; Exhibits & Digital Storytelling; Resource Hub,Black Music; Black Visual and Performance Art,20th Century; 21st Century,Inter-Institution Partnership,Community Members; Faculty; Fellows and/or Postdocs; Library Professionals,Data Not Available,Grants/Awards (Professional Organizations); Grants/Awards (Public: State or Local)
bdph_0379,Slave Narratives | WordSeer,https://wordseer.berkeley.edu/example-slave-narratives/,Project working to restructure how digital humanities research is conducted,Unspecified,,Unspecified,,Unknown / unparsed,Unknown,Digital,United States,"110 Sproul Hall #5800, Berkeley, CA 94720",N/A,CA,USA,37.8692363,-122.2587453,2,Yes,6-10,3,2,1,1,5,1,1,No,No,No,Start and update missing/unparsed,Needs location detail review,Data Mining/Mapping/Visualization; Educational Resources; Resource Hub,Digital Humanities; Transatlantic Slave Trade/Slavery,19th Century,Inter-Institution Partnership,Digital/Design Professionals; Faculty; Fellows and/or Postdocs; Graduate Students; Undergraduate Students,Data Not Available,Grants/Awards (Public/Federal)
bdph_0380,Slave Rebellion Reenactment,https://www.slave-revolt.com/,"A site presenting video, information, and other resources connected to the Reenactment of the Louisiana Slave Revolt of 1811.",Unspecified,,2019,2019,Last update before 2020,Unknown,Mixed,United States,"New Orleans, Louisiana",New Orleans,N/A,N/A,29.9508941,-90.07583559999999,3,Yes,11-25,5,3,1,1,1,1,3,No,No,No,Start missing/unparsed,Needs location detail review,Educational Resources; Events/Programming; Exhibits & Digital Storytelling; Local History & Local Places; Other/Unknown,Black Visual and Performance Art; Lynching/Race Riots/Police Brutality; Transatlantic Slave Trade/Slavery,19th Century,Community Group,Community Members,Data Not Available,Grants/Awards (Private: Corporate/Individual Sponsors); Grants/Awards (Private: Foundations/Charities); Grants/Awards (Public: State or Local)
bdph_0381,"Slave Revolt in Jamaica, 1760-1761",http://revolt.axismaps.com/,Mapping of the Jamaican slave revolt of 1760-1761,2011,2011,2012,2012,Last update before 2020,2010s,Digital,United States,"Massachusetts Hall Cambridge, MA 02138",N/A,MA,USA,42.3744368,-71.118281,2,Yes,1-5,3,3,1,1,2,1,3,No,No,No,Complete,Needs location detail review,Data Mining/Mapping/Visualization; Educational Resources; Local History & Local Places,Caribbean History; Lynching/Race Riots/Police Brutality; Transatlantic Slave Trade/Slavery,18th Century,Inter-Institution Partnership,Faculty; Other/Unknown,Data Not Available,Grants/Awards (Institutional/Internal); Grants/Awards (Private: Foundations/Charities); Grants/Awards (Professional Organizations)
bdph_0382,Slave Societies Digital Archive,https://www.slavesocieties.info/,Preservation and digitization of record related to the Atlantic slave trade,2013,2013,2022,2022,Updated 2020-2022,2010s,Digital,United States,"19th Avenue South, Room 005, Nashville, TN, 37212",N/A,TN,USA,36.1394069,-86.7977331,1,No,26-50,2,1,3,1,3,1,2,No,No,No,Complete,Needs location detail review,Digital Collections/Databases/Archives; Educational Resources,Transatlantic Slave Trade/Slavery,17th Century; 18th Century; 19th Century,Inter-Institution Partnership,Faculty; Graduate Students; Undergraduate Students,Data Not Available,Grants/Awards (Professional Organizations); Grants/Awards (Public/Federal)
bdph_0383,"Slave Streets, Free Streets: Visualizing the Landscape of Early Baltimore",https://earlybaltimore.org/ssfs/,Digital visualization of 1815 Baltimore,2018,2018,2019,2019,Last update before 2020,2010s,Digital,United States,"1000 Hilltop Circle, Baltimore, MD 21250",N/A,MD,USA,39.2578576,-76.7094357,1,No,11-25,2,2,1,2,5,1,3,No,No,No,Complete,Needs location detail review,Data Mining/Mapping/Visualization; Local History & Local Places,Black Communities/Urban Renewal; U.S. History,19th Century,Inter-Institution Partnership; Minority Serving Institution (Undergraduate),Digital/Design Professionals; Faculty; Graduate Students; Other/Unknown; Undergraduate Students,Data Not Available,Grants/Awards (Private: Foundations/Charities); Grants/Awards (Public/Federal); Grants/Awards (Public: State or Local)
bdph_0384,"Slaves and the Courts, 1740-1860",https://www.loc.gov/collections/slaves-and-the-courts-from-1740-to-1860/about-this-collection/,Digitized materials through the Library of Congress related to court cases involving slavery/enslaved people,Unspecified,,Unspecified,,Unknown / unparsed,Unknown,Mixed,United States,"101 Independence Ave. SE Washington, D.C. 20540-4740",N/A,WA,USA,38.8881592,-77.0052109,5,Yes,Unspecified,1,3,2,1,1,1,2,No,No,No,Start and update missing/unparsed,Needs location detail review,Digital Collections/Databases/Archives,Black Men/Masculinity; Politics and Government; Transatlantic Slave Trade/Slavery,18th Century; 19th Century,Other/Unknown,Library Professionals,Data Not Available,In-Kind Support; Institutional Operating Budget (Internal)
bdph_0385,"Slavery At South Carolina College, 1801–1865",https://digital.library.sc.edu/exhibits/slaverycc/,Illustration of the history of slavery at South Carolina College,40664,2011,2023,2023,Updated 2023-2024,2010s,Digital,United States,"University of South Carolina, Columbia, SC 29208",N/A,SC,USA,33.9963052,-81.027157,1,No,6-10,3,1,1,1,1,1,1,No,No,No,Complete,Needs location detail review,Digital Collections/Databases/Archives; Educational Resources; Local History & Local Places,Transatlantic Slave Trade/Slavery,19th Century,PWI (Undergraduate),Graduate Students,Data Not Available,In-Kind Support
bdph_0386,Slavers Of New York (@slaversofny),https://twitter.com/slaversofny,Project revealing the history of slavery and racism in New York City via Twitter posts,44075,2020,45021,2023,Updated 2023-2024,2020s,Digital,United States,"Brooklyn, NY, 11210",N/A,NY,USA,40.6285158,-73.9447994,1,No,1-5,4,2,2,3,1,1,1,No,No,No,Complete,Needs location detail review,Educational Resources; Events/Programming; Local History & Local Places; Resource Hub,Race Relations/Racial Inequality/Racism; Transatlantic Slave Trade/Slavery,18th Century; 19th Century,Community Group; Independent Scholar/Individual Research; Other/Unknown,Other/Unknown,Data Not Available,In-Kind Support
bdph_0387,"Slavery, Abolition, Emancipation and Freedom: Primary Sources from Houghton Library",https://curiosity.lib.harvard.edu/slavery-abolition-emancipation-and-freedom,Digitization of materials related to Black US history,Summer 2020,2020,2022,2022,Updated 2020-2022,2020s,Digital,United States,"Quincy Street & Harvard St, Cambridge, MA 02138",N/A,MA,USA,42.3723041,-71.1151677,1,No,11-25,3,3,3,1,1,1,1,No,No,No,Complete,Needs location detail review,Digital Collections/Databases/Archives; Educational Resources; Exhibits & Digital Storytelling,Civil Rights Movement/Black Power; Transatlantic Slave Trade/Slavery; U.S. History,18th Century; 19th Century; 20th Century,University Library,Library Professionals,Data Not Available,In-Kind Support
bdph_0388,Slavery Adverts 250 Project,https://twitter.com/SlaveAdverts250,"Chronicles role of early America press in perpetuating slavery by identifying, remediating, and republishing newspaper advertisements about enslaved people originally published 250 years ago that day",42631,2016,45050,2023,Updated 2023-2024,2010s,Digital,United States,"500 Salisbury Street, Worcester, Massachusetts",WORCESTER,N/A,N/A,42.2890557,-71.8289606,1,No,51+,2,7,1,2,2,1,1,No,No,Yes,Complete,Needs location detail review,Digital Collections/Databases/Archives; Local History & Local Places,African Diaspora/Migration; Colonialism & Post-Colonialism/Decolonization; Digital Humanities; Newspapers/Periodicals/Black Press; Race Relations/Racial Inequality/Racism; Transatlantic Slave Trade/Slavery; U.S. History,18th Century,Independent Scholar/Individual Research; PWI (Undergraduate),Faculty; Undergraduate Students,LGBTQ+ Run,Grants/Awards (Institutional/Internal)
bdph_0389,Slavery and the Making of the University (UNC-CH),https://exhibits.lib.unc.edu/exhibits/show/slavery,Virtual version of an exhibit highlighting the impacts and experiences of people of color at the University of North Carolina during the antebellum period,Unspecified,,Unspecified,,Unknown / unparsed,Unknown,Mixed,United States,"208 Raleigh Street CB #3916 Chapel Hill, NC 27515-8890",N/A,NC,USA,35.9109845,-79.0479216,4,Yes,Unspecified,4,1,2,2,1,1,1,No,No,No,Start and update missing/unparsed,Needs location detail review,Educational Resources; Events/Programming; Exhibits & Digital Storytelling; Local History & Local Places,Transatlantic Slave Trade/Slavery,18th Century; 19th Century,PWI (Graduate); University Library,Library Professionals,Data Not Available,In-Kind Support
bdph_0390,Slavery Database | George Washington's Mount Vernon,https://www.mountvernon.org/george-washington/slavery/slavery-database/,Database of slave records from Mount Vernon,2014,2014,Unspecified,,Unknown / unparsed,2010s,Digital,United States,"3200 Mount Vernon Memorial Highway Mount Vernon, Virginia 22121",N/A,VA,USA,38.7107512,-77.08705359999999,2,Yes,Unspecified,2,1,2,1,1,1,3,No,No,No,Update missing/unparsed,Needs location detail review,Digital Collections/Databases/Archives; Local History & Local Places,Transatlantic Slave Trade/Slavery,18th Century; 19th Century,Museum,Museum Professionals,Data Not Available,Grants/Awards (Private: Foundations/Charities); In-Kind Support; Small Donations
bdph_0391,Slavery Images: A Visual Record of the African Slave Trade and Slave Life in the Early African Diasporas,https://www.slaveryimages.org/public/index.php,Mapping of images related to the slave trade,36770,2000,Unspecified,,Unknown / unparsed,2000s,Digital,United States,"University of Colorado Boulder 584 UCB Boulder, Colorado 80309-0584",N/A,CO,USA,40.0073499,-105.2659871,2,Yes,6-10,4,1,2,3,3,1,3,No,No,No,Update missing/unparsed,Needs location detail review,Data Mining/Mapping/Visualization; Digital Collections/Databases/Archives; Educational Resources; Exhibits & Digital Storytelling,Transatlantic Slave Trade/Slavery,18th Century; 19th Century,Inter-Institution Partnership; PWI (Graduate); PWI (Undergraduate),Digital/Design Professionals; Faculty; Graduate Students,Data Not Available,Grants/Awards (Private: Foundations/Charities); Grants/Awards (Professional Organizations); Grants/Awards (Public: State or Local)
bdph_0392,"Slavery, Law, & Power in the British Empire and Early America",https://slaverylawpower.org/,"SLP (Slavery, Law, and Power) is a project dedicated to bringing the many disparate sources that help to explain the long history of slavery and its connection to struggles over power in early America, particularly in the colonies that would become the United States.",42614,2016,45017,2023,Updated 2023-2024,2010s,Digital,United States,"Department of History, Francis Scott Key Hall, 4280 Chapel Drive, College Park, MD 20742",N/A,MD,USA,38.9850298,-76.94302100000002,1,No,6-10,3,8,4,1,5,1,3,No,Yes,Yes,Complete,Needs location detail review,Digital Collections/Databases/Archives; Digital Publishing & Digital Editions; Resource Hub,Abolitionists/Emancipation/Reconstruction; Caribbean History; Digital Humanities; Historical Figure; Politics and Government; Race Relations/Racial Inequality/Racism; Transatlantic Slave Trade/Slavery; U.S. History,16th Century; 17th Century; 18th Century; 19th Century,PWI (Graduate),Faculty; Fellows and/or Postdocs; Graduate Students; Library Professionals; Undergraduate Students,Women Run,Grants/Awards (Professional Organizations); Grants/Awards (Public/Federal); Institutional Operating Budget (Internal)
bdph_0393,SNCC Digital Gateway & SNCC Legacy Project,https://snccdigital.org/,History of the Student Nonviolent Coordinating Committee,2013,2013,Unspecified,,Unknown / unparsed,2010s,Digital,United States,"2138 Campus Drive Box 90586 Durham, NC 27708",N/A,NC,USA,35.9997262,-78.93329729999999,1,No,26-50,4,1,2,4,3,1,1,No,No,No,Update missing/unparsed,Needs location detail review,Data Mining/Mapping/Visualization; Digital Collections/Databases/Archives; Educational Resources; Local History & Local Places,Civil Rights Movement/Black Power,20th Century; 21st Century,Community Group; Inter-Institution Partnership; PWI (Graduate); University Library,Community Members; Digital/Design Professionals; Faculty,Data Not Available,Grants/Awards (Professional Organizations)
bdph_0394,Sojourners' Trail,https://wgreason.macalester.digital/Maze/00-intro/story.html,"Sojourners' Trail is the first interactive, historical game about Afrofuturism and the history of Black community preservation.",43525,2019,45536,2024,Updated 2023-2024,2010s,Digital,United States,"1600 Grand Avenue, Macalester College, Saint Paul, MN 55105",N/A,MN,USA,44.9379079,-93.16848039999999,1,No,1-5,3,19,6,1,2,1,6,Yes,No,Yes,Complete,Needs location detail review,Data Mining/Mapping/Visualization; Educational Resources; Local History & Local Places,African Diaspora/Migration; Black Activism/Advocacy; Black Communities/Urban Renewal; Black Education/Black Students; Black Film; Black Literature; Black Lives Matter Movement; Black Religions; Black Studies; Black Visual and Performance Art; Black Women/Feminism; Civil Rights Movement/Black Power; Digital Humanities; Historical Figure; Historical Landmarks/Monuments; Lynching/Race Riots/Police Brutality; Race Relations/Racial Inequality/Racism; Segregation; U.S. History,16th Century; 17th Century; 18th Century; 19th Century; 20th Century; 21st Century,PWI (Undergraduate),Faculty; Undergraduate Students,BIPOC Run,Grants/Awards (Institutional/Internal); Grants/Awards (Private: Corporate/Individual Sponsors); Grants/Awards (Private: Foundations/Charities); Grants/Awards (Public: State or Local); In-Kind Support; Small Donations
bdph_0395,The Sojourner Truth Memorial Statue Committee,https://sojournertruthmemorial.org/,"Our mission is to keep alive the history of Sojourner’s work in our community as well as foster her vision of a world of equality and justice for all people and promote an understanding of Sojourner Truth’s significance in American history through academic scholarships, grants to schools, tours of abolitionist Florence and community events.",1992,1992,45034,2023,Updated 2023-2024,1990s,Mixed,United States,"121 Pine Street, Florence MA 01062",Florence,MA,USA,42.3322943,-72.67396819999999,1,No,6-10,5,10,1,2,2,1,3,No,No,Yes,Complete,Location detail present,Digital Collections/Databases/Archives; Educational Resources; Events/Programming; Local History & Local Places; Resource Hub,Abolitionists/Emancipation/Reconstruction; Black Activism/Advocacy; Black Education/Black Students; Black Visual and Performance Art; Black Women/Feminism; Historical Figure; Historical Landmarks/Monuments; Race Relations/Racial Inequality/Racism; Transatlantic Slave Trade/Slavery; U.S. History,19th Century,Community Group; Historical Society,Community Members; Digital/Design Professionals,Not Minority Run,Grants/Awards (Private: Corporate/Individual Sponsors); In-Kind Support; Small Donations
bdph_0396,The Sojourner Truth Project,https://www.thesojournertruthproject.com/,"Analysis of different version of Sojourner Truth's speech ""Ain't I a woman""",Unspecified,,Unspecified,,Unknown / unparsed,Unknown,Digital,United States,"1111 8th St, San Francisco, CA 94107",N/A,CA,USA,37.7673765,-122.399486,1,No,6-10,3,4,1,2,3,1,1,No,No,No,Start and update missing/unparsed,Needs location detail review,Art and Performance; Educational Resources; Exhibits & Digital Storytelling,Abolitionists/Emancipation/Reconstruction; Black Women/Feminism; Historical Figure; Race Relations/Racial Inequality/Racism,19th Century,Independent Scholar/Individual Research; Inter-Institution Partnership,Community Members; Digital/Design Professionals; Undergraduate Students,Data Not Available,In-Kind Support
bdph_0397,Solidarity Book Project,https://solidaritybookproject.org/,Project using modes like art and storytelling to fundraise for Black and Indigenous communities,2021,2021,Unspecified,,Unknown / unparsed,2020s,Digital,United States,"Amherst, MA 01002",N/A,MA,USA,42.3732216,-72.5198537,2,Yes,11-25,3,2,1,1,4,1,3,No,No,No,Update missing/unparsed,Needs location detail review,Art and Performance; Educational Resources; Exhibits & Digital Storytelling,Black People - Race Identity; Black Visual and Performance Art,21st Century,Inter-Institution Partnership,Community Members; Digital/Design Professionals; Faculty; Undergraduate Students,Data Not Available,Grants/Awards (Professional Organizations); In-Kind Support; Small Donations
bdph_0398,Soul of Reason,https://specialcollections.hosting.nyu.edu/projects/soul-of-reason,"Transcription project of the archives of episodes of the radio show ""Soul of Reason""",2020,2020,2021,2021,Updated 2020-2022,2020s,Digital,United States,"Elmer Holmes Bobst Library, 70 Washington Square South, Floor 2 New York, NY 10012",N/A,NY,USA,40.7296301,-73.99707769999999,2,Yes,11-25,3,2,1,1,5,1,1,No,No,No,Complete,Needs location detail review,Digital Collections/Databases/Archives; Events/Programming; Local History & Local Places,Black Men/Masculinity; Black Visual and Performance Art,20th Century,University Library,Community Members; Digital/Design Professionals; Faculty; Graduate Students; Library Professionals,Data Not Available,Grants/Awards (Institutional/Internal)
bdph_0399,South Adams Street @ 1900 | an historic ypsilanti african-american neighborhood,https://southadamstreet1900.wordpress.com/,"Archive of information about the Black community in Ypsilanti, Michigan at the turn of the 20th century",2013,2013,Unspecified,,Unknown / unparsed,2010s,Digital,United States,"Eastern Michigan University, Ypsilanti, MI, USA 48197",N/A,MI,USA,42.2506803,-83.624089,1,No,1-5,4,1,2,1,2,1,1,No,No,No,Update missing/unparsed,Needs location detail review,Data Mining/Mapping/Visualization; Digital Collections/Databases/Archives; Educational Resources; Local History & Local Places,Black Communities/Urban Renewal,19th Century; 20th Century,Independent Scholar/Individual Research,Graduate Students; Other/Unknown,Data Not Available,In-Kind Support
bdph_0400,Sundown Towns - History and Social Justice,https://justice.tougaloo.edu/sundown-towns/,Database and additional information about sundown towns,Unspecified,,2023,2023,Updated 2023-2024,Unknown,Digital,United States,"500 S State St, Ann Arbor, MI 48109",N/A,MI,USA,42.27648689999999,-83.74143889999999,4,Yes,6-10,3,3,2,1,3,1,1,No,No,No,Start missing/unparsed,Needs location detail review,Data Mining/Mapping/Visualization; Digital Collections/Databases/Archives; Educational Resources,Lynching/Race Riots/Police Brutality; Race Relations/Racial Inequality/Racism; U.S. History,19th Century; 20th Century,Inter-Institution Partnership,Digital/Design Professionals; Faculty; Other/Unknown,Data Not Available,In-Kind Support
bdph_0401,sx archipelagos,http://archipelagosjournal.org/,Journal about digital studies in relation to the Caribbean,Unspecified,,2022,2022,Updated 2020-2022,Unknown,Digital,United States,"Columbia University, New York, NY, 10027",N/A,NY,USA,40.8075355,-73.9625727,5,Yes,11-25,1,1,1,1,4,1,3,No,No,No,Start missing/unparsed,Needs location detail review,Digital Publishing & Digital Editions,Caribbean History,Other/Unknown,Press,Digital/Design Professionals; Faculty; Graduate Students; Library Professionals,Data Not Available,Grants/Awards (Professional Organizations); Grants/Awards (Public/Federal); In-Kind Support
bdph_0402,sx salon,http://www.smallaxe.net/sxsalon,Multimodal publication focusing on Caribbean literature,2010,2010,Unspecified,,Unknown / unparsed,2010s,Mixed,United States,"Columbia University, New York, NY, 10027",N/A,NY,USA,40.8075355,-73.9625727,5,Yes,1-5,1,4,1,1,1,1,1,No,No,No,Update missing/unparsed,Needs location detail review,Digital Publishing & Digital Editions,Black Literature; Black People - Race Identity; Caribbean History; Other/Unknown,Other/Unknown,Press,Faculty,Data Not Available,In-Kind Support
bdph_0403,Taller Electric Marronage,https://www.electricmarronage.com/,Multimodal publication surrounding the Black experience/escapism,Unspecified,,Unspecified,,Unknown / unparsed,Unknown,Digital,United States,"3400 N. Charles Street Baltimore, MD 21218",N/A,MD,USA,39.3296802,-76.6190956,1,No,6-10,4,1,1,1,2,1,1,No,No,No,Start and update missing/unparsed,Needs location detail review,Art and Performance; Educational Resources; Events/Programming; Resource Hub,Black People - Race Identity,21st Century,Press,Faculty; Graduate Students,Data Not Available,In-Kind Support
bdph_0404,Tech and Sensibility,http://techandsensibility.com/,Teaching blog on the intersections of technology with humanities topics,Unspecified,,2023,2023,Updated 2023-2024,Unknown,Digital,Other/Unknown,"2039 John F. Kennedy Blvd, Jersey City, NJ 07305",N/A,NJ,USA,40.709514,-74.0869271,1,No,1-5,2,4,1,1,1,1,1,No,No,No,Start missing/unparsed,Needs location detail review,Digital Publishing & Digital Editions; Educational Resources,Black People - Race Identity; Digital Humanities; LBGTQIA+/Queer Studies; Race Relations/Racial Inequality/Racism,Other/Unknown,Independent Scholar/Individual Research,Faculty,Data Not Available,In-Kind Support
bdph_0405,Texas Slavery Project,http://www.texasslaveryproject.org/maps/hb/,Database of tax documents from the Republic of Texas that references enslaved people,2007,2007,2008,2008,Last update before 2020,2000s,Digital,United States,"University of Virginia, Charlottesville, VA 22904",N/A,VA,USA,38.0340277,-78.510016,2,Yes,1-5,3,1,2,1,3,1,2,No,No,No,Complete,Needs location detail review,Data Mining/Mapping/Visualization; Digital Collections/Databases/Archives; Local History & Local Places,Transatlantic Slave Trade/Slavery,19th Century; 20th Century,Inter-Institution Partnership,Digital/Design Professionals; Faculty; Graduate Students,Data Not Available,Grants/Awards (Private: Foundations/Charities); Grants/Awards (Professional Organizations)
bdph_0406,Texas Domestic Slave Trade Project: Mapping Texas Slave Trade Routes,https://txdst.la.utexas.edu/,"History of Matagorda county, Texas and the role it played in the slave trade",Unspecified,,2023,2023,Updated 2023-2024,Unknown,Digital,United States,"University of Texas at Austin, Austin, TX 78712",N/A,TX,USA,30.2835151,-97.73488049999999,1,No,Unspecified,3,1,2,2,4,1,1,No,No,No,Start missing/unparsed,Needs location detail review,Educational Resources; Exhibits & Digital Storytelling; Local History & Local Places,Transatlantic Slave Trade/Slavery,18th Century; 19th Century,Minority Serving Institution (Undergraduate); Other/Unknown,Community Members; Faculty; Library Professionals; Museum Professionals,Data Not Available,Grants/Awards (Institutional/Internal)
bdph_0407,The Texas Freedom Colonies Project,https://www.thetexasfreedomcoloniesproject.com/,"Founded by Dr. Andrea Roberts in 2014, The Texas Freedom Colonies Project™ is a research, educational, and social justice initiative dedicated to preserving the spaces within and heritage of Texas’ historic African American settlements. In partnership with descendant communities, The Project aims to prevent cultural property erasure, destruction, and decay within settlements through participatory heritage conservation.",2014,2014,2023,2023,Updated 2023-2024,2010s,Mixed,United States,"UNIVERSITY OF VIRGINIA, School of Architecture, 110 Bayly Dr, Charlottesville, VA 22903",N/A,VA,USA,38.0388218,-78.50382599999999,1,No,11-25,9,5,3,4,5,2,5,Yes,No,Yes,Complete,Needs location detail review,Data Mining/Mapping/Visualization; Digital Collections/Databases/Archives; Digital Publishing & Digital Editions; Educational Resources; Events/Programming; Exhibits & Digital Storytelling; Local History & Local Places; Oral Histories; Resource Hub,African Diaspora/Migration; Black Communities/Urban Renewal; Digital Humanities; Historical Landmarks/Monuments; U.S. History,19th Century; 20th Century; 21st Century,Independent Scholar/Individual Research; Inter-Institution Partnership; PWI (Graduate); PWI (Undergraduate),Community Members; Digital/Design Professionals; Faculty; Graduate Students; Library Professionals,BIPOC Run; Community Run,Grants/Awards (Institutional/Internal); Grants/Awards (Private: Foundations/Charities); Grants/Awards (Public/Federal); Grants/Awards (Public: State or Local); Small Donations
bdph_0408,"The Third Chapter Project, Inc.",https://www.thirdchapter.org/,Organization expanding Africans' access to non-STEM educational content,2019,2019,2022,2022,Updated 2020-2022,2010s,Digital,Other/Unknown,"New York, NY",New York,N/A,N/A,40.7127753,-74.0059728,12,Yes,26-50,3,1,1,1,3,1,2,No,No,No,Complete,Needs location detail review,Educational Resources; Other/Unknown; Resource Hub,Black Education/Black Students,Other/Unknown,Inter-Institution Partnership,Digital/Design Professionals; Faculty; Graduate Students,Data Not Available,Grants/Awards (Private: Foundations/Charities); Small Donations
bdph_0409,Traveling While Black on Oculus Go,https://www.oculus.com/experiences/go/1994117610669719/,VR experience that paints a picture of what it's like to travel as a Black person,43466,2019,Unspecified,,Unknown / unparsed,2010s,Digital,United States,"5229 W. 2nd Street Los Angeles, California, 90004, USA",N/A,CA,USA,34.0715595,-118.3327074,1,No,26-50,3,2,1,1,2,1,1,No,No,No,Update missing/unparsed,Needs location detail review,Art and Performance; Educational Resources; Exhibits & Digital Storytelling,African Diaspora/Migration; Race Relations/Racial Inequality/Racism,20th Century,Other/Unknown,Digital/Design Professionals; Other/Unknown,Data Not Available,In-Kind Support
bdph_0410,Treasury of Weary Souls,https://web.archive.org/web/20220202161038/http://www.treasuryofwearysouls.com/,"Information illustrating slave contributions to industry during the antebellum era, including discussions of slave insurance",Unspecified,,Unspecified,,Unknown / unparsed,Unknown,Digital,United States,"New York University 50 West 4th Street New York, NY 10012",N/A,NY,USA,40.72951339999999,-73.9964609,2,Yes,1-5,3,2,1,1,2,1,1,No,No,No,Start and update missing/unparsed,Needs location detail review,Data Mining/Mapping/Visualization; Digital Collections/Databases/Archives; Educational Resources,African Diaspora/Migration; Transatlantic Slave Trade/Slavery,19th Century,Independent Scholar/Individual Research,Digital/Design Professionals; Faculty,Data Not Available,In-Kind Support
bdph_0411,Truth-Telling: Frances Willard and Ida B. Wells,https://scalar.usc.edu/works/willard-and-wells/index,Project exploring the conflict between Frances Willard and Ida B. Wells within the context of women's movements and racism,2017,2017,Unspecified,,Unknown / unparsed,2010s,Digital,United States,"Feances Willard House Museum and WCTU Archives, 1730 Chicago Avenue, Evanston IL 60201",Evanston,IL,USA,42.048931,-87.6787617,2,Yes,11-25,3,3,1,4,5,1,2,No,Yes,Yes,Update missing/unparsed,Location detail present,Digital Collections/Databases/Archives; Educational Resources; Exhibits & Digital Storytelling,Black Women/Feminism; Historical Figure; Race Relations/Racial Inequality/Racism,19th Century,Historical Society; Inter-Institution Partnership; Museum; PWI (Graduate),Faculty; Graduate Students; Library Professionals; Museum Professionals; Other/Unknown,Women Run,Grants/Awards (Professional Organizations); In-Kind Support
bdph_0412,Tufts University’s African American Trail,https://as.tufts.edu/center-study-race-and-democracy,Tufts University's research center on race and democracy,Unspecified,,Unspecified,,Unknown / unparsed,Unknown,Mixed,United States,"Tufts University Fung House, 2nd Floor 48 Professors Row Medford, MA 02155",N/A,MA,USA,42.4058731,-71.1202074,1,No,6-10,2,3,5,1,1,1,1,No,No,No,Start and update missing/unparsed,Needs location detail review,Educational Resources; Resource Hub,Black Activism/Advocacy; Politics and Government; Race Relations/Racial Inequality/Racism,17th Century; 18th Century; 19th Century; 20th Century; 21st Century,PWI (Undergraduate),Faculty,Data Not Available,Institutional Operating Budget (Internal)
bdph_0413,Religious Racism in Brazil,https://www.religiousracism.org/brazil,Record of instances of anti-Afro-Brazilian religion since 2000,43770,2019,44795,2022,Updated 2020-2022,2010s,Digital,United States,"University of North Carolina at Charlotte, 9201 University City Blvd, Charlotte, NC 28223",N/A,NC,USA,35.308362,-80.73370899999999,1,No,1-5,4,7,1,2,2,1,2,Yes,No,Yes,Complete,Needs location detail review,Data Mining/Mapping/Visualization; Digital Collections/Databases/Archives; Educational Resources; Resource Hub,African Diaspora/Migration; African History; Black Communities/Urban Renewal; Black Religions; Black Studies; Digital Humanities; Race Relations/Racial Inequality/Racism,21st Century,Independent Scholar/Individual Research; Other/Unknown,Faculty; Translators,BIPOC Run,Grants/Awards (Private: Foundations/Charities); Grants/Awards (Public: State or Local)
bdph_0414,Two Plantations,http://twoplantations.com/,Project exploring multi-generational families in plantations in Virginia and Jamaica,Unspecified,,Unspecified,,Unknown / unparsed,Unknown,Digital,United States,"University of Pennsylvania, Philadelphia, PA 19104",N/A,PA,USA,39.9515013,-75.1910161,3,Yes,1-5,2,1,2,1,3,1,3,No,No,No,Start and update missing/unparsed,Needs location detail review,Data Mining/Mapping/Visualization; Exhibits & Digital Storytelling,Transatlantic Slave Trade/Slavery,18th Century; 19th Century,Inter-Institution Partnership,Digital/Design Professionals; Faculty; Other/Unknown,Data Not Available,Grants/Awards (Private: Foundations/Charities); Grants/Awards (Professional Organizations); In-Kind Support
bdph_0415,Umbra Search African American History,https://www.umbrasearch.org/,Organization using widget tools to make digital Black history more accessible,2012,2012,42856,2017,Last update before 2020,2010s,Mixed,United States,"Umbra Search African American History 213 Elmer L. Andersen Library University of Minnesota 222 21st Avenue South Minneapolis, MN 55455",N/A,MN,USA,44.9733095,-93.2429227,1,No,26-50,2,2,2,1,2,1,4,No,No,No,Complete,Needs location detail review,Educational Resources; Resource Hub,Black Visual and Performance Art; U.S. History,19th Century; 20th Century,University Library,Community Members; Library Professionals,Data Not Available,Grants/Awards (Private: Foundations/Charities); Grants/Awards (Professional Organizations); Grants/Awards (Public/Federal); In-Kind Support
bdph_0418,Valley of the Shadow,https://valley.lib.virginia.edu/,Archive of materials related to the everyday lives of people during the time of the Civil War,1993,1993,2007,2007,Last update before 2020,1990s,Digital,United States,"UVA Library P.O. Box - 400109 2450 Old Ivy Rd. Charlottesville, VA 22903",N/A,VA,USA,38.0335529,-78.5079772,5,Yes,51+,4,1,1,1,2,1,3,No,No,No,Complete,Needs location detail review,Educational Resources; Exhibits & Digital Storytelling; Local History & Local Places; Oral Histories,Black Soldiers/American Civil War,19th Century,University (Other),Faculty; Library Professionals,Data Not Available,Grants/Awards (Institutional/Internal); Grants/Awards (Public: State or Local); Institutional Operating Budget (Internal)
bdph_0420,Virginia African American Historic Sites Database,http://www.aahistoricsitesva.org/,Blog about Black US history,Unspecified,,45000,2023,Updated 2023-2024,Unknown,Digital,United States,"Marcelleshire, IL 22236",N/A,IL,USA,40.6331249,-89.3985283,1,No,1-5,2,5,1,1,1,1,1,No,No,No,Start missing/unparsed,Needs location detail review,Digital Publishing & Digital Editions; Educational Resources,Black Activism/Advocacy; Black Lives Matter Movement; Black People - Race Identity; Colonialism & Post-Colonialism/Decolonization; U.S. History,Other/Unknown,Press,Other/Unknown,Data Not Available,In-Kind Support
bdph_0421,Virginia Untold: The African American Narrative,https://lva.primo.exlibrisgroup.com/discovery/search?vid=01LVA_INST:VU&lang=en,Virginia Untold is a digital archives that facilitates access to the Library of Virginia's pre-1867 records related to enslaved and free Black and multiracial people,2013,2013,45008,2023,Updated 2023-2024,2010s,Digital,United States,"800 E Broad St, Richmond, VA 23219",N/A,VA,USA,37.5416465,-77.43380069999999,1,No,51+,4,11,3,2,7,1,5,No,No,Yes,Complete,Needs location detail review,Digital Collections/Databases/Archives; Educational Resources; Local History & Local Places; Resource Hub,Abolitionists/Emancipation/Reconstruction; African Diaspora/Migration; Black Communities/Urban Renewal; Black Soldiers/American Civil War; Colonialism & Post-Colonialism/Decolonization; Digital Humanities; Lynching/Race Riots/Police Brutality; Politics and Government; Race Relations/Racial Inequality/Racism; Transatlantic Slave Trade/Slavery; U.S. History,17th Century; 18th Century; 19th Century,Museum; Public Library,Community Members; Digital/Design Professionals; Graduate Students; K-12 Educators; Library Professionals; Museum Professionals; Undergraduate Students,Not Minority Run,Grants/Awards (Private: Corporate/Individual Sponsors); Grants/Awards (Professional Organizations); Grants/Awards (Public/Federal); Grants/Awards (Public: State or Local); Institutional Operating Budget (Internal)
bdph_0423,Virtual Bethel,https://comet.soic.iupui.edu/bethel/,Preservation of the print records of the Bethel AME church in Indianapolis,2015,2015,2018,2018,Last update before 2020,2010s,Digital,United States,"535 W Michigan St, Indianapolis, IN 46202",N/A,IN,USA,39.773908,-86.167644,1,No,6-10,4,3,3,2,4,1,2,No,No,No,Complete,Needs location detail review,Data Mining/Mapping/Visualization; Digital Collections/Databases/Archives; Educational Resources; Local History & Local Places,African History; Black Communities/Urban Renewal; Black Religions,19th Century; 20th Century; 21st Century,Community Group; University Library,Community Members; Digital/Design Professionals; Faculty; Library Professionals,Data Not Available,Grants/Awards (Institutional/Internal); In-Kind Support
bdph_0424,Virtual Harlem,http://digitalhumanities.arizona.edu,Virtual Harlem is the first full virtual reality environment focused on African American life and culture of the 1920s Harlem Renaissance.,35431,1997,44986,2023,Updated 2023-2024,1990s,Digital,United States,University of Arizona,University of Arizona,N/A,N/A,32.2318981,-110.9535407,1,No,6-10,4,12,1,2,2,1,4,No,No,Yes,Complete,Needs location detail review,Art and Performance; Digital Collections/Databases/Archives; Educational Resources; Exhibits & Digital Storytelling,Black Activism/Advocacy; Black Communities/Urban Renewal; Black Film; Black Literature; Black Music; Black Religions; Black Visual and Performance Art; Black Women/Feminism; Digital Humanities; Historical Figure; Historical Landmarks/Monuments; Newspapers/Periodicals/Black Press,20th Century,Minority Serving Institution (Graduate); Minority Serving Institution (Undergraduate),Faculty; Undergraduate Students,Not Minority Run,Grants/Awards (Institutional/Internal); Grants/Awards (Private: Foundations/Charities); Grants/Awards (Public/Federal); Grants/Awards (Public: State or Local)
bdph_0425,"Virtual Martin Luther King, Jr. Project",https://vmlk.chass.ncsu.edu/,"Guided in-person or virtual tour exploring archives related to speeches by Martin Luther King, Jr.",2013,2013,2022,2022,Updated 2020-2022,2010s,Mixed,United States,"1070 Partners Way, Raleigh, NC 27606",N/A,NC,USA,35.7693217,-78.67644059999999,1,No,26-50,4,4,1,1,4,1,5,No,No,No,Complete,Needs location detail review,Educational Resources; Events/Programming; Exhibits & Digital Storytelling; Local History & Local Places,Black Activism/Advocacy; Black Communities/Urban Renewal; Black Men/Masculinity; Civil Rights Movement/Black Power,20th Century,Inter-Institution Partnership,Community Members; Digital/Design Professionals; Faculty; Graduate Students,Data Not Available,Grants/Awards (Institutional/Internal); Grants/Awards (Professional Organizations); Grants/Awards (Public/Federal); Grants/Awards (Public: State or Local); Institutional Operating Budget (Internal)
bdph_0426,The Vision & Justice Project,https://visionandjustice.org/,Project exploring the intersection between the fight for democracy and visual representation/literacy,2014,2014,45047,2023,Updated 2023-2024,2010s,Mixed,United States,"485 Broadway, Cambridge, MA 02138",N/A,MA,USA,42.3750925,-71.11413809999999,1,No,1-5,4,3,3,1,1,1,2,No,No,No,Complete,Needs location detail review,Digital Publishing & Digital Editions; Educational Resources; Events/Programming; Exhibits & Digital Storytelling,Black Visual and Performance Art; Civil Rights Movement/Black Power; U.S. History,19th Century; 20th Century; 21st Century,Independent Scholar/Individual Research,Faculty,Data Not Available,In-Kind Support; Small Donations
bdph_0427,The Visiting Room Project,https://www.visitingroomproject.org/,"The Visiting Room Project is a digital experience that invites the public to sit face-to-face with people serving life without the possibility of parole to hear them tell their stories, in their own words.",2017,2017,45017,2023,Updated 2023-2024,2010s,Digital,United States,"New Orleans, Louisiana",New Orleans,N/A,N/A,29.9508941,-90.07583559999999,3,Yes,51+,7,4,2,4,4,1,3,No,No,Yes,Complete,Needs location detail review,Art and Performance; Digital Collections/Databases/Archives; Educational Resources; Events/Programming; Exhibits & Digital Storytelling; Local History & Local Places; Oral Histories,Black Communities/Urban Renewal; Digital Humanities; Other/Unknown; U.S. History,20th Century; 21st Century,Community Group; Independent Scholar/Individual Research; Other/Unknown; University (Other),Community Members; Digital/Design Professionals; Faculty; Undergraduate Students,Not Minority Run,Grants/Awards (Institutional/Internal); Grants/Awards (Private: Foundations/Charities); Institutional Operating Budget (Internal)
bdph_0428,Visualizing Emancipation,http://dsl.richmond.edu/emancipation/,Mapping of various emancipation-related events that occurred during the time of the Civil War,Unspecified,,2020,2020,Updated 2020-2022,Unknown,Digital,United States,"Boatwright Memorial Library 28 Westhampton Way University of Richmond, VA 23173",N/A,VA,USA,37.5739212,-77.5428644,1,No,26-50,3,3,1,1,4,1,2,No,No,No,Start missing/unparsed,Needs location detail review,Data Mining/Mapping/Visualization; Educational Resources; Resource Hub,Abolitionists/Emancipation/Reconstruction; Black Soldiers/American Civil War; Race Relations/Racial Inequality/Racism,19th Century,Inter-Institution Partnership,Digital/Design Professionals; Faculty; Graduate Students; Undergraduate Students,Data Not Available,Grants/Awards (Public/Federal); In-Kind Support
bdph_0429,Visualizing the Red Summer,https://urldefense.com/v3/__http://visualizingtheredsummer.com/__;!!NU39aU7923wvzQ!oc590UGVBmzner6GiwUQylozg4EWRcGp2D5-ZvELgmJf0GxIfb9C3cgcPQ03xR_We0U5HZa4Xekp9nUDTbHab5swGKGPpMs$,"Educational website on the violence of the Red Summer of 1919, including an archive of 700 historical documents, interactive map, and timeline.",2015,2015,2023,2023,Updated 2023-2024,2010s,Digital,United States,"2500 North River Road Manchester, NH 03106",N/A,NH,USA,43.0399315,-71.45454099999999,1,No,1-5,4,3,1,1,1,2,2,No,Yes,Yes,Complete,Needs location detail review,Data Mining/Mapping/Visualization; Digital Collections/Databases/Archives; Educational Resources; Resource Hub,Black Communities/Urban Renewal; Lynching/Race Riots/Police Brutality; Race Relations/Racial Inequality/Racism,20th Century,Independent Scholar/Individual Research,Other/Unknown,Community Run; Women Run,In-Kind Support; Small Donations
bdph_0430,1875 Voter Registration Books,https://digital.archives.alabama.gov/digital/collection/voter,"This collection consists of voter registration volumes from 1875, which are among the earliest state records documenting the names of formerly enslaved Black men in Alabama.",43770,2019,45047,2023,Updated 2023-2024,2010s,Digital,United States,"624 Washington Avenue, Montgomery, Alabama 36104",MONTGOMERY,WA,USA,32.3757537,-86.300518,1,No,Unspecified,3,5,1,2,4,1,1,No,No,Yes,Complete,Location detail present,Digital Collections/Databases/Archives; Educational Resources; Local History & Local Places,Abolitionists/Emancipation/Reconstruction; Black Men/Masculinity; Politics and Government; Race Relations/Racial Inequality/Racism; U.S. History,19th Century,Museum; Other/Unknown,Community Members; Digital/Design Professionals; Library Professionals; Other/Unknown,Not Minority Run,Institutional Operating Budget (Internal)
bdph_0431,The Voyage of the Slave Ship Sally: 1764-1765,https://cds.library.brown.edu/projects/sally/,Archive of documents related to the slaving ship Sally,2006,2006,Unspecified,,Unknown / unparsed,2000s,Digital,United States,"Brown University, Providence RI 02912",Providence,RI,USA,41.8267718,-71.4025482,5,Yes,Unspecified,2,3,1,2,3,1,2,No,No,No,Update missing/unparsed,Location detail present,Digital Collections/Databases/Archives; Local History & Local Places,African Diaspora/Migration; Black People - Race Identity; Transatlantic Slave Trade/Slavery,18th Century,PWI (Graduate); University Library,Community Members; Faculty; Library Professionals,Data Not Available,Grants/Awards (Institutional/Internal); In-Kind Support
bdph_0432,Voyages: The Trans-Atlantic Slave Trade Database,https://www.slavevoyages.org/,Archive/database of information connected to more than 12 million Africans that were taken as part of the Atlantic Slave Trade,1990,1990,45008,2023,Updated 2023-2024,1990s,Digital,United States,"6100 Main St, Houston, TX 77005",N/A,TX,USA,29.7201306,-95.4018157,4,Yes,26-50,5,3,4,1,4,1,3,No,No,No,Complete,Needs location detail review,Data Mining/Mapping/Visualization; Digital Collections/Databases/Archives; Educational Resources; Exhibits & Digital Storytelling; Resource Hub,African Diaspora/Migration; Black People - Race Identity; Transatlantic Slave Trade/Slavery,16th Century; 17th Century; 18th Century; 19th Century,Inter-Institution Partnership,Digital/Design Professionals; Faculty; Library Professionals; Museum Professionals,Data Not Available,Grants/Awards (Private: Foundations/Charities); Grants/Awards (Professional Organizations); Grants/Awards (Public/Federal)
bdph_0433,Walter O. Evans collection of Frederick Douglass and Douglass Family Papers,https://archives.yale.edu/repositories/11/resources/11807,Physical archive of documents belonging to Frederick Douglass and his family,44228,2021,2021,2021,Updated 2020-2022,2020s,Physical,United States,P. O. Box 208330 New Haven CT 06520-8330 US,P. O. Box 208330 New Haven,CT,USA,41.3064267,-72.9310217,1,No,1-5,2,3,2,1,1,1,3,No,No,No,Complete,Location detail present,Digital Collections/Databases/Archives; Educational Resources,Black Literature; Black Men/Masculinity; Historical Figure,19th Century; 20th Century,University Library,Library Professionals,Data Not Available,In-Kind Support; Institutional Operating Budget (Internal); Small Donations
bdph_0434,The Ward: Race and Class in DuBois' Seventh Ward,http://www.dubois-theward.org/,Educational project exploring racism and social change in the context of W.E.B. Du Bois' The Philadelphia Negro,2006,2006,2013,2013,Last update before 2020,2000s,Digital,United States,"3701 Locust Walk, Caster Building, D5 Philadelphia, PA 19104",N/A,PA,USA,39.95255179999999,-75.1975362,1,No,51+,3,4,2,1,4,1,3,No,No,No,Complete,Needs location detail review,Data Mining/Mapping/Visualization; Educational Resources; Oral Histories,Black Activism/Advocacy; Black Literature; Black Men/Masculinity; Race Relations/Racial Inequality/Racism,19th Century; 20th Century,Inter-Institution Partnership,Community Members; Faculty; Graduate Students; Undergraduate Students,Data Not Available,Grants/Awards (Private: Foundations/Charities); Grants/Awards (Professional Organizations); Grants/Awards (Public/Federal)
bdph_0436,WEB Du Bois Papers,https://credo.library.umass.edu/view/collection/mums312?fbclid=IwAR2edMpU19CtDHtvUo6TSumwcnWrbPIAcyCB2lVfhIsYB8qgNfNKw1Y7PDQ,Archive of documents authored by W.E.B. Du Bois,Unspecified,,Unspecified,,Unknown / unparsed,Unknown,Mixed,United States,"154 Hicks Way Amherst, MA 01002",N/A,MA,USA,42.3895079,-72.5299328,1,No,1-5,1,5,2,1,1,1,1,No,No,No,Start and update missing/unparsed,Needs location detail review,Digital Collections/Databases/Archives,Black Literature; Black Men/Masculinity; Black People - Race Identity; Civil Rights Movement/Black Power; Historical Figure,19th Century; 20th Century,University Library,Library Professionals,Data Not Available,In-Kind Support
bdph_0437,William Still: An African-American Abolitionist,http://stillfamily.library.temple.edu/stillfamily/exhibits/show/william-still,"Archive of documents from Black abolitionist William Still and his daughter, Caroline Still Anderson",Unspecified,,Unspecified,,Unknown / unparsed,Unknown,Mixed,United States,"1900 N. 13th Street Philadelphia, PA 19122",N/A,PA,USA,39.9822205,-75.1554149,1,No,11-25,2,4,1,1,1,1,1,No,No,No,Start and update missing/unparsed,Needs location detail review,Digital Collections/Databases/Archives; Educational Resources,Abolitionists/Emancipation/Reconstruction; Black Men/Masculinity; Black Women/Feminism; Historical Figure,19th Century,University Library,Library Professionals,Data Not Available,In-Kind Support
bdph_0438,William Still's Philadelphia – Celebrating the 200th Birthday of the Abolitionist and Activist,http://williamstill200.org/#/,Map of Philadelphia locations important to the life of Black abolitionist William Still,44470,2021,44517,2021,Updated 2020-2022,2020s,Digital,United States,"University of Pennsylvania, Philadelphia, PA 19104",N/A,PA,USA,39.9515013,-75.1910161,3,Yes,1-5,2,4,1,1,3,1,1,No,No,No,Complete,Needs location detail review,Data Mining/Mapping/Visualization; Events/Programming,Abolitionists/Emancipation/Reconstruction; Black Communities/Urban Renewal; Black Men/Masculinity; Historical Figure,19th Century,PWI (Graduate),Digital/Design Professionals; Faculty; Graduate Students,Data Not Available,In-Kind Support
bdph_0439,"William Still's Underground Railroad Data, 1853-1861",https://docs.google.com/spreadsheets/d/1kwiUt3mO9ke96lgV9IoE9D3aq29MVgMC/edit#gid=2022394907,"A comprehensive dataset featuring information on nearly 1,000 freedom seekers who sought refuge with abolitionist William Still in Philadelphia before the Civil War.",44835,2022,45017,2023,Updated 2023-2024,2020s,Digital,United States,"St. Louis, Missouri",St. Louis,N/A,N/A,38.62742799999999,-90.1982439,2,Yes,1-5,2,8,1,1,1,1,1,No,No,Yes,Complete,Needs location detail review,Digital Collections/Databases/Archives; Educational Resources,Abolitionists/Emancipation/Reconstruction; Black Activism/Advocacy; Black Music; Black Women/Feminism; Digital Humanities; Historical Figure; Transatlantic Slave Trade/Slavery; U.S. History,19th Century,Independent Scholar/Individual Research,Other/Unknown,Not Minority Run,Other/Unknown
bdph_0440,"Witness Stones Project, Inc.",https://witnessstonesproject.org/,"Working with local schools, churches, and historical organizations, we aim to restore the history and honor the humanity of enslaved individuals who helped build our communities",2017,2017,2023,2023,Updated 2023-2024,2010s,Mixed,United States,"Suite 216 Ebenezer D. Bassett Hall 1615 Stanley Street New Britain, CT 06050",N/A,CT,USA,41.6911093,-72.7690184,1,No,11-25,4,9,3,1,5,1,5,No,No,Yes,Complete,Needs location detail review,Educational Resources; Events/Programming; Local History & Local Places; Resource Hub,Abolitionists/Emancipation/Reconstruction; African Diaspora/Migration; Black Soldiers/American Civil War; Colonialism & Post-Colonialism/Decolonization; Historical Landmarks/Monuments; Other/Unknown; Race Relations/Racial Inequality/Racism; Transatlantic Slave Trade/Slavery; U.S. History,17th Century; 18th Century; 19th Century,Other/Unknown,Community Members; Faculty; Graduate Students; K-12 Educators; Library Professionals,Community Run,Grants/Awards (Private: Corporate/Individual Sponsors); Grants/Awards (Private: Foundations/Charities); Grants/Awards (Public/Federal); Grants/Awards (Public: State or Local); Small Donations
bdph_0441,Women of the Early Harlem Renaissance (1900-1922),https://scalar.lehigh.edu/harlemwomen/index,Digitization of some works by Black female authors during the time of the Harlem Renaissance,2018,2018,44894,2022,Updated 2020-2022,2010s,Digital,United States,"35 Sayre Dr, Bethlehem, PA 18015",N/A,PA,USA,40.6057075,-75.3772639,6,Yes,1-5,2,2,1,1,2,1,1,No,No,No,Complete,Needs location detail review,Digital Collections/Databases/Archives; Educational Resources,Black Literature; Black Women/Feminism,20th Century,University (Other),Faculty; Graduate Students,Data Not Available,In-Kind Support
bdph_0442,Yale Slavery and Abolition Portal,https://slavery.yale.edu/,Website helping people access resources related to slavery and abolition housed within Yale University,Unspecified,,Unspecified,,Unknown / unparsed,Unknown,Digital,United States,"230 Prospect St. Rm 300 New Haven, CT 06511",N/A,CT,USA,41.318119,-72.9241215,1,No,11-25,3,5,2,1,3,1,1,No,No,No,Start and update missing/unparsed,Needs location detail review,Digital Collections/Databases/Archives; Educational Resources; Resource Hub,Abolitionists/Emancipation/Reconstruction; Black People - Race Identity; Politics and Government; Race Relations/Racial Inequality/Racism; Transatlantic Slave Trade/Slavery,18th Century; 19th Century,Inter-Institution Partnership,Faculty; Graduate Students; Library Professionals,Data Not Available,In-Kind Support
bdph_0443,Yoruba Diaspora,http://yorubadiaspora.org/s/yorubadiaspora/page/about,Mapping project connecting African conflicts to migration patterns,Unspecified,,Unspecified,,Unknown / unparsed,Unknown,Digital,United States,"552 UCB, Boulder, CO 80309-0552",N/A,CO,USA,40.0073499,-105.2659871,2,Yes,6-10,3,2,2,1,2,1,1,No,No,No,Start and update missing/unparsed,Needs location detail review,Data Mining/Mapping/Visualization; Digital Collections/Databases/Archives; Local History & Local Places,African Diaspora/Migration; African History,18th Century; 19th Century,Inter-Institution Partnership,Digital/Design Professionals; Faculty,Data Not Available,In-Kind Support
bdph_0444,The Zine Guide: African-American & Black Voices,https://libraryguides.berea.edu/bczines/race,Collection of Black authored/focused zines housed within a larger collection; partially digitized,Unspecified,,44862,2022,Updated 2020-2022,Unknown,Mixed,United States,"Berea College, Berea, KY 40404",N/A,KY,USA,37.570585,-84.288969,1,No,Unspecified,2,3,2,1,1,1,1,No,No,No,Start missing/unparsed,Needs location detail review,Digital Collections/Databases/Archives; Local History & Local Places,Black Literature; Black People - Race Identity; Newspapers/Periodicals/Black Press,20th Century; 21st Century,University Library,Library Professionals,Data Not Available,Small Donations
bdph_0445,The Ohio Black Press in the 19th Century,https://ohioblackpress.org/s/ohioblackpress/page/home,This project provides the extant copies from 17 remaining ones out of the 25-known Black-owned periodicals in 19th-century Ohio.,44562,2022,44866,2022,Updated 2020-2022,2020s,Digital,United States,"1005 N Abbe Rd Elyria, OH 44035",N/A,OH,USA,41.4121938,-82.07148389999999,2,Yes,1-5,5,11,1,1,4,1,2,No,No,Yes,Complete,Needs location detail review,Data Mining/Mapping/Visualization; Digital Collections/Databases/Archives; Educational Resources; Exhibits & Digital Storytelling; Local History & Local Places,Abolitionists/Emancipation/Reconstruction; Black Activism/Advocacy; Black Communities/Urban Renewal; Black Education/Black Students; Black People - Race Identity; Civil Rights Movement/Black Power; Colonialism & Post-Colonialism/Decolonization; Historical Figure; Historical Landmarks/Monuments; Newspapers/Periodicals/Black Press; Politics and Government,19th Century,Independent Scholar/Individual Research,Faculty; Graduate Students; Library Professionals; Undergraduate Students,Community Run,Grants/Awards (Professional Organizations); Grants/Awards (Public/Federal)
bdph_0446,Mapping Racism and Resistance in Milwaukee County,https://sites.uwm.edu/mappingracismresistance/,"The first effort to comprehensively document and map all racial covenants in Milwaukee County. Our goal is to not only analyze and visualize the historical geographies of racial covenants, but also to uncover Black resistance to such discrimination and its impact in shaping racial justice movements today.",43983,2020,45035,2023,Updated 2023-2024,2020s,Digital,United States,"UW-Milwaukee, Milwaukee, Wisconsin 53211",MILWAUKEE,WI,USA,43.078263,-87.8819686,2,Yes,1-5,5,7,1,1,6,2,2,Yes,Yes,Yes,Complete,Location detail present,Data Mining/Mapping/Visualization; Digital Collections/Databases/Archives; Events/Programming; Local History & Local Places; Resource Hub,Black Activism/Advocacy; Black Communities/Urban Renewal; Digital Humanities; Politics and Government; Race Relations/Racial Inequality/Racism; Segregation; U.S. History,20th Century,PWI (Graduate),Community Members; Digital/Design Professionals; Faculty; Graduate Students; Library Professionals; Undergraduate Students,BIPOC Run; Women Run,Grants/Awards (Institutional/Internal); Grants/Awards (Public/Federal)
bdph_0447,Green Book Cleveland,https://greenbookcleveland.org/,Green Book Cleveland is a restorative history project preserving stories of Black leisure and entertainment in Northeast Ohio.,44197,2021,Unspecified,,Unknown / unparsed,2020s,Digital,United States,"Cleveland State University, 2121 Euclid Ave, Cleveland, OH 44115",N/A,OH,USA,41.5027643,-81.67442299999999,1,No,Unspecified,1,9,1,4,4,1,1,No,No,Yes,Update missing/unparsed,Needs location detail review,Data Mining/Mapping/Visualization,African Diaspora/Migration; Black Communities/Urban Renewal; Black Music; Black People - Race Identity; Digital Humanities; Newspapers/Periodicals/Black Press; Race Relations/Racial Inequality/Racism; Segregation; U.S. History,20th Century,Inter-Institution Partnership; Other/Unknown; PWI (Graduate); PWI (Undergraduate),Community Members; Faculty; Other/Unknown; Undergraduate Students,Not Minority Run,Other/Unknown
bdph_0448,African Surnames and African Toponyms in the Americas,https://wordpress.com/post/ycaptain.wordpress.com/67,A study of how some people of African descent in the Americas retained a portion of Africa through their surnames.,44075,2020,45145,2023,Updated 2023-2024,2020s,Mixed,United States,"George Washington University 801 22nd Street, Washington DC 20052",Washington,DC,USA,38.9002603,-77.0483209,1,No,1-5,3,3,6,2,1,1,2,Yes,No,Yes,Complete,Location detail present,Data Mining/Mapping/Visualization; Digital Collections/Databases/Archives; Oral Histories,Black People - Race Identity; Digital Humanities; Historical Landmarks/Monuments,16th Century; 17th Century; 18th Century; 19th Century; 20th Century; 21st Century,PWI (Graduate); University (Other),Faculty,BIPOC Run,Grants/Awards (Institutional/Internal); Grants/Awards (Private: Foundations/Charities)
bdph_0449,Builders and Defenders Database,https://www.buildersanddefenders.org/,"Information about the ~18,500 enslaved and free Black people who built Nashville’s Civil War defenses and fought in the USCT at the Battle of Nashville.",2023,2023,2023,2023,Updated 2023-2024,2020s,Digital,United States,"Vanderbilt University, Nashville TN",Vanderbilt University,N/A,N/A,36.1447034,-86.8026551,1,No,11-25,3,7,1,3,7,1,3,No,Yes,Yes,Complete,Needs location detail review,Digital Collections/Databases/Archives; Educational Resources; Local History & Local Places,Abolitionists/Emancipation/Reconstruction; Black Communities/Urban Renewal; Black Men/Masculinity; Black People - Race Identity; Black Soldiers/American Civil War; Digital Humanities; U.S. History,19th Century,Community Group; Museum; PWI (Undergraduate),Community Members; Digital/Design Professionals; Faculty; Graduate Students; K-12 Educators; Museum Professionals; Undergraduate Students,Women Run,Grants/Awards (Institutional/Internal); Grants/Awards (Public/Federal); Institutional Operating Budget (Internal)
bdph_0450,Black Women of the WCTU: A Research Database,https://franceswillardhouse.org/research/black-women-of-the-wctu-research-database-project/,"This is a work in progress to build an online research database documenting Black women’s involvement in the Woman's Christian Temperance Union, 1874-1950",2021,2021,2023,2023,Updated 2023-2024,2020s,Digital,United States,"Frances Willard House Museum and WCTU Archives, 1730 Chicago Avenue, Evanston IL 60201",Evanston,IL,USA,42.048931,-87.6787617,2,Yes,11-25,4,5,2,2,4,1,2,No,Yes,Yes,Complete,Location detail present,Data Mining/Mapping/Visualization; Digital Collections/Databases/Archives; Educational Resources; Resource Hub,Black Activism/Advocacy; Black Women/Feminism; Digital Humanities; Historical Figure; Historical Landmarks/Monuments,19th Century; 20th Century,Historical Society; Other/Unknown,Graduate Students; Library Professionals; Other/Unknown; Undergraduate Students,Women Run,In-Kind Support; Small Donations
bdph_0451,Civil War & Reconstruction Governors of Mississippi Project,https://cwrgm.org/,"CWRGM is digitizing, transcribing, and annotating letters written by a diverse body of authors (including freed people after 1865) sent to Mississippi’s governors’ offices between 1859-1882.",43678,2019,45047,2023,Updated 2023-2024,2010s,Digital,United States,Mississippi,Mississippi,N/A,N/A,32.3546679,-89.3985283,2,Yes,26-50,4,10,1,3,1,1,1,No,Yes,Yes,Complete,Needs location detail review,Digital Collections/Databases/Archives; Digital Publishing & Digital Editions; Educational Resources; Events/Programming,Abolitionists/Emancipation/Reconstruction; Black Soldiers/American Civil War; Digital Humanities; Historical Figure; Lynching/Race Riots/Police Brutality; Politics and Government; Race Relations/Racial Inequality/Racism; Segregation; Transatlantic Slave Trade/Slavery; U.S. History,19th Century,Museum; PWI (Graduate); University Library,Faculty,Women Run,Grants/Awards (Public/Federal)
bdph_0452,Black Miami-Dade,https://www.blackmiamidade.com/,Black Miami-Dade is a history and digital storytelling project that resists the erasure of Miami Black past.,43862,2020,45054,2023,Updated 2023-2024,2020s,Mixed,United States,"Miami, Florida",Miami,N/A,N/A,25.7616798,-80.1917902,1,No,1-5,7,19,4,1,2,3,3,Yes,Yes,Yes,Complete,Needs location detail review,Art and Performance; Digital Publishing & Digital Editions; Educational Resources; Events/Programming; Exhibits & Digital Storytelling; Local History & Local Places; Oral Histories,African Diaspora/Migration; African History; Black Activism/Advocacy; Black Communities/Urban Renewal; Black Education/Black Students; Black Music; Black People - Race Identity; Black Religions; Black Visual and Performance Art; Black Women/Feminism; Caribbean History; Civil Rights Movement/Black Power; Digital Humanities; LBGTQIA+/Queer Studies; Lynching/Race Riots/Police Brutality; Newspapers/Periodicals/Black Press; Race Relations/Racial Inequality/Racism; Segregation; U.S. History,18th Century; 19th Century; 20th Century; 21st Century,Independent Scholar/Individual Research,Community Members; Other/Unknown,BIPOC Run; LGBTQ+ Run; Women Run,Grants/Awards (Private: Foundations/Charities); In-Kind Support; Small Donations
bdph_0453,Black Voices at Rutgers,https://scarletandblack.rutgers.edu/data/s/black-voices,Black Voices at Rutgers is a portal that helps you discover African American oral history interviews with a focus on Rutgers and life in New Jersey.,44470,2021,45047,2023,Updated 2023-2024,2020s,Digital,United States,"Scarlet and Black Research Center at the Institute for the Study of Global Racial Justice, Rutgers, The State University of New Jersey, 15 Seminary Place, New Brunswick, NJ 08901",N/A,NJ,USA,40.4757766,-74.4289684,3,Yes,1-5,1,6,2,1,3,1,2,Yes,No,Yes,Complete,Needs location detail review,Oral Histories,African Diaspora/Migration; Black Activism/Advocacy; Black Communities/Urban Renewal; Black Women/Feminism; Civil Rights Movement/Black Power; U.S. History,20th Century; 21st Century,PWI (Graduate),Faculty; Library Professionals; Undergraduate Students,BIPOC Run,Grants/Awards (Institutional/Internal); Institutional Operating Budget (Internal)
bdph_0454,New Jersey Slavery Records,https://records.njslavery.org,The New Jersey Slavery Records database documents the history of slavery in our state through digital archival sources and linked open data.,44440,2021,45047,2023,Updated 2023-2024,2020s,Digital,United States,"Scarlet and Black Research Center at the Institute for the Study of Global Racial Justice, Rutgers, The State University of New Jersey, 15 Seminary Place, New Brunswick, NJ 08901",N/A,NJ,USA,40.4757766,-74.4289684,3,Yes,6-10,2,3,3,1,4,1,2,Yes,No,Yes,Complete,Needs location detail review,Digital Collections/Databases/Archives; Local History & Local Places,Digital Humanities; Transatlantic Slave Trade/Slavery; U.S. History,17th Century; 18th Century; 19th Century,PWI (Graduate),Faculty; Graduate Students; Library Professionals; Undergraduate Students,BIPOC Run,Grants/Awards (Private: Foundations/Charities); Institutional Operating Budget (Internal)
bdph_0455,Dr. Cyril O. Spann Medical Office,https://www.youtube.com/watch?v=V0hhm5pqFKs&t=32s,"""This oral history project, funded by Richland County Conservation Commission and Richland County, documents the impact of Dr. Cyril O. Spann Sr., one of South Carolina's fully trained Black surgeons on health care during the transition from segregated to desegregated health services for Blacks in the Midlands and in South Carolina.""",43497,2019,44958,2023,Updated 2023-2024,2010s,Mixed,United States,"2226 Hampton Street, Columbia, South Carolina 29204",COLUMBIA,SC,USA,34.0104187,-81.0181023,1,No,1-5,3,10,2,2,1,2,5,Yes,Yes,Yes,Complete,Location detail present,Digital Publishing & Digital Editions; Local History & Local Places; Oral Histories,Black Activism/Advocacy; Black Communities/Urban Renewal; Civil Rights Movement/Black Power; Digital Humanities; Historical Figure; Historical Landmarks/Monuments; Politics and Government; Race Relations/Racial Inequality/Racism; Segregation; U.S. History,20th Century; 21st Century,Community Group; Independent Scholar/Individual Research,Community Members,BIPOC Run; Women Run,Grants/Awards (Private: Corporate/Individual Sponsors); Grants/Awards (Private: Foundations/Charities); Grants/Awards (Public: State or Local); In-Kind Support; Small Donations
bdph_0456,The Black Bibliography Project,https://blackbibliog.org/,"How would bibliographic and cataloguing practices have to change in order to accommodate Black print culture and its modes of production, dissemination, and use?",Unspecified,,Unspecified,,Unknown / unparsed,Unknown,Digital,United States,"Yale University, Department of African American Studies, 81 Wall Street, New Haven, CT 06520",N/A,CT,USA,41.3106039,-72.9254322,1,No,11-25,2,1,3,3,4,2,2,Yes,Yes,Yes,Start and update missing/unparsed,Needs location detail review,Digital Collections/Databases/Archives; Educational Resources,Newspapers/Periodicals/Black Press,19th Century; 20th Century; 21st Century,Inter-Institution Partnership; PWI (Graduate); University Library,Faculty; Graduate Students; Library Professionals; Museum Professionals,BIPOC Run; Women Run,Grants/Awards (Private: Foundations/Charities); Institutional Operating Budget (Internal)
bdph_0457,Shuffle Along Tours: 1921-1923,https://www.eubieblake.net/exhibits/show/what-happened-to-lottie-gee-,A map of the itinerary of the original Shuffle Along production with information about its performances.,44927,2023,44927,2023,Updated 2023-2024,2020s,Digital,United States,New York City,New York City,N/A,N/A,40.7127753,-74.0059728,12,Yes,1-5,2,2,1,1,1,1,1,No,No,Yes,Complete,Needs location detail review,Art and Performance; Exhibits & Digital Storytelling,Black Music; Black Visual and Performance Art,20th Century,Independent Scholar/Individual Research,Other/Unknown,Not Minority Run,Paywall/Access fees
bdph_0458,Women of Jazz: International Sweethearts of Rhythm Project,https://semlab.io/projects/#international-sweethearts-of-rhythm,"Project covering the all-woman swing band International Sweethearts of Rhythm from Piney Woods, Mississippi. Creates new open knowledge in the form of linked open data.",2016,2016,Ongoing,,Unknown / unparsed,2010s,Digital,United States,"Semantic Lab at Pratt, c/o Prof. Cristina Pattuelli, Pratt Institute, School of Information, 144 W. 14th Street, 6th floor, New York, NY 10011",N/A,NY,USA,40.738073,-73.99898,3,Yes,1-5,5,3,1,1,2,1,3,No,Yes,Yes,Update missing/unparsed,Needs location detail review,Data Mining/Mapping/Visualization; Digital Collections/Databases/Archives; Digital Publishing & Digital Editions; Educational Resources; Resource Hub,Black Education/Black Students; Black Music; Black Women/Feminism,20th Century,University (Other),Faculty; Library Professionals,Women Run,Grants/Awards (Institutional/Internal); Grants/Awards (Private: Foundations/Charities); In-Kind Support
bdph_0459,The Civil Rights and Restorative Justice Project,https://crrj.org,"CRRJ is a mission-driven program of interdisciplinary teaching, research and policy analysis on race, history, and criminal justice. Our original investigations, transformative pedagogies, and top-level scholarship facilitate local and national initiatives to uncover an accurate history of racial harms during the Jim Crow era and reconcile the ongoing damage.",39173,2007,Ongoing,,Unknown / unparsed,2000s,Mixed,United States,"Northeastern University School of Law, Dockser Hall #120, 360 Huntington Avenue, Boston, MA. 02115",N/A,MA,USA,42.3391989,-71.0908821,1,No,11-25,6,9,1,2,5,1,2,No,No,Yes,Update missing/unparsed,Needs location detail review,Digital Collections/Databases/Archives; Digital Publishing & Digital Editions; Educational Resources; Events/Programming; Exhibits & Digital Storytelling; Local History & Local Places,African History; Black Activism/Advocacy; Black Communities/Urban Renewal; Black Education/Black Students; Black Soldiers/American Civil War; Civil Rights Movement/Black Power; Lynching/Race Riots/Police Brutality; Race Relations/Racial Inequality/Racism; Segregation,20th Century,PWI (Graduate); PWI (Undergraduate),Faculty; Fellows and/or Postdocs; Graduate Students; Library Professionals; Undergraduate Students,Not Minority Run,Grants/Awards (Private: Foundations/Charities); Institutional Operating Budget (Internal)
bdph_0460,Chronicle World,https://chronicleworld.co.uk/,"News journal on Black Britain, Africa and the West Indies, diaspora",35735,1997,44958,2023,Updated 2023-2024,1990s,Digital,United Kingdom,"Professor Thomas L Blair, 14 Braziers Field, Hertford, Hertfordshire, England,SG13 7JS",Professor Thomas L Blair,N/A,United Kingdom,51.7974198,-0.05963690000000001,1,No,1-5,1,13,3,1,2,1,2,No,No,Yes,Complete,Location detail present,Digital Publishing & Digital Editions,African Diaspora/Migration; African History; Black Activism/Advocacy; Black Communities/Urban Renewal; Black Education/Black Students; Black Lives Matter Movement; Black Studies; Caribbean History; Colonialism & Post-Colonialism/Decolonization; Newspapers/Periodicals/Black Press; Politics and Government; Race Relations/Racial Inequality/Racism; Transatlantic Slave Trade/Slavery,19th Century; 20th Century; 21st Century,Independent Scholar/Individual Research,Community Members; Digital/Design Professionals,Not Minority Run,In-Kind Support; Other/Unknown
bdph_0461,Hartford Bound,https://hartfordbound.com/#/,"Hartford Bound integrates archival research, and GIS methodologies to reframe the history of how Hartford became and African Amerian, West Indian, and Puerto Rican city. The project offers new visual and spatial histories of race, ethnic belonging, community formation, and community succession in post-World War II United States.",43705,2019,45166,2023,Updated 2023-2024,2010s,Digital,United States,"University of Connecticut, Storrs, 06269",University of Connecticut,CT,USA,41.81354150000001,-72.2452715,1,No,1-5,2,7,2,1,5,1,2,Yes,No,Yes,Complete,Location detail present,Exhibits & Digital Storytelling; Local History & Local Places,Black Communities/Urban Renewal; Black People - Race Identity; Black Studies; Caribbean History; Digital Humanities; Race Relations/Racial Inequality/Racism; U.S. History,19th Century; 20th Century,PWI (Undergraduate),Community Members; Digital/Design Professionals; Faculty; Library Professionals; Undergraduate Students,BIPOC Run,Grants/Awards (Institutional/Internal); Grants/Awards (Public: State or Local)
bdph_0462,MaCleKi,https://macleki.org,"MaCleKi explores the history of Kisumu, Kenya, through location-based essays and media curated collaboratively by student teams from Cleveland State University and Maseno University.",2014,2014,2019,2019,Last update before 2020,2010s,Digital,United States,"Cleveland State University Center for Public History + Digital Humanities, 2121 Euclid Avenue RT 1351, Cleveland, Ohio 44115",CLEVELAND,OH,USA,41.503214,-81.675603,1,No,51+,3,6,3,1,5,1,2,Yes,No,Yes,Complete,Location detail present,Data Mining/Mapping/Visualization; Exhibits & Digital Storytelling; Local History & Local Places,African History; Colonialism & Post-Colonialism/Decolonization; Digital Humanities; Historical Figure; Historical Landmarks/Monuments; Race Relations/Racial Inequality/Racism,19th Century; 20th Century; 21st Century,Inter-Institution Partnership,Digital/Design Professionals; Faculty; Graduate Students; Museum Professionals; Undergraduate Students,BIPOC Run,Grants/Awards (Institutional/Internal); Grants/Awards (Public/Federal)
bdph_0463,What Happened to Lottie Gee?,https://www.eubieblake.net/exhibits/show/what-happened-to-lottie-gee,"What Happened to Lottie Gee? tells the story of the actress who starred in the groundbreaking musical, Shuffle Along, in 1922-23. Despite her great success, Gee's career stalled after Shuffle Along and she faded into obscurity. This podcast explores why.",44197,2021,44927,2023,Updated 2023-2024,2020s,Digital,United States,"New York, New York",New York,N/A,N/A,40.7127753,-74.0059728,12,Yes,6-10,3,5,2,1,1,1,1,No,No,Yes,Complete,Needs location detail review,Art and Performance; Educational Resources; Exhibits & Digital Storytelling,Black Music; Black Visual and Performance Art; Black Women/Feminism; Digital Humanities; Historical Figure,19th Century; 20th Century,Other/Unknown,Graduate Students,Not Minority Run,Other/Unknown
bdph_0464,Black Women’s Organizing Archive,https.//bwoaproject.org,"Digital resource that brings together the scattered archives of 19th and early 20th century Black women intellectuals, organizers, and activists.",44044,2020,Unspecified,,Unknown / unparsed,2020s,Digital,United States,"Pennsylvania State University, Center for Black Digital Research, 3rd Floor (W321), Pattee Library University Park, PA 16802",N/A,PA,USA,40.79806550000001,-77.8658612,1,No,11-25,5,4,2,1,4,2,3,Yes,Yes,Yes,Update missing/unparsed,Needs location detail review,Data Mining/Mapping/Visualization; Digital Collections/Databases/Archives; Educational Resources; Events/Programming; Resource Hub,Black Activism/Advocacy; Black Literature; Digital Humanities; Newspapers/Periodicals/Black Press,19th Century; 20th Century,University Library,Faculty; Fellows and/or Postdocs; Graduate Students; Library Professionals,BIPOC Run; Women Run,Grants/Awards (Private: Foundations/Charities); In-Kind Support; Institutional Operating Budget (Internal)
bdph_0465,Black Teacher Archive,https://curiosity.lib.harvard.edu/black-teacher-archive,The Black Teacher Archive (BTA) is a freely available digital portal centralizing materials created by professional organizations of African American educators during Jim Crow.,2019,2019,45200,2023,Updated 2023-2024,2010s,Digital,United States,"6 Appian Way Cambridge, MA 02138",N/A,MA,USA,42.3748981,-71.12175119999999,1,No,26-50,3,6,2,1,2,1,1,Yes,No,Yes,Complete,Needs location detail review,Digital Collections/Databases/Archives; Educational Resources; Exhibits & Digital Storytelling,Black Activism/Advocacy; Black Education/Black Students; Black Studies; Civil Rights Movement/Black Power; Race Relations/Racial Inequality/Racism; Segregation,19th Century; 20th Century,University Library,Faculty; Library Professionals,BIPOC Run,Grants/Awards (Private: Foundations/Charities)
bdph_0466,Memorializing Racial Terror: Lynching Markers in the United States,https://sites.lib.jmu.edu/lynchingmarkers/,This digital project aims to catalog and map all the historical markers commemorating victims of lynching in the United States.,45305,2024,45305,2024,Updated 2023-2024,2020s,Digital,United States,"58 Bluestone Dr. MSC 1205 James Madison University​ Harrisonburg, Virginia 22807",N/A,VA,USA,38.438034,-78.874196,2,Yes,6-10,2,5,2,2,3,1,1,No,No,Yes,Complete,Needs location detail review,Data Mining/Mapping/Visualization; Digital Collections/Databases/Archives,Black Activism/Advocacy; Black Communities/Urban Renewal; Historical Landmarks/Monuments; Lynching/Race Riots/Police Brutality; U.S. History,19th Century; 20th Century,PWI (Undergraduate); University Library,Faculty; Library Professionals; Undergraduate Students,Not Minority Run,Grants/Awards (Institutional/Internal)
bdph_0467,Hidden Histories: Black in Psychology,https://documents.manchester.ac.uk/display.aspx?DocID=62182,‘Hidden Histories: Black in Psychology’ celebrates Black contributions to the subject and how we all have a place in psychology.,2022,2022,2022,2022,Updated 2020-2022,2020s,Digital,United Kingdom,"Manchester, United Kingdom",Manchester,N/A,United Kingdom,53.4807593,-2.2426305,2,Yes,1-5,1,4,3,1,1,1,1,Yes,No,Yes,Complete,Location detail present,Educational Resources,Black Activism/Advocacy; Black Education/Black Students; Black People - Race Identity; Race Relations/Racial Inequality/Racism,19th Century; 20th Century; 21st Century,Independent Scholar/Individual Research,Graduate Students,BIPOC Run,Grants/Awards (Private: Corporate/Individual Sponsors)
bdph_0468,Hidden Histories: Black in Manchester,https://documents.manchester.ac.uk/display.aspx?DocID=68918,"Hidden Histories: Black in Manchester' celebrates the lives, work and legacies of Black activists, change-makers and community members in Manchester across the centuries.",2023,2023,2023,2023,Updated 2023-2024,2020s,Digital,United Kingdom,"Manchester, United Kingdom",Manchester,N/A,United Kingdom,53.4807593,-2.2426305,2,Yes,1-5,3,12,4,1,2,1,1,Yes,No,Yes,Complete,Location detail present,Educational Resources; Local History & Local Places; Oral Histories,Abolitionists/Emancipation/Reconstruction; African Diaspora/Migration; Black Activism/Advocacy; Black Communities/Urban Renewal; Black Education/Black Students; Black Lives Matter Movement; Black People - Race Identity; Black Women/Feminism; Historical Figure; Historical Landmarks/Monuments; Politics and Government; Race Relations/Racial Inequality/Racism,18th Century; 19th Century; 20th Century; 21st Century,Independent Scholar/Individual Research,Community Members; Graduate Students,BIPOC Run,Grants/Awards (Institutional/Internal)
bdph_0469,The Library of Missing Datasets,https://mimionuoha.com/the-library-of-missing-datasets,The Library of Missing Datasets is a physical repository of those things that have been excluded in a society where so much is collected.,2016,2016,2018,2018,Last update before 2020,2010s,Digital,United States,"Brooklyn, New York",Brooklyn,N/A,N/A,40.6781784,-73.9441579,3,Yes,1-5,2,2,2,1,1,2,1,Yes,Yes,Yes,Complete,Needs location detail review,Data Mining/Mapping/Visualization; Digital Collections/Databases/Archives,Black People - Race Identity; Black Visual and Performance Art,20th Century; 21st Century,Independent Scholar/Individual Research,Digital/Design Professionals,BIPOC Run; Women Run,Grants/Awards (Private: Foundations/Charities)
bdph_0470,"Black Power in Washington, D.C. 1961-1998",https://experience.arcgis.com/experience/5e17e7d1c4a8406b9eaf26a4eae77103/,Black Power in Washington D.C. plots Black Power activism in the District between the years 1961 and 1998.,2021,2021,2021,2021,Updated 2020-2022,2020s,Digital,United States,"Baltimore, Maryland",Baltimore,N/A,N/A,39.2905023,-76.6104072,7,Yes,1-5,2,2,1,1,1,1,1,Yes,No,Yes,Complete,Needs location detail review,Data Mining/Mapping/Visualization; Educational Resources,Black Activism/Advocacy; Civil Rights Movement/Black Power,20th Century,Minority Serving Institution (Graduate),Faculty,BIPOC Run,Grants/Awards (Institutional/Internal)
bdph_0471,Forever Gwen Brooks,https://www.forevergwenbrooks.com/,"This project replaces, at random, parts of speech (adjectives, nouns, pronouns) from Gwendolyn Brooks' poem “An Aspect of Love, Alive in the Ice and Fire” from her 1969 book RIOT.",2022,2022,2022,2022,Updated 2020-2022,2020s,Digital,United States,"College Park, Maryland",College Park,N/A,N/A,38.9896967,-76.93776,2,Yes,1-5,2,1,1,1,1,1,1,No,No,No,Complete,Needs location detail review,Art and Performance; Data Mining/Mapping/Visualization,Black Literature,20th Century,Independent Scholar/Individual Research,Faculty,Data Not Available,Other/Unknown
bdph_0472,Black Community Newspapers of Flint,https://quod.lib.umich.edu/b/blackcommunitynews/,The Black Community Newspapers collection offers a glimpse into the Black community of Flint. It spans the end of World War II and the beginning of the Civil Rights Era.,45370,2024,45370,2024,Updated 2023-2024,2020s,Digital,United States,University of Michigan Flint,University of Michigan Flint,N/A,N/A,43.0194791,-83.6894611,1,No,Unspecified,2,4,1,1,1,1,1,No,No,Yes,Complete,Needs location detail review,Digital Collections/Databases/Archives; Local History & Local Places,Black Activism/Advocacy; Black Communities/Urban Renewal; Civil Rights Movement/Black Power; Newspapers/Periodicals/Black Press,20th Century,University Library,Library Professionals,Not Minority Run,Institutional Operating Budget (Internal)
bdph_0473,"Reflector Collection, 1965-1975",https://scholarsjunction.msstate.edu/ua-reflectors-1965-1975/,"This collection, which was a collaboration between the University Archivist and Black alumni, includes articles and images from the Reflector, Mississippi State University’s student newspaper. It represents the first ten years after integration at MSU. The collection includes articles highlighting MSU Black student organizations, efforts to recruit students and faculty of color, MSU’s first Black student athletes, and notable speakers on campus.",45078,2023,45352,2024,Updated 2023-2024,2020s,Digital,United States,Mississippi State University,Mississippi State University,N/A,N/A,33.4555279,-88.7903868,1,No,Unspecified,1,14,1,1,3,1,1,No,Yes,Yes,Complete,Needs location detail review,Digital Collections/Databases/Archives,Black Activism/Advocacy; Black Communities/Urban Renewal; Black Education/Black Students; Black Music; Black People - Race Identity; Black Studies; Black Visual and Performance Art; Black Women/Feminism; Civil Rights Movement/Black Power; Digital Humanities; Newspapers/Periodicals/Black Press; Race Relations/Racial Inequality/Racism; Segregation; U.S. History,20th Century,University Library,Community Members; Faculty; Graduate Students,Women Run,Institutional Operating Budget (Internal)
bdph_0474,BLACK MEME,https://externalpages.org/#legacyrussell,"BLACK MEME is a “video essay” in an interactive digital space, which explores questions of black visual culture from 1900 to the present day.",2020,2020,2020,2020,Updated 2020-2022,2020s,Digital,United States,"New York City, New York",New York City,N/A,N/A,40.7127753,-74.0059728,12,Yes,1-5,2,2,2,1,1,1,1,No,No,No,Complete,Needs location detail review,Art and Performance; Exhibits & Digital Storytelling,Black People - Race Identity; Black Visual and Performance Art,20th Century; 21st Century,Independent Scholar/Individual Research,Digital/Design Professionals,Data Not Available,Other/Unknown
bdph_0475,Lynching in Texas,https://www.lynchingintexas.org/,"This website, created by Jeffrey L. Littlejohn, represents an ongoing effort to document the lynchings that occurred in Texas between 1882 and 1945.",2018,2018,2024,2024,Updated 2023-2024,2010s,Digital,United States,Sam Houston State University,Sam Houston State University,N/A,N/A,30.7132435,-95.5503803,1,No,51+,2,2,2,1,2,1,2,No,No,No,Complete,Needs location detail review,Digital Collections/Databases/Archives; Local History & Local Places,Lynching/Race Riots/Police Brutality; Segregation,19th Century; 20th Century,PWI (Graduate),Faculty; Graduate Students,Data Not Available,Grants/Awards (Institutional/Internal); Grants/Awards (Public: State or Local)
bdph_0476,Eileen Southern and the Music of Black Americans,https://eileensouthern.omeka.fas.harvard.edu/,"Eileen Southern and the Music of Black Americans is a digital exhibit centered on Eileen Jackson Southern (1920-2002), an extraordinary scholar whose landmark book The Music of Black Americans (W. W. Norton, 1st edition 1971) inspired the academic subfield of Black music studies.",2019,2019,2022,2022,Updated 2020-2022,2010s,Digital,United States,"Harvard, Massachusetts",Harvard,N/A,N/A,42.5000919,-71.5828444,1,No,26-50,2,4,1,1,3,1,2,No,No,No,Complete,Needs location detail review,Digital Collections/Databases/Archives; Educational Resources,Black Education/Black Students; Black Music; Black Women/Feminism; Historical Figure,20th Century,PWI (Graduate),Faculty; Fellows and/or Postdocs; Graduate Students,Data Not Available,Grants/Awards (Institutional/Internal); Grants/Awards (Professional Organizations)
bdph_0477,Medicine | Race | Democracy Lab,https://www.mrdlab.org/,"The Medicine | Race | Democracy Lab examines health care between and beyond hospitals to assess, understand, and confront issues in medical racism and access.",2023,2023,2023,2023,Updated 2023-2024,2020s,Digital,United States,"6100 Main St, Houston, TX 77005",N/A,TX,USA,29.7201306,-95.4018157,4,Yes,26-50,2,3,3,1,3,1,2,No,No,No,Complete,Needs location detail review,Digital Publishing & Digital Editions; Events/Programming,African History; Black Education/Black Students; Black People - Race Identity,19th Century; 20th Century; 21st Century,Community Group,Faculty; Fellows and/or Postdocs; Graduate Students,Data Not Available,Grants/Awards (Institutional/Internal); Grants/Awards (Private: Foundations/Charities)
bdph_0478,Black Health and the Humanities,https://www.blackhealthandhumanities.org/,"This Wellcome Trust-funded network is a community of scholars from a range of disciplinary and institutional backgrounds, whose research is broadly situated in the field of Black health to address issues related to racism in healthcare.",44105,2020,44881,2022,Updated 2020-2022,2020s,Digital,United Kingdom,"Bristol University, Bristol",Bristol University,N/A,N/A,51.4585376,-2.6021758,1,No,11-25,2,3,1,1,2,1,1,No,No,No,Complete,Needs location detail review,Digital Publishing & Digital Editions; Events/Programming,Black Activism/Advocacy; Black Education/Black Students; Black Studies,21st Century,PWI (Graduate),Faculty; Graduate Students,Data Not Available,Grants/Awards (Private: Corporate/Individual Sponsors)
bdph_0479,Healing Histories Project,https://healinghistoriesproject.com/,"The Healing Histories Project deepens and expands relationships between and among abolitionist healers/health practitioners, community organizers, researchers/historians & cultural workers building solidarity to interrupt the Medical Industrial Complex and harmful systems of care.",2021,2021,2023,2023,Updated 2023-2024,2020s,Digital,United States,"Brooklyn, New York",Brooklyn,N/A,N/A,40.6781784,-73.9441579,3,Yes,6-10,2,2,8,1,1,1,1,No,No,No,Complete,Needs location detail review,Digital Collections/Databases/Archives; Educational Resources,Black Education/Black Students; Colonialism & Post-Colonialism/Decolonization,14th Century and Earlier; 15th Century; 16th Century; 17th Century; 18th Century; 19th Century; 20th Century; 21st Century,Independent Scholar/Individual Research,Community Members,Data Not Available,Other/Unknown
bdph_0480,COVID and Black California,https://blackvoicenews.com/2021/04/17/black-california-the-impacts-of-covid-19/,COVID and Black Californians charts how COVID-19 affected Black communities in California during the COVID Pandemic through analyses of the hard numbers given by various reporting bodies.,44303,2021,44303,2021,Updated 2020-2022,2020s,Digital,United States,"Los Angeles, California",Los Angeles,N/A,N/A,36.778261,-119.4179324,1,No,1-5,1,2,1,1,1,1,1,No,No,No,Complete,Needs location detail review,Data Mining/Mapping/Visualization,Black People - Race Identity; Politics and Government,21st Century,Independent Scholar/Individual Research,Other/Unknown,Data Not Available,Other/Unknown
bdph_0481,James Baldwin in Paris 2.0,https://virginiatech.maps.arcgis.com/apps/dashboards/e388a04b8de94a2f9394d664572808f4,"The James Baldwin in Paris 2.0 map enables users to visualize the perambulations of various characters in six of Baldwin’s novels as well as the importance of place to Baldwin’s oeuvre. Review of project by ""Reviews in DH"": https://reviewsindh.pubpub.org/pub/baldwins-paris/release/2",2020,2020,2022,2022,Updated 2020-2022,2020s,Digital,United States,"Virginia Tech, Virginia",Virginia Tech,N/A,N/A,37.22838429999999,-80.42341669999999,3,Yes,6-10,2,2,1,1,2,2,1,Yes,Yes,Yes,Complete,Needs location detail review,Art and Performance; Data Mining/Mapping/Visualization,Black Literature; Historical Figure,20th Century,PWI (Graduate),Faculty; Graduate Students,BIPOC Run; Women Run,Other/Unknown
bdph_0482,AudibleRVA,https://audible-rva.org/,"AudibleRVA is a Digital Humanities project to study Richmond’s soundscape and music scene. Ongoing projects are organized along several themes: Live Music, Infrastructure, Education, Soundscapes, Noise, and Carceral Soundscapes.",2013,2013,2023,2023,Updated 2023-2024,2010s,Digital,United States,"University of Richmond, Virginia",University of Richmond,N/A,N/A,37.5758243,-77.5397192,1,No,Unspecified,2,3,1,1,1,1,2,No,No,No,Complete,Needs location detail review,Digital Collections/Databases/Archives; Digital Publishing & Digital Editions,Black Lives Matter Movement; Black Music; Black People - Race Identity,21st Century,PWI (Undergraduate),Faculty,Data Not Available,Grants/Awards (Institutional/Internal); Grants/Awards (Public/Federal)
bdph_0483,Undisciplining the Victorian Classroom,https://undiscipliningvc.org/,"Undisciplining the Victorian Classroom is a peer-reviewed digital humanities project that reimagines how to teach Victorian Studies through a positive, race-conscious lens.",2020,2020,2024,2024,Updated 2023-2024,2020s,Digital,Other/Unknown,"1200 Academy St, Kalamazoo, MI 49006",N/A,MI,USA,42.2906048,-85.6004359,1,No,51+,3,2,3,2,4,1,1,No,No,Yes,Complete,Needs location detail review,Digital Publishing & Digital Editions; Educational Resources; Resource Hub,Black Education/Black Students; Race Relations/Racial Inequality/Racism,18th Century; 19th Century; 20th Century,Community Group; Independent Scholar/Individual Research,Faculty; Fellows and/or Postdocs; Graduate Students; K-12 Educators,Community Run,Other/Unknown
bdph_0484,Gulu SoundTracks,https://gulusoundtracks.org/,"Gulu SoundTracks curates a collection of eight audio tracks as a digital ethnographic sound project. The collection invites listeners into the sonic habitus and imaginations of their creators, based in the city of Gulu, Uganda.",2019,2019,2020,2020,Updated 2020-2022,2010s,Digital,United States,Duke University,Duke University,N/A,N/A,36.0014258,-78.9382286,3,Yes,6-10,2,1,1,1,2,1,3,No,No,No,Complete,Needs location detail review,Digital Publishing & Digital Editions; Local History & Local Places,Black Music,21st Century,Independent Scholar/Individual Research,Digital/Design Professionals; Faculty,Data Not Available,Grants/Awards (Institutional/Internal); Grants/Awards (Private: Foundations/Charities); Grants/Awards (Public/Federal)
bdph_0485,.break .dance,https://archipelagosjournal.org/issue03/parham/parham.html#choreo,".break .dance is an experimental digital project that uses Beyoncés visual album Lemonade as a keystone text to ground musings about time, code, and internet experience.",2019,2019,2019,2019,Last update before 2020,2010s,Digital,United States,University of Maryland,University of Maryland,N/A,N/A,38.9869183,-76.9425543,3,Yes,1-5,1,4,1,1,1,1,1,No,No,No,Complete,Needs location detail review,Exhibits & Digital Storytelling,Black Literature; Black Music; Black People and Technology; Black Visual and Performance Art,21st Century,Independent Scholar/Individual Research,Faculty,Data Not Available,Other/Unknown
bdph_0486,The Anti-Eviction Mapping Project,https://antievictionmap.com/about-the-aemp,"The Anti-Eviction Mapping Project is a data-visualization, critical cartography, and multimedia storytelling collective documenting dispossession and resistance upon gentrifying landscapes.",2013,2013,2023,2023,Updated 2023-2024,2010s,Digital,United States,"558 Capp Street, San Francisco, CA 94110",N/A,CA,USA,37.7577384,-122.4182235,1,No,26-50,2,2,1,1,1,1,3,No,No,No,Complete,Needs location detail review,Data Mining/Mapping/Visualization; Digital Publishing & Digital Editions,Black Communities/Urban Renewal; Race Relations/Racial Inequality/Racism,21st Century,Community Group,Other/Unknown,Data Not Available,Grants/Awards (Private: Foundations/Charities); Grants/Awards (Public: State or Local); Small Donations
bdph_0487,Money and Exchange in West Africa,https://learninglab.si.edu/collections/money-and-exchange-in-west-africa/5riFCVvFDNcXodgL,"The objects in this collection, from the crescent-shaped manilla to the colorful banknotes, formed part of West Africa’s vibrant and varied monetary system in the nineteenth and twentieth centuries. Each object has its own story about when and how it was used.",2019,2019,2022,2022,Updated 2020-2022,2010s,Digital,United Kingdom,The Smithsonian,The Smithsonian,N/A,N/A,38.8860146,-77.0213921,1,No,1-5,2,1,3,1,1,1,1,No,No,No,Complete,Needs location detail review,Digital Collections/Databases/Archives; Educational Resources,African History,19th Century; 20th Century; 21st Century,PWI (Graduate),Faculty,Data Not Available,Grants/Awards (Institutional/Internal)
bdph_0488,Indianapolis Imam Warith Deen Muhammad Community Collection,https://library.indianapolis.iu.edu/digitalcollections/IWDC,The Indianapolis Imam Warith Deen Muhammad Community collection documents the life of an African American Muslim community that has been part of Indianapolis since the 1950s.,Unspecified,,Unspecified,,Unknown / unparsed,Unknown,Digital,United States,Indiana University Indianapolis,Indiana University Indianapolis,N/A,N/A,39.7759306,-86.17616,1,No,1-5,1,3,2,1,1,1,1,No,No,No,Start and update missing/unparsed,Needs location detail review,Digital Collections/Databases/Archives,Black People - Race Identity; Black Religions; Historical Figure,20th Century; 21st Century,PWI (Undergraduate),Community Members,Data Not Available,Grants/Awards (Institutional/Internal)
bdph_0489,Name That Twitter Community!,https://nttc.readthedocs.io/en/latest/,Name That Twitter Community! is a set of functions that process and create topic models from sample Twitter networks' tweets. It also analyzes if there are potential persistent community hubs mentioned or created by top Retweeters.,Unspecified,,Unspecified,,Unknown / unparsed,Unknown,Digital,United States,Virginia Tech,Virginia Tech,N/A,N/A,37.22838429999999,-80.42341669999999,3,Yes,1-5,1,2,1,1,1,1,1,No,No,No,Start and update missing/unparsed,Needs location detail review,Data Mining/Mapping/Visualization,Black People - Race Identity; Black People and Technology,21st Century,Independent Scholar/Individual Research,Faculty,Data Not Available,Other/Unknown
bdph_0490,"My Nola, My Story",https://xulamasscomm.omeka.net/,"My Nola, My Story was started to encourage students at Xavier University of Louisiana to record and share the stories of people of color in New Orleans.",2017,2017,2023,2023,Updated 2023-2024,2010s,Digital,United States,Xavier University of Louisiana,Xavier University of Louisiana,N/A,N/A,29.9632276,-90.10616259999999,1,No,51+,3,2,1,1,2,1,1,No,No,No,Complete,Needs location detail review,Digital Collections/Databases/Archives; Digital Publishing & Digital Editions; Local History & Local Places,Black People - Race Identity; U.S. History,21st Century,HBCU (Undergraduate),Faculty; Undergraduate Students,Data Not Available,Grants/Awards (Institutional/Internal)
bdph_0491,Sekuru's Stories,https://sekuru.org/home/,"Sekuru’s Stories is a digital public humanities project featuring the renowned Zimbabwean mbira player, oral historian, and ritual specialist Sekuru Tute Chigamba.",2019,2019,2019,2019,Last update before 2020,2010s,Digital,United States,Zimbabwe,Zimbabwe,N/A,N/A,-19.015438,29.154857,1,No,1-5,2,3,2,1,1,1,1,No,No,No,Complete,Needs location detail review,Digital Publishing & Digital Editions; Educational Resources,Black Literature; Black Music; Historical Figure,20th Century; 21st Century,PWI (Undergraduate),Faculty,Data Not Available,Grants/Awards (Institutional/Internal)
bdph_0492,African Letters Project,https://africanlettersproject.tulane.edu/,The ALP is a database consisting of descriptive metadata and photographs of letters written between Africans and Americans during the era of decolonization (roughly 1945-1994).,2018,2018,2023,2023,Updated 2023-2024,2010s,Digital,United States,"Tulane University, Louisiana",Tulane University,N/A,N/A,29.9407282,-90.12031669999999,1,No,6-10,2,3,1,1,1,1,1,No,No,No,Complete,Needs location detail review,Digital Collections/Databases/Archives; Digital Publishing & Digital Editions,African History; Colonialism & Post-Colonialism/Decolonization; U.S. History,20th Century,Independent Scholar/Individual Research,Faculty,Data Not Available,Other/Unknown
bdph_0493,Africa Cartoons,https://africacartoons.com/,"Africa Cartoons is an educational encyclopedia of African political cartooning and cartoonists. As such, when finished, it will have entries on cartoonists from all African countries and show copious samples of their works.",2014,2014,2023,2023,Updated 2023-2024,2010s,Digital,United States,University of Wisconsin-Madison,University of Wisconsin-Madison,N/A,N/A,43.07551429999999,-89.4154526,1,No,Unspecified,2,3,2,1,1,1,1,No,No,No,Complete,Needs location detail review,Art and Performance; Digital Collections/Databases/Archives,African History; Black Visual and Performance Art; Politics and Government,20th Century; 21st Century,Independent Scholar/Individual Research,Other/Unknown,Data Not Available,Other/Unknown
bdph_0494,Community Video Education Trust,https://cvet.org.za/,"The Community Video Education Trust (CVET) in Cape Town is building a digital archive of videos taken in South Africa in the late 1980s and early 1990s on anti-apartheid demonstrations, speeches, mass funerals, celebrations, and interviews with activists. Videos capture the activism of trade unions, students and political organizations, including the activities of the United Democratic Front.",1976,1976,Unspecified,,Unknown / unparsed,1970s,Digital,South Africa,"Cape Town, South Africa",Cape Town,N/A,South Africa,-33.922087,18.4231418,2,Yes,Unspecified,2,3,1,1,1,1,1,No,No,No,Update missing/unparsed,Location detail present,Digital Collections/Databases/Archives; Local History & Local Places,African History; Colonialism & Post-Colonialism/Decolonization; Segregation,20th Century,PWI (Undergraduate),Other/Unknown,Data Not Available,Grants/Awards (Institutional/Internal)
bdph_0495,Yoruba Architectural Reconstruction,https://humtech.ucla.edu/project/yoruba-architectural-reconstruction/,"The goal of this project is to broaden our comprehension of Yoruba art in situ and our understanding about Yoruba architecture, by building 3D models of a pair of Yoruba house posts from the UCLA Fowler Museum collection and the architectural space from which they came.",2016,2016,2017,2017,Last update before 2020,2010s,Digital,United States,UCLA Digital Humanities Department,UCLA Digital Humanities Department,N/A,N/A,34.0744339,-118.4391615,1,No,1-5,2,2,1,1,1,1,1,No,No,No,Complete,Needs location detail review,Digital Collections/Databases/Archives; Exhibits & Digital Storytelling,African History; Other/Unknown,Other/Unknown,PWI (Graduate),Faculty,Data Not Available,Other/Unknown
bdph_0496,Young Connected Migrants,https://connectedmigrants.sites.uu.nl/,This project considers how expat and refugee young people living in the Netherlands digitally encapsulate themselves in bubbles and develop a cosmopolitan stance towards others.,2015,2015,2024,2024,Updated 2023-2024,2010s,Digital,The Netherlands,Utrecht University,Utrecht University,N/A,N/A,52.0859667,5.1715372,1,No,1-5,1,2,1,1,2,1,1,No,No,No,Complete,Needs location detail review,Digital Publishing & Digital Editions,African Diaspora/Migration; Black People - Race Identity,21st Century,PWI (Graduate),Faculty; Graduate Students,Data Not Available,Other/Unknown
bdph_0497,Mobile Africa Revisited,https://mobileafricarevisited.wordpress.com/,"Mobile Africa Revisited is a research programme on social relations, mobility and new communication technologies in Africa. We seek to address the issue of development and communication technologies through the interpretation of African end-users.",2009,2009,2014,2014,Last update before 2020,2000s,Digital,The Netherlands,Leiden University,Leiden University,N/A,N/A,52.156569,4.4866564,1,No,11-25,2,2,1,1,2,1,1,No,No,No,Complete,Needs location detail review,Digital Publishing & Digital Editions; Events/Programming,Black People and Technology; Colonialism & Post-Colonialism/Decolonization,21st Century,PWI (Graduate),Faculty; Graduate Students,Data Not Available,Grants/Awards (Institutional/Internal)
bdph_0498,Mursi Online,https://www.mursi.org/,"This website was launched in hopes of correcting the exoticised view of the Mursi found in guide books and travel articles by providing accurate and reliable information about Mursi history, culture and environment and about the pressures they and their neighbours are under today.",2005,2005,2024,2024,Updated 2023-2024,2000s,Digital,United Kingdom,Oxford University,Oxford University,N/A,N/A,51.75704289999999,-1.2545179,2,Yes,1-5,1,3,2,1,1,1,1,No,No,Yes,Complete,Needs location detail review,Educational Resources,African History; Black Religions; Politics and Government,20th Century; 21st Century,PWI (Graduate),Faculty,Not Minority Run,Other/Unknown
bdph_0499,World Oral Literature Project,http://www.oralliterature.org/about/project.html,The World Oral Literature Project is an urgent global initiative to document and disseminate endangered oral literatures before they disappear without record.,2009,2009,2013,2013,Last update before 2020,2000s,Digital,United Kingdom,"University of Cambridge, Cambridge, UK",University of Cambridge,N/A,United Kingdom,52.1950788,0.1312729,1,No,6-10,2,2,2,1,3,1,3,No,No,No,Complete,Location detail present,Digital Collections/Databases/Archives; Oral Histories,African History; Black Studies,20th Century; 21st Century,PWI (Graduate),Faculty; Fellows and/or Postdocs; Graduate Students,Data Not Available,Grants/Awards (Private: Foundations/Charities); In-Kind Support; Small Donations
bdph_0500,Endangered Archives Programme,https://eap.bl.uk/,"The Endangered Archives Programme (EAP) facilitates the digitisation of archives around the world that are in danger of destruction, neglect or physical deterioration.",2004,2004,2024,2024,Updated 2023-2024,2000s,Digital,United Kingdom,"British Library, 96 Euston Road, London, NW1 2DB",British Library,N/A,United Kingdom,51.5299717,-0.1276759,1,No,Unspecified,2,3,7,1,1,1,1,No,No,No,Complete,Location detail present,Digital Collections/Databases/Archives; Educational Resources,African History; Black Studies; Caribbean History,14th Century and Earlier; 15th Century; 16th Century; 17th Century; 18th Century; 19th Century; 20th Century,Public Library,Other/Unknown,Data Not Available,Grants/Awards (Private: Foundations/Charities)
bdph_0501,IKSO Maghreb,https://www.isko-maghreb.org/,"The ISKO-Maghreb scholarly chapter is the chapter for the Maghreb countries (mainly Tunisia, Algeria and Morocco) of the international scholarly society ISKO (International Society for Knowledge Organization)",2010,2010,2022,2022,Updated 2020-2022,2010s,Digital,France,"Loria, France",Loria,N/A,France,46.227638,2.213749,1,No,Unspecified,1,2,1,1,3,1,1,No,No,No,Complete,Location detail present,Events/Programming,African History; Black Education/Black Students,21st Century,Community Group,Faculty; Fellows and/or Postdocs; Graduate Students,Data Not Available,Paywall/Access fees
bdph_0502,A Liberian Journey,https://liberianhistory.org/,A Liberian Journey offers a look into the lives and landscapes transformed by the arrival of Firestone Plantations Company in Liberia.,2016,2016,2016,2016,Last update before 2020,2010s,Digital,United States,"76R9+R7J, Tubman Blvd, Monrovia, Liberia",N/A,N/A,Liberia,6.2784227,-10.7599441,1,No,6-10,3,2,1,1,3,1,1,No,No,No,Complete,Needs location detail review,Data Mining/Mapping/Visualization; Digital Collections/Databases/Archives; Educational Resources,African History; Colonialism & Post-Colonialism/Decolonization,20th Century,Inter-Institution Partnership,Faculty; Fellows and/or Postdocs; Graduate Students,Data Not Available,Grants/Awards (Private: Foundations/Charities)
bdph_0503,eLearning Africa,https://www.elearning-africa.com/,"eLearning Africa is a global network of professionals working in the field of digital education, training and skills development.",2005,2005,2024,2024,Updated 2023-2024,2000s,Digital,Cote D'Ivoire,"Abidjan, Ivory Coast",Abidjan,N/A,N/A,5.3252258,-4.019603,1,No,Unspecified,4,3,1,1,3,1,3,No,No,No,Complete,Needs location detail review,Data Mining/Mapping/Visualization; Digital Publishing & Digital Editions; Educational Resources; Events/Programming,African History; Black Education/Black Students; Black People and Technology,21st Century,Community Group,Community Members; Faculty; Fellows and/or Postdocs,Data Not Available,Grants/Awards (Private: Foundations/Charities); Grants/Awards (Professional Organizations); Grants/Awards (Public/Federal)
bdph_0504,Consortium of Academic and Research Libraries in Ghana (CARLIGH),https://www.carligh.org/,"CARLIGH has grown in terms of membership since its inception in 2004 with a nationwide spread and recognition from key educational institutions, such as the National Accreditation Board (NAB), National Council for Tertiary Education (NCTE) etc. The Consortium has given more than 100,000 academic users the chance to access key electronic resources to enhance their learning, research and teaching.",2004,2004,2024,2024,Updated 2023-2024,2000s,Digital,Ghana,"CSIR-INST1, Accra",CSIR-INST1,N/A,N/A,5.5955086,-0.1843289,1,No,11-25,3,2,1,2,2,1,1,No,No,No,Complete,Needs location detail review,Digital Publishing & Digital Editions; Events/Programming; Resource Hub,Black Education/Black Students; Black People and Technology,21st Century,Inter-Institution Partnership; University Library,Faculty; Library Professionals,Data Not Available,Other/Unknown
bdph_0505,Accra Mobile,https://ghanaonthego.com/2015/07/05/accra-mobile-motor-transportation-sensation-and-new-media/,"Accra Mobile contributes to an emerging conversation about the meaning of global automobility. By decentering the West and thinking about the meaning of technology in the context of globalization or global trade, the ethnographic history of trotros highlights the importance of both the global and the local.",42190,2015,42190,2015,Last update before 2020,2010s,Digital,Ghana,"Accra, Ghana",Accra,N/A,Ghana,5.559284600000001,-0.1974306,1,No,1-5,1,1,1,1,1,1,1,No,No,No,Complete,Location detail present,Digital Publishing & Digital Editions,Black Communities/Urban Renewal,20th Century,Independent Scholar/Individual Research,Faculty,Data Not Available,Grants/Awards (Institutional/Internal)
bdph_0506,African Languages Technology Initiative,https://www.alt-i.org/,"We believe that Africa will truly experience the information age when its peoples can interact with computers in their own languages. Due to the legacy of colonialism, many African languages lack the resources computers need to ‘speak’ our languages.",2002,2002,2021,2021,Updated 2020-2022,2000s,Digital,Nigeria,"11 Oluyole Way, New Bodija, Ibadan 200285, Oyo, Nigeria",N/A,N/A,Nigeria,7.4187366,3.9126968,1,No,Unspecified,2,2,1,1,2,1,3,No,No,No,Complete,Needs location detail review,Digital Publishing & Digital Editions; Resource Hub,Black Education/Black Students; Black People and Technology,21st Century,Community Group,Faculty; Graduate Students,Data Not Available,Grants/Awards (Private: Corporate/Individual Sponsors); Grants/Awards (Private: Foundations/Charities); Grants/Awards (Professional Organizations)
bdph_0507,CERDOTOLA Oral Resources Laboratory and African Traditions Documentations Centre,https://cerdotola.org/,"Created in 1977 at the behest of African Heads of State, the International Centre for Research and Documentation on African Traditions and Language (CERDOTOLA), is an Inter-State Institution for scientific, cultural and diplomatic cooperation for the preservation, dissemination and the promotion of African heritage.",1977,1977,2024,2024,Updated 2023-2024,1970s,Digital,Cameroon,"Rue Liberté Mimboman B. P. 479, Yaoundé, Cameroon",Rue Liberté Mimboman B. P. 479,N/A,Cameroon,3.8719482,11.5504211,1,No,Unspecified,2,4,8,1,4,1,2,No,No,No,Complete,Location detail present,Digital Collections/Databases/Archives; Digital Publishing & Digital Editions,African Diaspora/Migration; African History; Black Studies; Politics and Government,14th Century and Earlier; 15th Century; 16th Century; 17th Century; 18th Century; 19th Century; 20th Century; 21st Century,Non-profit/NGO,Community Members; Faculty; Graduate Students; Library Professionals,Data Not Available,In-Kind Support; Small Donations
bdph_0508,Kenya Library and Information Services Consortium,https://klisc.or.ke/,Kenya Library and Information Services Consortium (KLISC) was established in 2003 with the main objective of collective subscription to electronic resources to cope with the increasing cost of information resources.,2003,2003,2024,2024,Updated 2023-2024,2000s,Digital,Kenya,"Nakuru, Kenya",Nakuru,N/A,Kenya,-0.3030988,36.080026,1,No,6-10,3,2,1,2,2,1,2,No,No,No,Complete,Location detail present,Digital Publishing & Digital Editions; Educational Resources; Resource Hub,Black People - Race Identity; Digital Humanities,21st Century,Inter-Institution Partnership; University Library,Faculty; Library Professionals,Data Not Available,Grants/Awards (Private: Corporate/Individual Sponsors); Grants/Awards (Private: Foundations/Charities)
bdph_0509,Digital Matatus,http://digitalmatatus.com/about.html,"Digital Matatus shows how to leverage the ubiquitous nature of cellphone technology in developing countries to collect data for essential infrastructure, give it out freely and in the process spur innovation and improved services for citizens.",2014,2014,2019,2019,Last update before 2020,2010s,Digital,Kenya,"University of Nairobi, Kenya",University of Nairobi,N/A,Kenya,-1.2920659,36.8219462,2,Yes,6-10,2,1,1,1,3,1,1,No,No,No,Complete,Location detail present,Data Mining/Mapping/Visualization; Digital Publishing & Digital Editions,Black People and Technology,21st Century,HBCU (Undergraduate),Digital/Design Professionals; Faculty; Library Professionals,Data Not Available,Grants/Awards (Private: Foundations/Charities)
bdph_0510,The Swahili Story Map,https://uctagol.maps.arcgis.com/apps/MapSeries/index.html?appid=26d6837c7c414832b3313f2e9275718b,The Swahili Story Map provides the means to explore some 180 historic Swahili sites along the East African coast.,2018,2018,2018,2018,Last update before 2020,2010s,Digital,South Africa,"University of Cape Town, South Africa",University of Cape Town,N/A,South Africa,-33.957652,18.4611991,2,Yes,1-5,2,3,7,1,1,1,2,No,No,No,Complete,Location detail present,Data Mining/Mapping/Visualization; Digital Collections/Databases/Archives,African History; Black Communities/Urban Renewal; Colonialism & Post-Colonialism/Decolonization,14th Century and Earlier; 15th Century; 16th Century; 17th Century; 18th Century; 19th Century; 20th Century,PWI (Undergraduate),Faculty,Data Not Available,Grants/Awards (International); Grants/Awards (Private: Foundations/Charities)
bdph_0511,Research4Life,https://www.research4life.org/,Research4Life provides institutions in lower income countries with online access to academic and professional peer-reviewed content.,2002,2002,2024,2024,Updated 2023-2024,2000s,Digital,Other/Unknown,"Oxford University, UK",Oxford University,N/A,United Kingdom,51.75704289999999,-1.2545179,2,Yes,Unspecified,3,2,8,1,1,1,4,No,No,No,Complete,Location detail present,Digital Collections/Databases/Archives; Educational Resources; Resource Hub,Black Education/Black Students; Black People and Technology,14th Century and Earlier; 15th Century; 16th Century; 17th Century; 18th Century; 19th Century; 20th Century; 21st Century,Inter-Institution Partnership,Other/Unknown,Data Not Available,Grants/Awards (Institutional/Internal); Grants/Awards (International); Grants/Awards (Private: Foundations/Charities); Paywall/Access fees
bdph_0512,Digital Humanities Association of South Africa,https://digitalhumanities.org.za/,The DHASA aims to foreground the national and international benefits of developing Digital Humanities scholarship as a priority in the humanities and social sciences.,2016,2016,2022,2022,Updated 2020-2022,2010s,Digital,South Africa,"North Western University, Potchefstroom, South Africa",North Western University,N/A,South Africa,-26.6906445,27.0928977,1,No,11-25,2,3,1,1,2,1,1,No,No,No,Complete,Location detail present,Digital Publishing & Digital Editions; Events/Programming,Black Education/Black Students; Black People and Technology; Digital Humanities,21st Century,Inter-Institution Partnership,Faculty; Library Professionals,Data Not Available,Paywall/Access fees
bdph_0513,The African Association of Lexicography,https://www.afrilex.co.za/,"The aim of Afrilex is the promotion and co-ordination of the research, study and teaching of lexicography by means of the publication of a journal and other appropriate literature, and the organisation of regular conferences and seminars to provide an opportunity for an exchange of ideas and for mutual stimulus to researchers and practitioners in the field of lexicography.",1995,1995,2024,2024,Updated 2023-2024,1990s,Digital,South Africa,"University of Pretoria, Pretoria, South Africa",University of Pretoria,N/A,South Africa,-25.7545492,28.2314476,1,No,6-10,3,1,1,1,1,1,1,No,No,No,Complete,Location detail present,Digital Collections/Databases/Archives; Digital Publishing & Digital Editions; Events/Programming,Black Education/Black Students,21st Century,Inter-Institution Partnership,Faculty,Data Not Available,Paywall/Access fees
bdph_0514,ESCALATOR,https://escalator.sadilar.org/,ESCALATOR consists of a national digital champions program in combination with an orchestrated capacity development and awareness raising initiative.,2022,2022,2024,2024,Updated 2023-2024,2020s,Digital,South Africa,"Building F16 C & F16 D, North-West University (Potchefstroom Campus), Potchefstroom, 2520, South Africa",Building F16 C & F16 D,N/A,South Africa,-26.6844338,27.0937666,2,Yes,11-25,3,2,1,1,3,1,1,No,No,No,Complete,Location detail present,Digital Publishing & Digital Editions; Events/Programming; Resource Hub,Black Education/Black Students; Black People and Technology,21st Century,Minority Serving Institution (Undergraduate),Digital/Design Professionals; Faculty; Library Professionals,Data Not Available,Grants/Awards (Public/Federal)
bdph_0515,SADiLaR,https://sadilar.org/en/,The South African Centre for Digital Language Resources (SADiLaR) is a national centre supported by the Department of Science and Innovation (DSI) as part of the new South African Research Infrastructure Roadmap (SARIR).,2019,2019,2024,2024,Updated 2023-2024,2010s,Digital,South Africa,"Building F16 C & F16 D, North-West University (Potchefstroom Campus), Potchefstroom, 2520, South Africa",Building F16 C & F16 D,N/A,South Africa,-26.6844338,27.0937666,2,Yes,11-25,3,2,1,1,4,1,1,No,No,No,Complete,Location detail present,Digital Publishing & Digital Editions; Events/Programming; Resource Hub,Black Education/Black Students; Black People and Technology,21st Century,Minority Serving Institution (Undergraduate),Community Members; Digital/Design Professionals; Faculty; Library Professionals,Data Not Available,Grants/Awards (Public/Federal)
bdph_0516,Electronic Information for Libraries,https://www.eifl.net/,"EIFL (Electronic Information for Libraries) works with libraries to enable access to knowledge for education, learning, research and sustainable community development. Our vision is a world in which all people have the knowledge they need to achieve their full potential.",1999,1999,2024,2024,Updated 2023-2024,1990s,Digital,Lithuania,"Mindaugo str. 23 LT-03214 Vilnius, Lithuania",Mindaugo str. 23 LT-03214 Vilnius,N/A,USA,54.6737396,25.2746957,1,No,11-25,2,2,1,2,1,1,3,No,No,No,Complete,Location detail present,Digital Collections/Databases/Archives; Educational Resources,Black Education/Black Students; Black People and Technology,21st Century,Inter-Institution Partnership; University Library,Library Professionals,Data Not Available,Grants/Awards (Private: Corporate/Individual Sponsors); Grants/Awards (Private: Foundations/Charities); Small Donations
bdph_0517,Claremont Histories,https://www.claremonthistories.co.za/,This site is a dedication to those who lived in and share wonderful memories of Claremont before the forced removals under the Group Areas Act.,2015,2015,2024,2024,Updated 2023-2024,2010s,Digital,South Africa,"Cape Town, South Africa",Cape Town,N/A,South Africa,-33.922087,18.4231418,2,Yes,11-25,2,3,3,1,1,1,1,No,No,No,Complete,Location detail present,Digital Collections/Databases/Archives; Local History & Local Places,African History; Politics and Government; Race Relations/Racial Inequality/Racism,19th Century; 20th Century; 21st Century,Community Group,Community Members,Data Not Available,Other/Unknown
bdph_0518,African Digital Library Support Network,https://adlsn.org/,"African Digital Library Support Network (ADLSN) is a network of African practitioners and stakeholders with a common goal of supporting the creation, preservation and dissemination of research.",2022,2022,2023,2023,Updated 2023-2024,2020s,Digital,Other/Unknown,"Addis Ababa, Ethiopia",Addis Ababa,N/A,Ethiopia,9.0191936,38.7524635,1,No,11-25,2,2,1,1,1,1,1,No,No,No,Complete,Location detail present,Digital Publishing & Digital Editions; Educational Resources,Black Education/Black Students; Black People and Technology,21st Century,Other/Unknown,Community Members,Data Not Available,Other/Unknown
bdph_0519,African Digital Heritage,https://africandigitalheritage.org/,African Digital Heritage is a non-profit organization working at the intersection of culture and technology to promote holistic digital practice within African cultural heritage.,2018,2018,2024,2024,Updated 2023-2024,2010s,Digital,Kenya,"Nairobi, Kenya",Nairobi,N/A,Kenya,-1.2920659,36.8219462,2,Yes,6-10,4,5,1,1,4,1,5,No,No,No,Complete,Location detail present,Digital Collections/Databases/Archives; Digital Publishing & Digital Editions; Events/Programming; Resource Hub,African Diaspora/Migration; Black Education/Black Students; Black People - Race Identity; Black People and Technology; Digital Humanities,21st Century,Non-profit/NGO,Community Members; Digital/Design Professionals; Faculty; Library Professionals,Data Not Available,Grants/Awards (Private: Foundations/Charities); Grants/Awards (Professional Organizations); Grants/Awards (Public/Federal); In-Kind Support; Small Donations
bdph_0520,Migration Stories,https://kasc.ku.edu/migration-stories,Migration Stories is a project that seeks to gather stories in various forms about both the experience of immigration for Africans and the impact of changing demographics in Midwestern communities.,2016,2016,2016,2016,Last update before 2020,2010s,Digital,United States,"University of Kansas, Kansas",University of Kansas,N/A,N/A,38.9543439,-95.2557961,2,Yes,1-5,1,2,1,1,1,1,1,No,No,No,Complete,Needs location detail review,Digital Publishing & Digital Editions,African Diaspora/Migration; Black Studies,21st Century,PWI (Undergraduate),Faculty,Data Not Available,Grants/Awards (Public/Federal)
bdph_0521,Onitsha Market Literature,https://exhibits.lib.ku.edu/exhibits/show/onitsha,"Onitsha Market Literature consists of stories, plays, advice and moral discourses published primarily in the 1960s by local presses in the lively market town of Onitsha, an important commercial site in the Igbo-speaking region of southeastern Nigeria.",2017,2017,2021,2021,Updated 2020-2022,2010s,Digital,United States,"University of Kansas, Kansas",University of Kansas,N/A,N/A,38.9543439,-95.2557961,2,Yes,1-5,2,2,1,1,1,1,1,No,No,No,Complete,Needs location detail review,Data Mining/Mapping/Visualization; Digital Collections/Databases/Archives,African History; Black Literature,20th Century,PWI (Undergraduate),Faculty,Data Not Available,Grants/Awards (Institutional/Internal)
bdph_0522,Open Restitution Africa,https://openrestitution.africa/,"The Open Restitution Project is an Africa-led project seeking to open up access to information on the restitution of African material culture and human ancestors, to empower all stakeholders involved to make knowledge-based decisions.",2022,2022,2024,2024,Updated 2023-2024,2020s,Digital,South Africa,"Johannesburg, South Africa",Johannesburg,N/A,South Africa,-26.205647,28.0337185,1,No,6-10,2,3,1,1,2,1,1,No,No,No,Complete,Location detail present,Art and Performance; Digital Publishing & Digital Editions,African History; Black Visual and Performance Art; Colonialism & Post-Colonialism/Decolonization,21st Century,Independent Scholar/Individual Research,Digital/Design Professionals; Faculty,Data Not Available,In-Kind Support
bdph_0523,Paint Me Black,https://www.paintmeblack.com/,Paint Me Black: The Aesthetics and Rationality of African Fractals documents and classifies images that attest to the artistic and mathematical heritage of Black people.,2024,2024,2024,2024,Updated 2023-2024,2020s,Digital,United Kingdom,"BS5 Blackswarth Road, Bristol, UK",BS5 Blackswarth Road,N/A,United Kingdom,51.4569835,-2.5519716,1,No,1-5,2,3,1,1,1,1,1,No,No,No,Complete,Location detail present,Digital Collections/Databases/Archives; Digital Publishing & Digital Editions,African History; Black People and Technology; Black Visual and Performance Art,Other/Unknown,Independent Scholar/Individual Research,Digital/Design Professionals,Data Not Available,Other/Unknown
bdph_0524,Pollicy,https://pollicy.org/,"Pollicy is a feminist collective of technologists, data scientists, creatives and academics working at the intersection of data, design and technology to craft better life experiences by harnessing improved data.",2021,2021,2024,2024,Updated 2023-2024,2020s,Digital,Uganda,"Plot 7 Kulubya Cl, Kampala, Uganda",Plot 7 Kulubya Cl,N/A,Uganda,0.3127493,32.6211439,1,No,11-25,3,3,1,1,2,1,1,No,No,No,Complete,Location detail present,Data Mining/Mapping/Visualization; Events/Programming; Resource Hub,Black Activism/Advocacy; Black Women/Feminism; Politics and Government,21st Century,Community Group,Community Members; Digital/Design Professionals,Data Not Available,Other/Unknown
bdph_0525,Affirmations 2.0,https://diamondebp.itch.io/affirmations,"A short game about Healing, Self-care and the Exploration of Community.",2022,2022,2022,2022,Updated 2020-2022,2020s,Digital,United States,"Washington State University, Washington",Washington State University,N/A,N/A,47.6516448,-122.3081762,1,No,1-5,1,3,1,1,1,1,1,No,No,No,Complete,Needs location detail review,Exhibits & Digital Storytelling,Black Literature; Black Visual and Performance Art; Black Women/Feminism,21st Century,Independent Scholar/Individual Research,Faculty,Data Not Available,Other/Unknown
bdph_0526,Alive in Their Garden,https://aliveintheirgarden.com/,"Alive in their garden is a group exhibition featuring works by four artists of the Black Latinx diaspora, engaging plant materiality and aesthetics as portals of gender subversion, ecological justice, ancestral knowing, and healing.",2023,2023,2023,2023,Updated 2023-2024,2020s,Digital,United States,"Smith College, Massachusetts",Smith College,N/A,N/A,42.3162992,-72.6403095,1,No,6-10,1,2,2,1,2,3,2,Yes,Yes,Yes,Complete,Needs location detail review,Exhibits & Digital Storytelling,African Diaspora/Migration; Black Visual and Performance Art,20th Century; 21st Century,Inter-Institution Partnership,Digital/Design Professionals; Faculty,BIPOC Run; LGBTQ+ Run; Women Run,Grants/Awards (Institutional/Internal); Grants/Awards (Private: Foundations/Charities)
bdph_0527,The Bitter Aloe Project,https://bitteraloeproject.createuky.net/,The Bitter Aloe Project develops customized machine learning (ML) models to extract data from records produced by South Africa’s Truth and Reconciliation Commission (TRC).,2019,2019,2024,2024,Updated 2023-2024,2010s,Digital,United States,"University of Kentucky, Kentucky",University of Kentucky,N/A,N/A,38.0306511,-84.5039697,1,No,6-10,1,3,2,1,3,1,1,No,No,No,Complete,Needs location detail review,Data Mining/Mapping/Visualization,African History; Politics and Government; Race Relations/Racial Inequality/Racism,20th Century; 21st Century,Inter-Institution Partnership,Community Members; Faculty; Museum Professionals,Data Not Available,Other/Unknown
bdph_0528,African American History and Culture,https://africanamericanprofessor.org/,"The purpose of this website is to provide readers the opportunity to learn about African American history and culture with hopes to help educate and alleviate issues of diversity on college campuses, workplace environments, as well as society as a whole.",2015,2015,2018,2018,Last update before 2020,2010s,Digital,United States,"Kennesaw State University, Georgia",Kennesaw State University,N/A,N/A,34.0369014,-84.582481,1,No,1-5,2,2,1,1,1,1,1,No,No,No,Complete,Needs location detail review,Digital Collections/Databases/Archives; Digital Publishing & Digital Editions,Black People and Technology; U.S. History,20th Century,Independent Scholar/Individual Research,Faculty,Data Not Available,Other/Unknown
bdph_0529,"Colonial Frontier Massacres in Australia, 1788-1930",https://c21ch.newcastle.edu.au/colonialmassacres/,"Colonial Frontier Massacres in Australia, 1788-1930 is an interactive web map of massacres on the Australian colonial frontier providing access to details about each site, supporting evidence from historical sources, and interpretative context.",2017,2017,2024,2024,Updated 2023-2024,2010s,Digital,Australia,"Newcastle University, Australia",Newcastle University,N/A,N/A,-32.8927718,151.7041775,1,No,11-25,2,3,3,1,3,1,1,No,No,No,Complete,Needs location detail review,Data Mining/Mapping/Visualization; Digital Collections/Databases/Archives,Colonialism & Post-Colonialism/Decolonization; Lynching/Race Riots/Police Brutality; Race Relations/Racial Inequality/Racism,18th Century; 19th Century; 20th Century,Inter-Institution Partnership,Community Members; Digital/Design Professionals; Faculty,Data Not Available,Grants/Awards (Public/Federal)
bdph_0530,African Online Digital Library,https://aodl.org/,AODL provides free universal access to cultural heritage materials from and about African countries and communities.,2000,2000,2019,2019,Last update before 2020,2000s,Digital,United States,Michigan State University,Michigan State University,N/A,N/A,42.7250725,-84.47908269999999,3,Yes,Unspecified,2,4,4,1,1,1,2,No,No,No,Complete,Needs location detail review,Data Mining/Mapping/Visualization; Digital Collections/Databases/Archives,African History; Black Literature; Black People and Technology; Black Visual and Performance Art,18th Century; 19th Century; 20th Century; 21st Century,PWI (Graduate),Faculty,Data Not Available,Grants/Awards (Institutional/Internal); Grants/Awards (Public/Federal)
bdph_0531,Zamani Project,https://zamaniproject.org/,"Zamani seeks to preserve heritage sites that are often undocumented, or poorly documented, and many face threats of damage or destruction through digital modeling.",2005,2005,2022,2022,Updated 2020-2022,2000s,Digital,South Africa,"University of Cape Town, Library Road Menzies Building, 5th floor, Rondebosch, Cape Town, 7700, South Africa",University of Cape Town,N/A,South Africa,-33.9586305,18.4600846,1,No,1-5,2,3,7,1,2,1,1,No,No,No,Complete,Location detail present,Data Mining/Mapping/Visualization; Digital Collections/Databases/Archives,African History; Black Visual and Performance Art; Historical Landmarks/Monuments,14th Century and Earlier; 15th Century; 16th Century; 17th Century; 18th Century; 19th Century; 20th Century,Inter-Institution Partnership,Faculty; Graduate Students,Data Not Available,Other/Unknown
bdph_0532,World War 1 in Africa,https://wwiafrica.tumblr.com/,"Tens of thousands of African lives were lost at home and abroad, defending the interests of foreign powers and the lives of complete strangers during the war. The World War I in Africa Project aims to bring this to light. With photos, cartoons, maps and caricatures, the project aims to challenge the normative narrative of WWI and also to change the usual narrators.",2014,2014,2021,2021,Updated 2020-2022,2010s,Digital,Germany,"Berlin, Germany",Berlin,N/A,Germany,52.52000659999999,13.404954,1,No,1-5,1,2,1,1,1,1,1,No,No,No,Complete,Location detail present,Digital Collections/Databases/Archives,African History; Black Soldiers/American Civil War,20th Century,Independent Scholar/Individual Research,Museum Professionals,Data Not Available,Other/Unknown
bdph_0533,Ulwazi,https://ulwazi.org/en/about,The Ulwazi foundation aims to inspire People and Institutions to transform the lives and communities through quality and inclusive education.,2014,2014,2024,2024,Updated 2023-2024,2010s,Digital,Angola,"Condomínio Cidade Financeira Bloco 9 – 2.º Andar Rua do Centro de Convenções de Talatona Talatona, Luanda, Angola",N/A,N/A,Angola,-8.9199784,13.1736743,1,No,6-10,1,3,1,1,3,1,1,No,No,No,Complete,Needs location detail review,Educational Resources,Black Education/Black Students; Black People - Race Identity; Black People and Technology,21st Century,Other/Unknown,Community Members; Digital/Design Professionals; Library Professionals,Data Not Available,Other/Unknown
bdph_0534,Network for Digital Humanities in Africa,https://dhafrica.blog/,The Network for Digital Humanities in Africa hosts multiple DH projects to foster community across the DH discipline.,2019,2019,2021,2021,Updated 2020-2022,2010s,Digital,Nigeria,Anchor University Lagos,Anchor University Lagos,N/A,N/A,6.6039714,3.2419436,1,No,51+,2,2,1,1,4,1,1,No,No,No,Complete,Needs location detail review,Data Mining/Mapping/Visualization; Educational Resources,Black People - Race Identity; Digital Humanities,21st Century,Inter-Institution Partnership,Community Members; Digital/Design Professionals; Faculty; Fellows and/or Postdocs,Data Not Available,Other/Unknown
bdph_0535,Keys to the Archive,https://davidsquires.org/scalar/?sq=&view_all=1,This series of online exhibits highlights key literary archival collections housed at the Ernest J. Gaines Center and offers critical insights for studying Gaines’s fiction.,2019,2019,2021,2021,Updated 2020-2022,2010s,Digital,United States,"University of Louisiana, Lafayette, Louisiana",LAFAYETTE,N/A,N/A,30.211991,-92.019914,1,No,11-25,2,1,1,1,3,1,1,No,No,No,Complete,Needs location detail review,Digital Collections/Databases/Archives; Educational Resources,Black Literature,20th Century,PWI (Graduate),Faculty; Graduate Students; Undergraduate Students,Data Not Available,Other/Unknown
bdph_0536,"""A Dangerous Experiment"": Women at the University of Michigan",http://michiganintheworld.history.lsa.umich.edu/dangerousexperiment/,"This website displays the research conducted by undergraduate students about the history of the University of Michigan and its relationships to events at the local, state, national, and global scales.",2016,2016,2024,2024,Updated 2023-2024,2010s,Digital,United States,"Ann Arbor, Michigan",Ann Arbor,N/A,N/A,42.2808256,-83.7430378,2,Yes,6-10,2,2,1,1,3,1,1,No,No,No,Complete,Needs location detail review,Data Mining/Mapping/Visualization; Digital Collections/Databases/Archives,Black Education/Black Students; Black Women/Feminism,20th Century,PWI (Graduate),Faculty; Graduate Students; Undergraduate Students,Data Not Available,In-Kind Support
bdph_0537,"#ATLStudentmovement: Documenting the Atlanta Student Movement, 1960-1961",https://soar.kennesaw.edu/handle/11360/2384,"#ATLStudentMovement is an oral history project that preserves the life experiences of Atlanta University Center students and advocates who helped integrate public facilities and schools in Atlanta through sit-ins, economic boycotts, legal challenges, and student protests as part of the larger American Civil Rights Movement of the 1960s. This research project also contains an educational outreach component, in the form of standards-aligned curriculum guides in development for high school English/Language Arts classes, including a custom GPT that takes the oral history transcripts from the archival project and makes them interactive.",2017,2017,2023,2023,Updated 2023-2024,2010s,Digital,United States,Kennesaw State University,Kennesaw State University,N/A,N/A,34.0234337,-84.6154897,1,No,26-50,3,3,1,1,3,1,1,No,No,No,Complete,Needs location detail review,Digital Collections/Databases/Archives; Digital Publishing & Digital Editions; Local History & Local Places,Black Education/Black Students; Civil Rights Movement/Black Power; Politics and Government,20th Century,PWI (Graduate),Faculty; Graduate Students; Undergraduate Students,Data Not Available,Grants/Awards (Private: Foundations/Charities)
bdph_0538,#UnseenCville,https://virginiahumanities.org/2018/03/unseen-press-release/,#UnseenCville aims to engage students and community members with African American history and culture by power-washing quotes into sidewalks downtown and around UVA Grounds at sites of community significance.,2018,2018,2018,2018,Last update before 2020,2010s,Digital,United States,"University of Virginia, Charlottesville, Virginia",CHARLOTTESVILLE,N/A,N/A,38.0335529,-78.5079772,5,Yes,Unspecified,2,3,2,1,1,1,1,No,No,No,Complete,Needs location detail review,Exhibits & Digital Storytelling; Local History & Local Places,Black Communities/Urban Renewal; Black Literature; Black Visual and Performance Art,20th Century; 21st Century,PWI (Graduate),Faculty,Data Not Available,Grants/Awards (Institutional/Internal)
bdph_0539,A Place Called Poppleton,https://baltimoretraces.umbc.edu/poppleton/,"A Place Called Poppleton is an ongoing cultural documentation project focused on the rich history, folklife, and culture of the Poppleton neighborhood of West Baltimore.",2020,2020,2023,2023,Updated 2023-2024,2020s,Digital,United States,"Poppleton neighborhood, West Baltimore, Maryland",WEST BALTIMORE,N/A,N/A,39.2910405,-76.6338961,1,No,1-5,2,2,2,1,4,2,1,Yes,Yes,Yes,Complete,Needs location detail review,Data Mining/Mapping/Visualization; Local History & Local Places,Black Communities/Urban Renewal; U.S. History,20th Century; 21st Century,Minority Serving Institution (Graduate),Community Members; Faculty; Graduate Students; Undergraduate Students,BIPOC Run; Women Run,Other/Unknown
bdph_0540,African American Public Humanities Initiative,https://www.afampublichumanities.udel.edu/,"The African American Public Humanities Initiative (AAPHI) provides stipend support for PhD students in History, English, and Art History in a five-year, 12 month, cohort based program.",2016,2016,2023,2023,Updated 2023-2024,2010s,Mixed,United States,"Newark, Delaware",Newark,N/A,N/A,39.6837226,-75.74965720000002,1,No,6-10,1,4,8,1,2,1,1,Yes,No,Yes,Complete,Needs location detail review,Other/Unknown,Black Education/Black Students; Black Literature; Black People and Technology; U.S. History,14th Century and Earlier; 15th Century; 16th Century; 17th Century; 18th Century; 19th Century; 20th Century; 21st Century,PWI (Graduate),Faculty; Fellows and/or Postdocs,BIPOC Run,Grants/Awards (Public/Federal)
bdph_0541,The Athens African American Oral History Initiative,https://willson.uga.edu/global-georgia-initiative-humanities-in-place/the-athens-african-american-oral-history-initiative/,"The project will examine the impact of urban renewal and land-use plans in the North Oconee River and Hancock corridors, the influence of local hip hop and its intersections with politics and the Athens music scene, challenges of small businesses, and dynamics between generations.",2019,2019,2021,2021,Updated 2020-2022,2010s,Digital,United States,"Athens, Georgia",Athens,N/A,N/A,33.9596643,-83.3764161,1,No,1-5,2,2,2,1,2,1,1,No,No,No,Complete,Needs location detail review,Local History & Local Places; Oral Histories,Black People - Race Identity; U.S. History,20th Century; 21st Century,PWI (Graduate),Faculty; Library Professionals,Data Not Available,Other/Unknown
bdph_0542,African-American Passages: Black Lives in the 19th Century,https://www.loc.gov/podcasts/african-american-passages/,"This podcast, hosted by Kluge Center Distinguished Visiting Scholar Adam Rothman, explores the lives of three African Americans whose passages through the 19th-century are uniquely documented in the Library's manuscripts.",2019,2019,2019,2019,Last update before 2020,2010s,Digital,United States,"101 Independence Ave SE, Washington, DC 20540",Washington,DC,USA,38.8881592,-77.0052109,5,Yes,6-10,2,2,1,1,1,1,1,No,No,No,Complete,Location detail present,Digital Publishing & Digital Editions; Oral Histories,Black Activism/Advocacy; Black Literature,20th Century,Public Library,Faculty,Data Not Available,Other/Unknown
bdph_0543,AfroRithms Future Group,https://www.afrorithms.com/,"Afrorithms Future Groups use collaboration, education, and play to overcome obstacles and drive transformative action for social justice-related issues in any organization.",2022,2022,2024,2024,Updated 2023-2024,2020s,Digital,United States,"Oakland, CA",Oakland,N/A,N/A,37.8043514,-122.2711639,1,No,Unspecified,2,3,1,2,1,1,5,No,No,No,Complete,Needs location detail review,Digital Publishing & Digital Editions; Events/Programming,Black Literature; Black Music; Black Visual and Performance Art,21st Century,Community Group; Inter-Institution Partnership,Other/Unknown,Data Not Available,Grants/Awards (Institutional/Internal); Grants/Awards (International); Grants/Awards (Private: Corporate/Individual Sponsors); Grants/Awards (Private: Foundations/Charities); Merchandise/Sales
bdph_0544,Arts Unplugged: Cornell Celebrates Toni Morrison,https://as.cornell.edu/news/cornell-continues-morrison-celebration-colloquium-reading-film,"This special event is part of the College of Arts & Sciences’ Arts Unplugged series and a yearlong celebration of a literary icon whose first book, “The Bluest Eye, ” recently marked its 50th anniversary.",2020,2020,2024,2024,Updated 2023-2024,2020s,Digital,United States,"KG17 Klarman Hall Ithaca, NY 14853 United states",N/A,NY,USA,42.4490993,-76.4834666,1,No,6-10,1,2,1,1,2,1,1,No,No,No,Complete,Needs location detail review,Digital Publishing & Digital Editions,Black Literature; Black Women/Feminism,20th Century,PWI (Graduate),Faculty; Other/Unknown,Data Not Available,Other/Unknown
bdph_0545,Association for Cultural Equity,http://culturalequity.org/,The Association for Cultural Equity (ACE) was founded by Alan Lomax to explore and sustain the world's expressive traditions with humanistic commitment and scientific engagement.,1983,1983,2024,2024,Updated 2023-2024,1980s,Digital,United States,"425 E 25th St, New York, NY 10010",N/A,NY,USA,40.7383725,-73.9766668,1,No,11-25,3,3,2,1,3,1,4,No,No,No,Complete,Needs location detail review,Digital Collections/Databases/Archives; Digital Publishing & Digital Editions; Educational Resources,Black People - Race Identity; Black Studies; Politics and Government,20th Century; 21st Century,Minority Serving Institution (Graduate),Community Members; Digital/Design Professionals; Museum Professionals,Data Not Available,Grants/Awards (Institutional/Internal); Grants/Awards (Private: Foundations/Charities); Merchandise/Sales; Small Donations
bdph_0546,Behind the Big House,https://behindthebighouse.org/,Behind the Big House is one of few historic site tours developed with the specific goal of interpreting slavery.,2012,2012,2024,2024,Updated 2023-2024,2010s,Digital,United States,"Holly Springs, Mississippi",Holly Springs,N/A,N/A,34.76759670000001,-89.44868939999999,1,No,Unspecified,1,3,3,1,1,1,1,No,No,No,Complete,Needs location detail review,Educational Resources,Historical Landmarks/Monuments; Transatlantic Slave Trade/Slavery; U.S. History,17th Century; 18th Century; 19th Century,Community Group,Faculty,Data Not Available,Grants/Awards (Private: Foundations/Charities)
bdph_0547,Black Clemson: From Enslavement to Desegregation,https://www.whiting.org/content/rhondda-thomas,"Black Clemson draws on the archive to tell the stories of enslaved people, sharecroppers, convicted laborers, wage workers, cooperative extension agents, musicians, and Clemson students, faculty, administrators, and staff in Clemson University history.",2018,2018,2019,2019,Last update before 2020,2010s,Mixed,United States,"105 Sikes Hall, Clemson, SC 29634",N/A,SC,USA,34.679339,-82.83513599999999,1,No,6-10,2,2,5,1,5,1,2,Yes,No,Yes,Complete,Needs location detail review,Digital Collections/Databases/Archives; Local History & Local Places,Black People - Race Identity; U.S. History,17th Century; 18th Century; 19th Century; 20th Century; 21st Century,Independent Scholar/Individual Research,Community Members; Digital/Design Professionals; Faculty; Graduate Students; Undergraduate Students,BIPOC Run,Grants/Awards (Private: Foundations/Charities); Small Donations
bdph_0548,Black Studies Collaboratory,https://blackstudiescollab.berkeley.edu/,"The Black Studies Collaboratory aims to bring together artists, activists and scholars to amplify the interdisciplinary, political and world-building work of Black Studies.",2021,2021,2024,2024,Updated 2023-2024,2020s,Mixed,United States,"University of California, Berkeley 660 Social Sciences Building Berkeley, CA 94720",N/A,CA,USA,37.8700546,-122.25799,1,No,6-10,4,4,8,1,3,2,1,Yes,Yes,Yes,Complete,Needs location detail review,Digital Publishing & Digital Editions; Educational Resources; Events/Programming; Resource Hub,African Diaspora/Migration; Black Activism/Advocacy; Black Studies; Black Visual and Performance Art,14th Century and Earlier; 15th Century; 16th Century; 17th Century; 18th Century; 19th Century; 20th Century; 21st Century,PWI (Graduate),Faculty; Graduate Students; Undergraduate Students,BIPOC Run; Women Run,Grants/Awards (Private: Foundations/Charities)
bdph_0549,"Black, Brown, and Green Voices",https://as.nyu.edu/research-centers/irelandhouse/academic-initiatives/black--brown-and-green-voices.html,"Black, Brown and Green Voices represent a targeted documentation strategy of the Archives of Irish America by giving voice to the diversity of the Irish diaspora by recording life histories with Black and Brown Irish Americans.",2020,2020,2020,2020,Updated 2020-2022,2020s,Digital,United States,"1 Washington Mews, New York, NY 10003",N/A,NY,USA,40.7317275,-73.99650299999999,1,No,1-5,1,3,2,1,1,1,1,No,No,No,Complete,Needs location detail review,Digital Publishing & Digital Editions,African Diaspora/Migration; Black Studies; U.S. History,20th Century; 21st Century,PWI (Graduate),Faculty,Data Not Available,Grants/Awards (Public/Federal)
bdph_0550,Bunk,https://www.bunkhistory.org/,"Bunk is a shared home for the web's most interesting thinking about American history. Each day, our staff combs the internet for interesting articles, maps, videos, conversations, visualizations, and podcasts about the American past.",2016,2016,2024,2024,Updated 2023-2024,2010s,Digital,United States,"410 Westhampton Way, Richmond, VA 23173",N/A,VA,USA,37.5751669,-77.5407146,2,Yes,26-50,2,3,4,1,3,1,1,No,No,No,Complete,Needs location detail review,Digital Collections/Databases/Archives; Digital Publishing & Digital Editions,African History; Caribbean History; U.S. History,18th Century; 19th Century; 20th Century; 21st Century,PWI (Undergraduate),Faculty; Graduate Students; Undergraduate Students,Data Not Available,Small Donations
bdph_0551,Center for the Liberal Arts at the University of Virginia,https://cla.virginia.edu/,"The Center for the Liberal Arts brings together professors from English, History, Classics, Politics, the foreign languages, Math, and the sciences, in order to create and offer programs for K-12 teachers and to establish a new ongoing relationship between the university and the schools.",1984,1984,2024,2024,Updated 2023-2024,1980s,Digital,United States,"102 Cresap PO Box 400762 Charlottesville, VA 22902",N/A,VA,USA,38.0402554,-78.5081562,1,No,11-25,2,1,1,1,1,1,1,No,No,No,Complete,Needs location detail review,Educational Resources; Resource Hub,Black Education/Black Students,21st Century,PWI (Graduate),Faculty,Data Not Available,Grants/Awards (Public/Federal)
bdph_0552,Chicago 1919,https://chicago1919.org/,"Chicago’s 1919 race riots barely registered in the city’s current consciousness, yet they proved a significant turning point in shaping the racial divides we see today. In 2019, the Newberry Library and 13 partners organized Chicago 1919: Confronting the Race Riots, a year-long initiative engaging in public conversations about the legacy of the most violent week in Chicago history.",2019,2019,2020,2020,Updated 2020-2022,2010s,Digital,United States,"Chicago, IL",Chicago,N/A,N/A,41.8781136,-87.6297982,2,Yes,11-25,3,2,1,1,2,1,3,No,No,No,Complete,Needs location detail review,Digital Publishing & Digital Editions; Educational Resources; Exhibits & Digital Storytelling,Lynching/Race Riots/Police Brutality; U.S. History,20th Century,Inter-Institution Partnership,Community Members; Faculty,Data Not Available,Grants/Awards (Private: Corporate/Individual Sponsors); Grants/Awards (Professional Organizations); Grants/Awards (Public/Federal)
bdph_0553,Coming to the Heartland,https://humanitiesforall.org/projects/coming-to-the-heartland,"“Coming to the Heartland: Intergenerational Stories of Latin American and African Migration to Kansas"" is an engaged research and community programming initiative that uses the power of stories to connect immigrant communities in Kansas, including Wichita, Topeka, Kansas City, Garden City, and Dodge City.",2021,2021,2021,2021,Updated 2020-2022,2020s,Digital,United States,"Bailey Hall 207, 1440 Jayhawk Boulevard, Lawrence, KS 66045",N/A,KS,USA,38.9577289,-95.246344,1,No,1-5,2,2,3,1,3,1,1,No,No,No,Complete,Needs location detail review,Digital Publishing & Digital Editions; Oral Histories,African Diaspora/Migration; U.S. History,19th Century; 20th Century; 21st Century,PWI (Graduate),Faculty; Graduate Students; Undergraduate Students,Data Not Available,Grants/Awards (Public/Federal)
bdph_0554,Commemorative Landscapes of North Carolina,https://docsouth.unc.edu/commland/,"""Commemorative Landscapes of North Carolina"" offers an inventory of the state’s monuments, shrines, and commemorative public art. Contemporary residents move through a landscape that is graced with hundreds and hundreds of historical memorials, often without being aware of how the memorials came into being.",2010,2010,2024,2024,Updated 2023-2024,2010s,Digital,United States,"208 Raleigh Street CB #3916 Chapel Hill, NC 27515-8890",N/A,NC,USA,35.9109845,-79.0479216,4,Yes,51+,2,2,3,1,4,1,1,No,No,No,Complete,Needs location detail review,Data Mining/Mapping/Visualization; Digital Collections/Databases/Archives,Historical Landmarks/Monuments; U.S. History,19th Century; 20th Century; 21st Century,University Library,Faculty; Graduate Students; Library Professionals; Undergraduate Students,Data Not Available,Other/Unknown
bdph_0555,Community Historical Archaeology Project with Schools,https://www.utrgv.edu/chaps/,"The Community Historical Archaeology Project with Schools (CHAPS) Program is a consortium of UTRGV faculty, lecturers, and staff who work locally and have embraced the teacher/scholar model in academe wherein scholarly enquiry is intertwined with K-17 education and community engagement.",2009,2009,2022,2022,Updated 2020-2022,2000s,Digital,United States,"1201 W University Dr, Edinburg, TX 78539",N/A,TX,USA,26.305344,-98.17406369999999,2,Yes,11-25,3,1,2,1,1,1,2,No,No,No,Complete,Needs location detail review,Digital Publishing & Digital Editions; Educational Resources; Events/Programming,U.S. History,14th Century and Earlier; 19th Century,Minority Serving Institution (Undergraduate),Faculty,Data Not Available,Grants/Awards (Private: Foundations/Charities); Grants/Awards (Public/Federal)
bdph_0556,Cotton Pickers of American Monument and Sharecroppers Interpretive Center,https://cottonpickers.us/,"This Monumental project presents an opportunity to not only give dignity to those who made cotton “king,” but also to say “thank you” to those who with their sweat equity investments established Wall Street and made cotton production the number one industry in America.",2009,2009,2019,2019,Last update before 2020,2000s,Digital,United States,"POB 64 Indianola, MS 38751",N/A,MS,USA,33.4590347,-90.658333,1,No,51+,3,2,5,1,3,1,1,No,No,No,Complete,Needs location detail review,Digital Publishing & Digital Editions; Educational Resources; Events/Programming,Transatlantic Slave Trade/Slavery; U.S. History,17th Century; 18th Century; 19th Century; 20th Century; 21st Century,Community Group,Faculty; Library Professionals; Other/Unknown,Data Not Available,Small Donations
bdph_0557,CovidBlack,https://www.covidblack.org/,"COVID Black works at the intersection of health data, information, the humanities, race and social justice. We redefine statistics and information into living data and stories about Black Health.",2020,2020,2023,2023,Updated 2023-2024,2020s,Digital,United States,"Brown University, RI",Brown University,N/A,N/A,41.8267718,-71.4025482,5,Yes,11-25,2,2,1,1,1,1,1,No,No,No,Complete,Needs location detail review,Data Mining/Mapping/Visualization; Resource Hub,Black Education/Black Students; Race Relations/Racial Inequality/Racism,21st Century,Inter-Institution Partnership,Faculty,Data Not Available,Other/Unknown
bdph_0558,Crafting Freedom,https://craftingfreedom.net/ http://craftingfreedom.org/,"Nine African Americans, called ""freedom crafters,"" are the focus of the site. Their dramatic stories of courage and ingenuity bring to life critical themes such as: resistance to slavery, black entrepreneurship, and African-American creativity in the face of oppression. CFI also provides live programs and webinars on these figures with a special focus on Thomas Day, 19th century free black cabinetmaker. Small stipends are sometimes offered for African American history programs or research.",1995,1995,2024,2024,Updated 2023-2024,1990s,Mixed,United States,"P.O. Box 13144 Research Triangle Park, NC 27709",N/A,NC,USA,35.8991678,-78.86364019999999,1,No,1-5,3,4,2,1,3,1,4,Yes,No,Yes,Complete,Needs location detail review,Digital Publishing & Digital Editions; Educational Resources; Events/Programming,Arts/Crafts/Design; Black Literature; Black Visual and Performance Art; U.S. History,19th Century; 20th Century,Non-profit/NGO,Digital/Design Professionals; Faculty; Library Professionals,BIPOC Run,Grants/Awards (Institutional/Internal); Grants/Awards (Private: Foundations/Charities); Grants/Awards (Public/Federal); Small Donations
bdph_0559,The Lynching Project,https://sites.uw.edu/lynching/,This website is an information resource for people interested in the history of racial violence in the American South.,1985,1985,2024,2024,Updated 2023-2024,1980s,Digital,United States,"1410 NE Campus Parkway, Seattle, WA 98195",1410,NE,USA,47.6565767,-122.3127173,1,No,Unspecified,1,3,3,1,1,1,1,No,No,No,Complete,Location detail present,Digital Collections/Databases/Archives,Lynching/Race Riots/Police Brutality; Race Relations/Racial Inequality/Racism; U.S. History,18th Century; 19th Century; 20th Century,PWI (Graduate),Other/Unknown,Data Not Available,Other/Unknown
bdph_0560,Cultural Heritage Through Image,https://culturalheritagethroughimage.omeka.net/,"The focus of this project is to connect through photography the ancient to medieval cultural heritage stories from other countries to the cultural heritage stories of local communities, particularly centered on New England and Fitchburg, MA. Cultural heritage is the manifestation of common human experiences, and, by drawing these parallels, we can emphasize those connections and the shared need for preservation and the study of the past.",2015,2015,2021,2021,Updated 2020-2022,2010s,Digital,United States,"160 Pearl St, Fitchburg, MA 01420",N/A,MA,USA,42.5886602,-71.7906517,1,No,51+,1,3,4,1,4,1,3,No,No,No,Complete,Needs location detail review,Digital Collections/Databases/Archives,Black Lives Matter Movement; Black People - Race Identity; U.S. History,18th Century; 19th Century; 20th Century; 21st Century,PWI (Undergraduate),Faculty; Graduate Students; Other/Unknown; Undergraduate Students,Data Not Available,Grants/Awards (Institutional/Internal); Grants/Awards (Private: Foundations/Charities); Grants/Awards (Public: State or Local)
bdph_0561,Culture and Community at the Penn Center National Historic Landmark District,https://willson.uga.edu/willson-center-receives-1-million-mellon-foundation-grant-to-partner-with-penn-center/,"Penn Center is situated within the Gullah Geechee Cultural Heritage Corridor, a National Heritage Area established by the U.S. Congress to recognize the unique culture of the Gullah Geechee people — descendants of formerly enslaved West and Central Africans who have traditionally resided in the coastal areas of North Carolina, South Carolina, Georgia and Florida.",2021,2021,2024,2024,Updated 2023-2024,2020s,Digital,United States,"1260 S. Lumpkin St., Athens, GA 30602",N/A,GA,USA,33.9443054,-83.3811272,1,No,Unspecified,2,2,1,1,1,1,1,No,No,No,Complete,Needs location detail review,Digital Publishing & Digital Editions; Educational Resources,Black Activism/Advocacy; U.S. History,21st Century,PWI (Graduate),Faculty,Data Not Available,Grants/Awards (Private: Foundations/Charities)
bdph_0562,Delta Center for Culture and Learning,https://deltacenterdsu.com/,"The mission of The Delta Center is to promote greater understanding of Mississippi Delta culture and history and its significance to the world through education, partnerships, and community engagement.",2000,2000,2020,2020,Updated 2020-2022,2000s,Digital,United States,"Cleveland, MS 38732",N/A,MS,USA,33.7440023,-90.7248187,1,No,1-5,2,3,1,1,1,1,1,No,No,No,Complete,Needs location detail review,Digital Publishing & Digital Editions; Educational Resources,Black Literature; Black Music; Black Visual and Performance Art,20th Century,PWI (Undergraduate),Faculty,Data Not Available,Grants/Awards (Public/Federal)
bdph_0563,Delta Jewels Oral History Partnership,https://humanitiesforall.org/projects/delta-jewels-oral-history-partnership,"This award-winning project created public programming rooted in the Mississippi Delta National Heritage Area around the publication of Steele’s 2015 book of photography and oral history, Delta Jewels: In Search of My Grandmother’s Wisdom.",2015,2015,2016,2016,Last update before 2020,2010s,Digital,United States,"1003 West Sunflower Road, Cleveland, MS 38733",N/A,MS,USA,33.7467181,-90.7346791,2,Yes,26-50,2,2,2,1,3,1,1,No,No,No,Complete,Needs location detail review,Digital Collections/Databases/Archives; Oral Histories,Black Literature; Black Women/Feminism,20th Century; 21st Century,Inter-Institution Partnership,Community Members; Faculty; Library Professionals,Data Not Available,Grants/Awards (Public: State or Local)
bdph_0564,Desegregating Hampton: Hampton University Students’ Woolworth’s Sit In,https://humanitiesforall.org/projects/oral-history-of-hampton-va-woolworth-s-sit-in,"In Hampton, Virginia, faculty, students, and community members are collaborating to recover and commemorate the history of the state’s first lunch-counter sit-in demonstration.",2016,2016,2016,2016,Last update before 2020,2010s,Digital,United States,"Martin Luther King Jr Hall, Hampton, VA 23669",N/A,VA,USA,37.02212240000001,-76.33329119999999,1,No,Unspecified,2,2,1,1,3,1,1,No,No,No,Complete,Needs location detail review,Local History & Local Places; Oral Histories,Civil Rights Movement/Black Power; U.S. History,20th Century,HBCU (Graduate),Community Members; Graduate Students; Undergraduate Students,Data Not Available,Grants/Awards (Public: State or Local)
bdph_0565,Digital Community Engagement: Partnering Communities with the Academy,https://ucincinnatipress.uc.edu/9781947602519/digital-community-engagement/,"Digital Community Engagement ""lifts the hood"" and presents nine examples of digital collaborations from constructing a public response to police violence, to creating digital stories of homelessness, to young activists united around local people in the Deep South to build a grassroots movement for social change.",2020,2020,2020,2020,Updated 2020-2022,2020s,Physical,United States,"University of Cincinnati, CN",University of Cincinnati,N/A,N/A,39.1329219,-84.51495039999999,1,No,1-5,1,2,1,1,2,1,1,No,No,No,Complete,Needs location detail review,Educational Resources,Black Education/Black Students; Digital Humanities,21st Century,Independent Scholar/Individual Research,Faculty; Library Professionals,Data Not Available,Merchandise/Sales
bdph_0567,Discovering Our Past: College of Charleston Histories,https://discovering.cofc.edu/,"Discovering our Past is a free app and website that puts the history of the College of Charleston and Charleston at your fingertips. Explore the sites and thematic, self-guided tours to learn more about the individuals, buildings, and events that shaped the College and the Charleston community.",2020,2020,2024,2024,Updated 2023-2024,2020s,Digital,United States,"66 George St, Charleston, SC 29424",N/A,SC,USA,32.7833782,-79.9370429,3,Yes,Unspecified,2,3,4,1,1,1,1,No,No,No,Complete,Needs location detail review,Data Mining/Mapping/Visualization; Local History & Local Places,Black Activism/Advocacy; Historical Landmarks/Monuments; U.S. History,18th Century; 19th Century; 20th Century; 21st Century,PWI (Undergraduate),Faculty,Data Not Available,Other/Unknown
bdph_0568,Documenting Milledgeville's African American History,https://libguides.gcsu.edu/commonheritage,This project will expand the community’s cultural heritage by digitizing materials documenting the area’s African American history. The opportunity to highlight the community’s lived experience capitalizes upon existing community-led/involved efforts on this topic.,2021,2021,2021,2021,Updated 2020-2022,2020s,Physical,United States,"Milledgeville, GA 31061",N/A,GA,USA,33.0801429,-83.2320991,1,No,1-5,1,2,1,1,1,1,1,No,No,No,Complete,Needs location detail review,Events/Programming,Black People - Race Identity; U.S. History,21st Century,University Library,Faculty,Data Not Available,Grants/Awards (Public/Federal)
bdph_0569,ColLAB: KU Research Collaborative,https://kasc.ku.edu/collab-ku-research-collaborative,ColLAB is a humanities-based “lab” comprised of Africanist faculty and Kiswahili students. Our lab offers a new model for research that emphasizes an interdisciplinary team approach to the study of pressing global social problems.,2019,2019,2019,2019,Last update before 2020,2010s,Digital,United States,"900 Sunnyside Ave, Lawrence, KS 66044",N/A,KS,USA,38.9556086,-95.2457287,1,No,Unspecified,2,2,1,1,1,1,1,No,No,No,Complete,Needs location detail review,Digital Publishing & Digital Editions; Resource Hub,Black Education/Black Students; Black People and Technology,21st Century,PWI (Graduate),Other/Unknown,Data Not Available,Grants/Awards (Institutional/Internal)
bdph_0570,Editing the Eartha M.M. White Collection,https://unfdhi.org/earthawhite/,"Editing the Eartha M.M. White Collection publishes materials from the life and work of White, a central figure in the twentieth-century history of Jacksonville, Florida.",42522,2016,45809,2025,Updated 2025-2026,2010s,Digital,United States,"Jacksonville, Florida",Jacksonville,N/A,N/A,30.27190169999999,-81.50925339999999,1,No,51+,2,11,2,1,5,1,1,No,No,Yes,Complete,Needs location detail review,Digital Collections/Databases/Archives; Digital Publishing & Digital Editions,Black Activism/Advocacy; Black Communities/Urban Renewal; Black Religions; Black Women/Feminism; Civil Rights Movement/Black Power; Digital Humanities; Historical Figure; Lynching/Race Riots/Police Brutality; Politics and Government; Race Relations/Racial Inequality/Racism; U.S. History,19th Century; 20th Century,University (Other),Community Members; Faculty; Graduate Students; Library Professionals; Undergraduate Students,Not Minority Run,In-Kind Support
bdph_0571,Enslaved Persons Project,https://www.wake.gov/departments-government/register-deeds/wake-county-enslaved-persons-project,"The Enslaved Persons Project, made possible by the Wake County Register of Deeds and its many volunteers and partners uncover the once hidden information and stories of formerly enslaved people from hundreds of pages of Wake County deed books.",2021,2021,2024,2024,Updated 2023-2024,2020s,Digital,United States,"Wake County, NC",Wake County,N/A,N/A,35.8031909,-78.5660852,1,No,Unspecified,1,2,3,1,1,1,1,No,No,No,Complete,Needs location detail review,Digital Collections/Databases/Archives,Transatlantic Slave Trade/Slavery; U.S. History,18th Century; 19th Century; 20th Century,Inter-Institution Partnership,Faculty,Data Not Available,Other/Unknown
bdph_0572,Finding H.D.,https://www.bapl.org/finding-hd/,"FINDING H.D. was a 12-month long community exploration of the life and work of H.D., culminating in the premiere of a new play by Mock Turtle Marionette Theatre October 5-8, 2019 at Touchstone Theatre.",2017,2017,2020,2020,Updated 2020-2022,2010s,Digital,United States,"11 West Church Street, Bethlehem, PA 18018",N/A,PA,USA,40.6187406,-75.3792321,1,No,Unspecified,1,2,1,1,1,1,1,No,No,No,Complete,Needs location detail review,Events/Programming,Black Literature; Black Women/Feminism,20th Century,Public Library,Other/Unknown,Data Not Available,Other/Unknown
bdph_0573,Flint Neighborhood Oral History Project,https://engaged.umich.edu/news-features/community-collaboration-and-the-jordan-brand-kickstart-flint-neighborhood-oral-history-project/,The collaborative effort in the Flint Neighborhood Oral History Project showcases the history of Flint residents using audio and video storytelling.,2021,2021,2021,2021,Updated 2020-2022,2020s,Digital,United States,"500 South Saginaw Street, Suite 200, Flint, Michigan 48502",FLINT,MI,USA,43.0155889,-83.69098389999999,1,No,Unspecified,2,3,1,1,1,1,1,No,No,No,Complete,Location detail present,Digital Collections/Databases/Archives; Oral Histories,Black Communities/Urban Renewal; Politics and Government; U.S. History,21st Century,Non-profit/NGO,Faculty,Data Not Available,Grants/Awards (Private: Foundations/Charities)
bdph_0574,Freedmen's Town Storytelling Project,https://www.bcworkshop.org/posts/buildingcommunityworkshop-launches-freedmens-town-storytelling-project,"As a community design center with expertise in translating technical information into an accessible graphic format, [bc] will create manuals that will aid additional urban North Texas Freedmen’s Towns in the task of historic storytelling.",2018,2018,2018,2018,Last update before 2020,2010s,Digital,United States,"1414 Belleview St., Suite 150, Dallas TX 75215",Dallas,TX,USA,32.770869,-96.7919178,1,No,1-5,2,1,3,1,1,1,1,No,No,No,Complete,Location detail present,Educational Resources; Oral Histories,Black Communities/Urban Renewal,19th Century; 20th Century; 21st Century,Minority Serving Institution (Undergraduate),Faculty,Data Not Available,Grants/Awards (Public/Federal)
bdph_0575,Freedom & Captivity,https://www.freedom-captivity.org/,"Freedom & Captivity is a collaborative, grassroots initiative to envision and promote restorative responses to harm, investments in community well-being, and safe, supported pathways to decarceration.",2021,2021,2024,2024,Updated 2023-2024,2020s,Digital,United States,"Maine, US",Maine,N/A,N/A,45.253783,-69.4454689,1,No,11-25,1,2,1,1,2,1,1,No,No,No,Complete,Needs location detail review,Digital Publishing & Digital Editions,Black Activism/Advocacy; Black Lives Matter Movement,21st Century,Community Group,Faculty; Graduate Students,Data Not Available,Other/Unknown
bdph_0576,"From Harlem to Hip-hop: African-American History, Literature, and Song",https://faculty.fairfield.edu/NEHhiphop/,"Through course lectures, readings, seminar discussions, and trips to important artistic, literary, and cultural sites in New York City, our Institute will create a deeply engaging study of the historical and cultural contexts that shaped and continue to impact societal and racial dynamics.",2017,2017,2017,2017,Last update before 2020,2010s,Digital,United States,"1073 North Benson Road, Fairfield, CT 06824",N/A,CT,USA,41.159102,-73.2557916,1,No,1-5,1,2,2,1,1,1,1,No,No,No,Complete,Needs location detail review,Events/Programming,Black Music; U.S. History,20th Century; 21st Century,PWI (Graduate),Faculty,Data Not Available,Grants/Awards (Public/Federal)
bdph_0577,Georgia Open History Library,https://ugapress.org/series/georgia-open-history-library/,"The Georgia Open History Library (GOHL) includes open-access digital editions of single-authored scholarly titles and two multivolume series, comprising almost fifty individual volumes in history and primary documents.",2021,2021,2024,2024,Updated 2023-2024,2020s,Digital,United States,"320 South Jackson Street Athens, GA 30602",N/A,GA,USA,33.9540521,-83.37378930000001,2,Yes,11-25,2,1,4,1,2,1,1,No,No,No,Complete,Needs location detail review,Digital Collections/Databases/Archives; Digital Publishing & Digital Editions,U.S. History,17th Century; 18th Century; 19th Century; 20th Century,University Library,Faculty; Library Professionals,Data Not Available,Grants/Awards (Public/Federal)
bdph_0578,"Go Blue: Competition, Controversy, and Community in Michigan Athletics",https://michiganintheworld.history.lsa.umich.edu/michiganathletics/,"The researchers of this year’s Michigan in the World project have taken a critical look at the history of sports at U-M. Along the way, we have attempted to address questions such as how athletics have contributed to what we now call diversity, equity, and inclusion, why athletic priorities have shaped the allocation of resources within the University, and how sports have contributed to a sense of community that extends well beyond the Michigan campus to include alumni and residents of the state who may never have set foot in Ann Arbor.",2017,2017,2017,2017,Last update before 2020,2010s,Digital,United States,"500 S State St, Ann Arbor, MI 48109",N/A,MI,USA,42.27648689999999,-83.74143889999999,4,Yes,6-10,1,2,3,1,1,1,1,No,No,No,Complete,Needs location detail review,Digital Publishing & Digital Editions,Black Education/Black Students; U.S. History,19th Century; 20th Century; 21st Century,PWI (Undergraduate),Undergraduate Students,Data Not Available,Other/Unknown
bdph_0579,Hard Histories at Hopkins,https://hardhistory.jhu.edu/about/,"Blending research, teaching, public engagement, and the creative arts, Hard Histories aims to engage our broadest communities—at Johns Hopkins and in Baltimore—in a frank and informed exploration of how racism has been produced and permitted to persist as part of our structure and our practice.",2020,2020,2024,2024,Updated 2023-2024,2020s,Digital,United States,"3100 Wyman Park Drive, Baltimore, MD, 21211",N/A,MD,USA,39.3251139,-76.6229055,1,No,1-5,3,2,4,1,3,2,1,Yes,Yes,Yes,Complete,Needs location detail review,Digital Publishing & Digital Editions; Educational Resources; Events/Programming,Race Relations/Racial Inequality/Racism; U.S. History,18th Century; 19th Century; 20th Century; 21st Century,PWI (Graduate),Fellows and/or Postdocs; Graduate Students; Undergraduate Students,BIPOC Run; Women Run,Grants/Awards (Institutional/Internal)
bdph_0580,"Hear, Here",https://www.hearherelacrosse.org/,"Hear, Here shares the diverse stories and voices of downtown La Crosse. We seek out the stories of business people, tourists, and those that call downtown home.",2015,2015,2024,2024,Updated 2023-2024,2010s,Digital,United States,"La Crosse, Wisconsin",La Crosse,N/A,N/A,43.8137751,-91.25190169999999,1,No,51+,2,2,1,1,4,1,3,No,No,No,Complete,Needs location detail review,Digital Publishing & Digital Editions; Oral Histories,Black Communities/Urban Renewal; U.S. History,21st Century,PWI (Undergraduate),Digital/Design Professionals; Faculty; Library Professionals; Undergraduate Students,Data Not Available,Grants/Awards (Institutional/Internal); Grants/Awards (Private: Corporate/Individual Sponsors); Grants/Awards (Public: State or Local)
bdph_0581,Hidden Seed: Bethlehem's Forgotten Utopia,https://wordpress.lehigh.edu/southsideinitiative/hidden-seed/,"Hidden Seed: Bethlehem’s Forgotten Utopia is a play about the African, Native American and European women who participated in founding the city of Bethlehem in the 1740s and 1750s. The play was professionally produced as part of Touchstone Theatre’s Festival UnBound in October 2019 and was broadcast on PBS in November 2020.",2019,2019,2020,2020,Updated 2020-2022,2010s,Digital,United States,"Bethlehem, PA",Bethlehem,N/A,N/A,40.6259316,-75.37045789999999,1,No,11-25,1,2,1,1,1,1,4,No,No,No,Complete,Needs location detail review,Art and Performance,Black Literature; U.S. History,18th Century,Community Group,Community Members,Data Not Available,Grants/Awards (Institutional/Internal); Grants/Awards (Private: Corporate/Individual Sponsors); Grants/Awards (Private: Foundations/Charities); Grants/Awards (Public: State or Local)
bdph_0583,Humanities for Everybody,https://wmich.edu/humanitiesforeverybody,"Humanities for Everybody—or H4E as we call it—is a non-profit community program to bring together passionate and intellectually curious people from all backgrounds and all school experiences to collectively wrestle with relevant ideas and issues in literature, history, philosophy and contemporary culture.",2022,2022,2024,2024,Updated 2023-2024,2020s,Digital,United States,"1903 W Michigan Ave, Kalamazoo MI 49008–5490 USA",Kalamazoo,MI,USA,42.2851438,-85.61219860000001,1,No,1-5,2,1,1,1,2,1,1,No,No,No,Complete,Location detail present,Educational Resources; Events/Programming,Black Education/Black Students,21st Century,Non-profit/NGO,Community Members; Faculty,Data Not Available,Small Donations
bdph_0584,Humanities Seminars Program,https://hsp.arizona.edu/,The Humanities Seminars Program offers the community a wide range of classes from astronomy to archeology and from Shakespeare to film noir. The Seminars have been one of the university’s most successful self-supporting functions.,1984,1984,2024,2024,Updated 2023-2024,1980s,Mixed,United States,"1508 E. Helen Street Tucson, AZ 85721-0150",N/A,AZ,USA,32.2369968,-110.9493472,1,No,1-5,2,1,1,1,1,1,1,No,No,No,Complete,Needs location detail review,Educational Resources; Events/Programming,Black Education/Black Students,21st Century,Minority Serving Institution (Graduate),Community Members,Data Not Available,Small Donations
bdph_0585,In Her Own Right,http://inherownright.org/,"In Her Own Right is a project about the women’s initiatives to expand their rights and opportunities with regard to political participation, education, work, property-holding, and cultural activities of the Greater Philadelphia area.",2016,2016,2021,2021,Updated 2020-2022,2010s,Digital,United States,"Doylestown, PA",Doylestown,N/A,N/A,40.3101063,-75.1298939,1,No,26-50,2,2,1,2,2,1,3,No,No,No,Complete,Needs location detail review,Digital Collections/Databases/Archives; Educational Resources,Black Activism/Advocacy; Black Women/Feminism,20th Century,Inter-Institution Partnership; Public Library,Library Professionals; Museum Professionals,Data Not Available,Grants/Awards (Private: Foundations/Charities); Grants/Awards (Public/Federal); Grants/Awards (Public: State or Local)
bdph_0586,Lakeland Community Heritage Project Digital Archive,https://lakelandchp.com/,"Lakeland Community Heritage Project’s mission is to collect, preserve, interpret, and honor the heritage and history of those African Americans who created, lived in, and/or had association with the Lakeland community of Prince George’s County, Maryland from the late 19th century to the present.",2009,2009,2024,2024,Updated 2023-2024,2000s,Digital,United States,"College Park, MD 20740",N/A,MD,USA,39.0026879,-76.9354979,1,No,Unspecified,3,1,1,1,1,1,2,No,No,No,Complete,Needs location detail review,Digital Publishing & Digital Editions; Events/Programming; Local History & Local Places,Black People - Race Identity,20th Century,HBCU (Graduate),Other/Unknown,Data Not Available,Paywall/Access fees; Small Donations
bdph_0587,Lehigh Valley Engaged Humanities Consortium Digital Archive,https://lvehc-archive.lafayette.edu/s/welcome/page/welcome,"This archive bears witness to cultural, economic, and demographic changes in the Lehigh Valley during the past half-century. The range of materials collected here include oral histories, family photographs, business documents, historic maps, ephemera, material objects, and other primary source materials that document diverse ethnic and immigrant communities, emergent economies in the de-industrial era, relationships between culture and the environment, and other topics.",2021,2021,Unspecified,,Unknown / unparsed,2020s,Digital,United States,"710 Sullivan Rd, Easton, PA 18042",N/A,PA,USA,40.6986723,-75.2098032,1,No,Unspecified,3,3,2,1,1,1,1,No,No,No,Update missing/unparsed,Needs location detail review,Digital Collections/Databases/Archives; Local History & Local Places; Oral Histories,African Diaspora/Migration; Black Communities/Urban Renewal; Black People - Race Identity,20th Century; 21st Century,University Library,Library Professionals,Data Not Available,Grants/Awards (Private: Foundations/Charities)
bdph_0588,Mapping Cville,https://mappingcville.com/,This project endeavors to utilize maps to demonstrate how the patterns and decisions of the past impact our realities and outcomes today.,2018,2018,2023,2023,Updated 2023-2024,2010s,Digital,United States,"233 4th St NW, Charlottesville, VA 22903",N/A,VA,USA,38.032225,-78.48691,1,No,1-5,2,2,2,1,1,1,1,No,No,No,Complete,Needs location detail review,Data Mining/Mapping/Visualization; Local History & Local Places,Race Relations/Racial Inequality/Racism; U.S. History,20th Century; 21st Century,Independent Scholar/Individual Research,Other/Unknown,Data Not Available,Grants/Awards (Public: State or Local)
bdph_0589,Mayerson Student Philanthropy Project,https://inside.nku.edu/civicengagement/programs/mayerson.html,"The Mayerson Student Philanthropy Project started at Northern Kentucky University in 1999 as a way to teach students more about nonprofits and philanthropy, with the belief that hands-on learning in these fields would produce NKU graduates who are more likely to remain life-long community stewards.",2020,2020,2024,2024,Updated 2023-2024,2020s,Mixed,United States,"Highland Heights, KY 41099",N/A,KY,USA,39.0350911,-84.45404839999999,1,No,Unspecified,2,1,1,1,1,1,1,No,No,No,Complete,Needs location detail review,Educational Resources; Events/Programming,Black Activism/Advocacy,21st Century,PWI (Undergraduate),Other/Unknown,Data Not Available,Grants/Awards (Private: Foundations/Charities)
bdph_0590,"Media and the Movement: Journalism, Civil Rights, and Black Power in the American South",https://mediaandthemovement.unc.edu/,"Media and the Movement: Journalism, Civil Rights, and Black Power in the American South is an oral history project that aims to understand the media and activism ecosystem of the American South during the civil rights movement of the 1960s, 1970s, and 1980s.",2012,2012,2015,2015,Last update before 2020,2010s,Digital,United States,"1420 N Charles St, Baltimore, MD 21202",N/A,MD,USA,39.3060123,-76.616613,1,No,6-10,2,5,1,1,1,1,2,No,No,No,Complete,Needs location detail review,Digital Publishing & Digital Editions; Oral Histories,Black Activism/Advocacy; Black Film; Black Literature; Black Music; Black Visual and Performance Art,20th Century,Community Group,Faculty,Data Not Available,Grants/Awards (Public/Federal); Grants/Awards (Public: State or Local)
bdph_0591,Mississippi Delta National Heritage Area,https://www.msdeltaheritage.com/,"The MDNHA is a partnership between the people of the Mississippi Delta and the National Park Service. It is one of 55 National Heritage Areas in the United States designated by Congress that tell nationally important stories, celebrating our nation's diverse heritage through community-based partnerships and local collaboration.",2009,2009,2024,2024,Updated 2023-2024,2000s,Digital,United States,"1003 W Sunflower Rd, Cleveland, MS 38733",N/A,MS,USA,33.7467181,-90.7346791,2,Yes,1-5,1,3,2,1,1,1,1,No,No,No,Complete,Needs location detail review,Digital Publishing & Digital Editions,Black Communities/Urban Renewal; Black Music; Civil Rights Movement/Black Power,20th Century; 21st Century,PWI (Undergraduate),Community Members,Data Not Available,Grants/Awards (Public/Federal)
bdph_0592,The Public History Collaborative,https://history.arizona.edu/public-history-collaborative,"The Public History Collaborative, inaugurated in July 2019, brings the public, students, staff & faculty together to produce and practice history.",2023,2023,2024,2024,Updated 2023-2024,2020s,Digital,United States,"1110 James E. Rogers Way, University of Arizona, Tucson, Arizona 85721",TUCSON,AZ,USA,32.2326216,-110.9541923,1,No,1-5,2,3,8,1,1,1,1,No,No,No,Complete,Location detail present,Digital Publishing & Digital Editions; Events/Programming,Black Music; Black Studies; U.S. History,14th Century and Earlier; 15th Century; 16th Century; 17th Century; 18th Century; 19th Century; 20th Century; 21st Century,Minority Serving Institution (Graduate),Faculty,Data Not Available,Other/Unknown
bdph_0593,Newest Americans,https://newestamericans.com/,"From the beginning, Newest Americans was designed to engage people, to meet them where they live and amplify their voices. To that end, we have hosted public humanities events, designed interactive stories, held photo camps, mounted exhibitions, and developed tours, both virtual and real. These are all opportunities to immerse in our storytelling.",2014,2014,2024,2024,Updated 2023-2024,2010s,Digital,United States,"54 Halsey Street, Room 422 Newark, NJ 07102",N/A,NJ,USA,40.7406306,-74.1710063,1,No,51+,3,2,1,1,4,1,6,No,No,No,Complete,Needs location detail review,Digital Publishing & Digital Editions; Educational Resources; Events/Programming,African Diaspora/Migration; U.S. History,21st Century,Community Group,Community Members; Digital/Design Professionals; Faculty; Graduate Students,Data Not Available,Grants/Awards (Institutional/Internal); Grants/Awards (Private: Corporate/Individual Sponsors); Grants/Awards (Private: Foundations/Charities); Grants/Awards (Professional Organizations); Grants/Awards (Public/Federal); Grants/Awards (Public: State or Local)
bdph_0594,NOLA Hiphop and Bounce Archive,https://digitallibrary.tulane.edu/islandora/object/tulane:p16313coll68,"NOLA Hiphop and Bounce Archive is a digital collection created by the Amistad Research Center focusing on hiphop and bounce music traditions in New Orleans that have been central outlets for creativity, celebration, social critique, community gathering, and political and expressive art in the city.",2012,2012,2024,2024,Updated 2023-2024,2010s,Digital,United States,"7001 Freret Street, New Orleans, Louisiana 70118",NEW ORLEANS,LA,USA,29.9399596,-90.1221501,1,No,1-5,2,1,2,1,1,1,2,No,No,No,Complete,Location detail present,Digital Collections/Databases/Archives; Local History & Local Places,Black Music,20th Century; 21st Century,PWI (Graduate),Faculty,Data Not Available,Grants/Awards (Private: Foundations/Charities); Small Donations
bdph_0595,Notes on Creating Livable Black Futures,https://humanitiesforall.org/projects/notes-on-creating-livable-black-futures,"“Notes on Creating Livable Futures,"" is a collaborative humanities project that responds to the reproductive challenges that systemically impact Black women and womb holders.",2021,2021,2022,2022,Updated 2020-2022,2020s,Digital,United States,"2800 S University Dr, Fort Worth, TX 76109",N/A,TX,USA,32.7092344,-97.3592636,1,No,1-5,1,3,1,1,3,1,1,No,No,No,Complete,Needs location detail review,Digital Publishing & Digital Editions,Black Women/Feminism; Politics and Government; Race Relations/Racial Inequality/Racism,21st Century,PWI (Undergraduate),Community Members; Faculty; Graduate Students,Data Not Available,Grants/Awards (Private: Foundations/Charities)
bdph_0596,Pandemic Teaching Initiative,https://cssh.northeastern.edu/pandemic-teaching-initiative/,The Pandemic Teaching Initiative is a library of publicly accessible educational modules that explore the impacts of the COVID-19 pandemic.,Unspecified,,Unspecified,,Unknown / unparsed,Unknown,Digital,United States,"360 Huntington Avenue, 450 Renaissance Park, Boston, MA 02115",N/A,MA,USA,42.3399738,-71.0888587,1,No,26-50,1,2,1,1,1,1,1,No,No,No,Start and update missing/unparsed,Needs location detail review,Educational Resources,Black Education/Black Students; U.S. History,21st Century,PWI (Graduate),Faculty,Data Not Available,Grants/Awards (Institutional/Internal)
bdph_0597,Parkland Digital History Project,https://parklandhistory.org/category/parkland-history-projects/,a public history initiative exploring the history of the West Louisville neighborhood and its place in the context of the city and the region.,2015,2015,2024,2024,Updated 2023-2024,2010s,Digital,United States,"Louisville, Kentucky",Louisville,N/A,N/A,38.2468618,-85.7663724,1,No,26-50,1,2,1,1,2,1,1,No,No,No,Complete,Needs location detail review,Local History & Local Places,Black Communities/Urban Renewal; U.S. History,20th Century,PWI (Graduate),Faculty; Graduate Students,Data Not Available,Other/Unknown
bdph_0598,Reclaiming the University of the People,https://uncofthepeople.com/,Reclaiming the University of the People documents and interprets the history of how Black students and workers engaged in movements for racial justice at the University of North Carolina at Chapel Hill from 1951 to 2018 challenged the University’s dominant cultural landscape of white supremacy.,2018,2018,2019,2019,Last update before 2020,2010s,Digital,United States,"Chapel Hill, NC",Chapel Hill,N/A,N/A,35.9131996,-79.0558445,1,No,1-5,2,2,2,1,1,1,1,No,No,No,Complete,Needs location detail review,Digital Collections/Databases/Archives; Local History & Local Places,Black Education/Black Students; U.S. History,20th Century; 21st Century,Independent Scholar/Individual Research,Graduate Students,Data Not Available,Other/Unknown
bdph_0599,South Side Home Movie Project,https://sshmpportal.uchicago.edu/,"The South Side Home Movie Project (SSHMP) collects, preserves, digitizes, researches and screens home movies made by residents of Chicago’s South Side neighborhoods.",2005,2005,2016,2016,Last update before 2020,2000s,Digital,United States,"5733 S. University Ave. Chicago, IL 60637",N/A,IL,USA,41.7904469,-87.5975928,1,No,1-5,2,1,2,1,2,1,3,No,No,No,Complete,Needs location detail review,Digital Collections/Databases/Archives; Local History & Local Places,Black Film,20th Century; 21st Century,Minority Serving Institution (Graduate),Community Members; Faculty,Data Not Available,Grants/Awards (Institutional/Internal); Grants/Awards (Private: Foundations/Charities); Small Donations
bdph_0600,Rio Grande Valley Civil War Trail,https://www.utrgv.edu/civilwar-trail/,"Drawing upon a broad coalition of interested parties, this community-based project has designed a virtual “tour” in the form of a map/guide/brochure and associated web page and pod casts that provide a conceptual “walk” through the history of the Civil War in South Texas.",2014,2014,2022,2022,Updated 2020-2022,2010s,Digital,United States,"1201 W University Dr, Edinburg, TX 78539",N/A,TX,USA,26.305344,-98.17406369999999,2,Yes,11-25,2,2,1,1,3,1,5,No,No,No,Complete,Needs location detail review,Data Mining/Mapping/Visualization; Local History & Local Places,Black Soldiers/American Civil War; U.S. History,19th Century,Minority Serving Institution (Undergraduate),Digital/Design Professionals; Faculty; Graduate Students,Data Not Available,Grants/Awards (Institutional/Internal); Grants/Awards (Private: Corporate/Individual Sponsors); Grants/Awards (Private: Foundations/Charities); Grants/Awards (Public: State or Local); Small Donations
bdph_0601,Rosa Parks Museum Summer Day Camp,https://www.troy.edu/student-life-resources/arts-culture/rosa-parks-museum/about/architects-of-change-summer-day-camp.html,"The Rosa Parks Museum’s annual educational summer day camp, Architects of Change, is open to all River Region middle students who will be entering grades 6-8 during to share the techniques of non-violent conflict resolution used by Mrs. Rosa Parks, Dr. Martin Luther King, Jr. and other leaders of the early Civil Rights Movement.",Unspecified,,2024,2024,Updated 2023-2024,Unknown,Physical,United States,"252 Montgomery St, Montgomery, AL 36104",N/A,AL,USA,32.3768141,-86.31117050000002,1,No,1-5,2,2,1,1,1,1,1,No,No,No,Start missing/unparsed,Needs location detail review,Events/Programming; Local History & Local Places,Civil Rights Movement/Black Power; Politics and Government,20th Century,PWI (Undergraduate),Faculty,Data Not Available,Paywall/Access fees
bdph_0602,Samuel Proctor Oral History Program,https://oral.history.ufl.edu/,"SPOHP is an award-winning, social-justice research center engaged in experiential learning initiatives all over the world. Our team of student researchers, interns, volunteers, and staff are dedicated to gathering, preserving, and promoting living histories of individuals from all walks of life.",1967,1967,2024,2024,Updated 2023-2024,1960s,Mixed,United States,"The University of Florida, Gainesville, FL 32611",N/A,FL,USA,29.6465428,-82.3533266,1,No,11-25,1,2,3,1,2,1,1,No,No,No,Complete,Needs location detail review,Oral Histories,Black People - Race Identity; U.S. History,19th Century; 20th Century; 21st Century,PWI (Undergraduate),Faculty; Graduate Students,Data Not Available,Small Donations
bdph_0603,"Slavery, History, Memory, and Reconciliation Project",https://www.jesuits.org/our-work/shmr/,"The Slavery, History, Memory, and Reconciliation Project is committed to a transformative process of truth-telling, reconciliation, and healing that, in conversation with the descendants of people held in bondage, acknowledges historical harms, seeks to repair relationships, and works within our communities to address the legacies of slavery that persist in the form of racial inequities today.",2016,2016,2020,2020,Updated 2020-2022,2010s,Digital,United States,"4511 W. Pine Blvd., St. Louis, MO 63108",N/A,MO,USA,38.6414001,-90.2586874,1,No,Unspecified,1,3,3,1,1,1,1,No,No,No,Complete,Needs location detail review,Digital Publishing & Digital Editions,Race Relations/Racial Inequality/Racism; Transatlantic Slave Trade/Slavery; U.S. History,17th Century; 18th Century; 19th Century,Non-profit/NGO,Other/Unknown,Data Not Available,Small Donations
bdph_0604,Southern Places,https://digital.mtsu.edu/digital/collection/p15838coll4,"Southern Places is a project of MTSU's Center for Historic Preservation and the James E. Walker Library. This database includes images and documents from the Center's major programs, such as the Tennessee Rural African American Church Project and the Tennessee Century Farms Program.",2010,2010,2024,2024,Updated 2023-2024,2010s,Digital,United States,"1301 East Main Street, Murfreesboro, TN 37132 USA",N/A,TN,USA,35.843477,-86.370967,1,No,Unspecified,1,2,2,1,1,1,1,No,No,No,Complete,Needs location detail review,Digital Collections/Databases/Archives,Black Communities/Urban Renewal; U.S. History,20th Century; 21st Century,PWI (Graduate),Faculty,Data Not Available,Grants/Awards (Public: State or Local)
bdph_0605,Stolen Relations: Recovering Stories of Indigenous Enslavement in the Americas,https://indigenousslavery.org/,Stolen Relations (formerly the Database of Indigenous Slavery in the Americas) is a community-centered database project that seeks to illuminate and understand the role the enslavement of Indigenous peoples played in settler colonialism over time.,2022,2022,2023,2023,Updated 2023-2024,2020s,Digital,United States,"Providence, RI 02912",N/A,RI,USA,41.8265437,-71.4013635,1,No,51+,2,2,3,1,4,1,2,No,No,No,Complete,Needs location detail review,Data Mining/Mapping/Visualization; Digital Publishing & Digital Editions,Transatlantic Slave Trade/Slavery; U.S. History,17th Century; 18th Century; 19th Century,PWI (Graduate),Community Members; Digital/Design Professionals; Faculty; Graduate Students,Data Not Available,Grants/Awards (Institutional/Internal); Grants/Awards (Public/Federal)
bdph_0606,Stories to Save Lives: Using Oral History to Improve Health and Medical Care in North Carolina,https://storiestosavelives.web.unc.edu/,"Oral history has long been used in the United States to record and document the lives and outlooks of providers, whether physicians, nurses, midwives, or dentists. In this new research agenda, SOHP will include these voices, but will also focus on the other side of care – exploring average North Carolinians’ attitudes, beliefs, and thoughts about health, illness, and medical care within their communities, in both urban and rural areas across the state.",2016,2016,2018,2018,Last update before 2020,2010s,Digital,United States,"Chapel Hill, NC 27599",N/A,NC,USA,35.905249,-79.0581498,1,No,11-25,1,3,2,1,3,1,1,No,No,No,Complete,Needs location detail review,Oral Histories,Black Education/Black Students; Race Relations/Racial Inequality/Racism; U.S. History,20th Century; 21st Century,Inter-Institution Partnership,Faculty; Graduate Students; Undergraduate Students,Data Not Available,Grants/Awards (Institutional/Internal)
bdph_0607,Struggle and Progress,https://collections.carli.illinois.edu/digital/collection/knx_strug,"This digital collection brings together photographs, documents, manuscripts, newspaper clippings and a handful of issues of an African-American newspaper from the Knox College Archives. These materials document the struggle for full citizenship and illuminate the character and culture of the African-American community in Galesburg and in Knox County.",Unspecified,,Unspecified,,Unknown / unparsed,Unknown,Digital,United States,"2 E South St, Galesburg, IL 61401",N/A,IL,USA,40.943175,-90.3711876,1,No,Unspecified,1,2,2,1,1,1,1,No,No,No,Start and update missing/unparsed,Needs location detail review,Digital Collections/Databases/Archives,Abolitionists/Emancipation/Reconstruction; Politics and Government,19th Century; 20th Century,PWI (Undergraduate),Other/Unknown,Data Not Available,Grants/Awards (Public/Federal)
bdph_0608,Study and Struggle,https://www.studyandstruggle.com/,"Study and Struggle is a collective concentrated in Mississippi that organizes towards abolition through political education, mutual aid, and community building across prison walls.",2020,2020,2024,2024,Updated 2023-2024,2020s,Digital,United States,"University, MS 38677",N/A,MS,USA,34.3662913,-89.5379826,1,No,Unspecified,2,3,1,1,1,1,1,No,No,No,Complete,Needs location detail review,Digital Publishing & Digital Editions; Events/Programming,Black Activism/Advocacy; Black Education/Black Students; Black Women/Feminism,21st Century,Community Group,Other/Unknown,Data Not Available,Merchandise/Sales
bdph_0609,Talking Black in America,https://www.talkingblackinamerica.org/,Talking Black in America follows the unique circumstances of the descendants of American slaves and their incredible impact on American life and language.,2017,2017,2024,2024,Updated 2023-2024,2010s,Digital,United States,"221 Tompkins Hall, Campus Box 8105, Raleigh, NC 27695-8105",N/A,NC,USA,35.7866445,-78.66514219999999,1,No,11-25,2,2,4,1,1,1,2,No,No,No,Complete,Needs location detail review,Art and Performance; Digital Publishing & Digital Editions,Black People - Race Identity; U.S. History,18th Century; 19th Century; 20th Century; 21st Century,Press,Community Members,Data Not Available,Grants/Awards (Public/Federal); Merchandise/Sales
bdph_0610,Teachers Institute of Philadelphia,https://theteachersinstitute.org/,"TIP enables public school teachers from around Philadelphia to enroll in semester-long seminars taught by university professors. During the seminars, teachers engage intensively with a topic that is on the cutting-edge of knowledge in the sciences, arts, humanities or social sciences, and write an original curriculum unit based on what they have learned.",2006,2006,2024,2024,Updated 2023-2024,2000s,Digital,United States,"3720 Walnut Street, Philadelphia 19104",N/A,N/A,USA,39.952905,-75.19775340000001,1,No,11-25,1,1,1,1,1,1,2,No,No,No,Complete,Needs location detail review,Educational Resources,Black Education/Black Students,21st Century,Inter-Institution Partnership,Faculty,Data Not Available,Grants/Awards (Institutional/Internal); Grants/Awards (Private: Foundations/Charities)
bdph_0611,The American Soldier in World War II,https://americansoldierww2.org/,"During World War II, the US Army administered more than 200 surveys to over half a million American troops to discover what they thought and how they felt about the conflict and their military service. The surviving collection of studies is now accessible to the public for the first time at The American Soldier in World War II.",2015,2015,2021,2021,Updated 2020-2022,2010s,Digital,United States,"Blacksburg, VA 24061",N/A,VA,USA,37.22094939999999,-80.42280099999999,1,No,51+,2,1,1,1,3,1,2,No,No,No,Complete,Needs location detail review,Digital Collections/Databases/Archives; Educational Resources,Black Soldiers/American Civil War,20th Century,Inter-Institution Partnership,Digital/Design Professionals; Faculty; Graduate Students,Data Not Available,Grants/Awards (Institutional/Internal); Grants/Awards (Public/Federal)
bdph_0612,The Anthropocene Household Project,https://anthropocenes.org/anthropocene-household,"The Anthropocene Household Project explores the Anthropocene at the local level by focusing on the household as a way to understand the lived experiences, knowledges, and practices associated with environmental change.",2020,2020,2021,2021,Updated 2020-2022,2020s,Digital,United States,"755 W. MICHIGAN ST., UL 4115T INDIANAPOLIS, IN 46202",N/A,IN,USA,39.773029,-86.1725731,1,No,Unspecified,1,2,1,1,1,1,1,No,No,No,Complete,Needs location detail review,Educational Resources,Black People - Race Identity; U.S. History,21st Century,PWI (Graduate),Other/Unknown,Data Not Available,Grants/Awards (Institutional/Internal)
bdph_0613,The Bench by the Road Project,https://www.tonimorrisonsociety.org/bench.html,The Bench by the Road Project is a memorial history and community outreach initiative of the Toni Morrison Society.,2006,2006,2024,2024,Updated 2023-2024,2000s,Physical,United States,"Sullivan's Island, SC",Sullivan's Island,N/A,N/A,32.7629024,-79.8362471,1,No,Unspecified,2,2,1,1,1,1,1,No,No,No,Complete,Needs location detail review,Art and Performance; Local History & Local Places,Black Literature; Black Women/Feminism,20th Century,Non-profit/NGO,Other/Unknown,Data Not Available,Small Donations
bdph_0614,The Commonwealth Monument Project,https://digitalharrisburg.com/commonwealth/100names/,The Commonwealth Monument Project seeks to honor living relatives of descendants of 100 influential African-American citizens who called Harrisburg their home in the late 19th and early 20th centuries.,2020,2020,2020,2020,Updated 2020-2022,2020s,Mixed,United States,"North 4th & Walnut Streets, Harrisburg, Pennsylvania",HARRISBURG,N/A,N/A,40.2627637,-76.881258,1,No,Unspecified,2,2,2,1,1,1,2,No,No,No,Complete,Needs location detail review,Exhibits & Digital Storytelling; Local History & Local Places,Black Communities/Urban Renewal; Transatlantic Slave Trade/Slavery,19th Century; 20th Century,Community Group,Other/Unknown,Data Not Available,Grants/Awards (Private: Foundations/Charities); Grants/Awards (Professional Organizations)
bdph_0615,The Cultural Ecologies Project,https://www.culturalecologies.org/,"The Cultural Ecologies Project is a public research and engagement program of the IUPUI Arts & Humanities Institute (IAHI). They work with communities to research, design, curate, and evaluate arts and humanities interventions.",2017,2017,2017,2017,Last update before 2020,2010s,Digital,United States,"755 W. Michigan St., UL 4115S, Indianapolis, IN, 46202",N/A,IN,USA,39.7729955,-86.1721257,3,Yes,6-10,2,1,1,1,1,1,1,No,No,No,Complete,Needs location detail review,Digital Publishing & Digital Editions; Educational Resources,Black Communities/Urban Renewal,21st Century,PWI (Graduate),Graduate Students,Data Not Available,Grants/Awards (Institutional/Internal)
bdph_0616,The Hip-Hop Xpress: Exploring the Legacies of Cultural Wealth for New Knowledge Production in the Arts and Humanities,https://publish.illinois.edu/hiphopxpress/,"Drawing on the model of George Washington Carver’s Jesup wagon, this current project will be an internet-connected mobile classroom and sound studio, a means to collect oral histories, a cross-generational catalyst for music sharing and production, and a method to link communities across the state through music, dance, visual arts, and history.",2018,2018,2024,2024,Updated 2023-2024,2010s,Physical,United States,"Champaign, IL",Champaign,N/A,N/A,40.11628839999999,-88.2435155,1,No,1-5,2,3,1,1,2,1,2,No,No,No,Complete,Needs location detail review,Educational Resources; Events/Programming,Black Education/Black Students; Black Music; Black People and Technology,21st Century,Community Group,Community Members; Faculty,Data Not Available,Grants/Awards (Institutional/Internal); Grants/Awards (Private: Foundations/Charities)
bdph_0617,The Humanities: Podcast Series,https://as.cornell.edu/research-scholarship/arts-humanities,"The Society for the Humanities presents, The Humanities Pod. Informal conversations with Society Fellows, Cornell Faculty, community collaborators, and special guests shine a light on new work, current conversations, and the latest ideas of humanists at and around Cornell.",2020,2020,2022,2022,Updated 2020-2022,2020s,Digital,United States,"121 Presidents Drive, Ithaca, NY 14853",N/A,NY,USA,42.4482338,-76.4819225,1,No,1-5,1,2,1,1,1,1,1,No,No,No,Complete,Needs location detail review,Digital Publishing & Digital Editions,Black Education/Black Students; Digital Humanities,21st Century,PWI (Graduate),Faculty,Data Not Available,Other/Unknown
bdph_0618,The K-16 Education Outreach Program at the Boston University African Studies Center,https://www.bu.edu/africa/outreach/,"The African Studies K-16 Education Outreach Program has one overarching priority: to promote teaching about Africa in U.S. schools and higher education institutions. We aim to help make the work of teachers and instructors easier while also encouraging the incorporation of African studies in every classroom. As a National Resource Center, the program supports the public, and especially public school teachers.",1986,1986,2024,2024,Updated 2023-2024,1980s,Mixed,United States,"232 Bay State Road, Boston, MA 02215",N/A,MA,USA,42.3504888,-71.1039349,1,No,51+,2,2,8,1,4,2,1,Yes,Yes,Yes,Complete,Needs location detail review,Educational Resources; Events/Programming,African History; Black Education/Black Students,14th Century and Earlier; 15th Century; 16th Century; 17th Century; 18th Century; 19th Century; 20th Century; 21st Century,PWI (Graduate),Community Members; Faculty; Graduate Students; Undergraduate Students,BIPOC Run; Women Run,Grants/Awards (Public/Federal)
bdph_0619,The Lands We Share,https://landsweshare.org/,"The Lands We Share initiative includes a traveling exhibition and public dialogue tour that focuses on the intersection of farming, land, ethnic culture and history in Wisconsin.",2018,2018,2021,2021,Updated 2020-2022,2010s,Mixed,United States,"Madison, WI",Madison,N/A,N/A,43.0721661,-89.4007501,1,No,Unspecified,3,2,3,1,1,1,4,No,No,No,Complete,Needs location detail review,Educational Resources; Events/Programming; Oral Histories,Black People - Race Identity; U.S. History,19th Century; 20th Century; 21st Century,PWI (Undergraduate),Other/Unknown,Data Not Available,Grants/Awards (Institutional/Internal); Grants/Awards (Private: Foundations/Charities); Grants/Awards (Public: State or Local); In-Kind Support
bdph_0620,The Lemon Project,https://www.wm.edu/sites/lemonproject/,The Lemon Project is a multifaceted and dynamic attempt to rectify wrongs perpetrated against African Americans by William & Mary through action or inaction.,2007,2007,2024,2024,Updated 2023-2024,2000s,Digital,United States,"James Blair, Room 313, 250 James Blair Dr. Williamsburg, VA 23185",N/A,VA,USA,37.2714872,-76.71177589999999,1,No,6-10,2,3,5,1,4,1,1,No,No,No,Complete,Needs location detail review,Educational Resources; Resource Hub,Race Relations/Racial Inequality/Racism; Transatlantic Slave Trade/Slavery; U.S. History,17th Century; 18th Century; 19th Century; 20th Century; 21st Century,PWI (Graduate),Community Members; Faculty; Fellows and/or Postdocs; Graduate Students,Data Not Available,Small Donations
bdph_0621,The Mary Eliza Project,https://www.boston.gov/departments/archives-and-records-management/mary-eliza-project-boston-women-voters-1920,"The Mary Eliza Project are making a searchable database of the more than 50,000 women who registered to vote in Boston in the months after they gained voting rights from the Nineteenth Amendment (1920).",2021,2021,2024,2024,Updated 2023-2024,2020s,Digital,United States,"300 Fenway, Boston, MA 02115",N/A,MA,USA,42.3392103,-71.1001952,1,No,Unspecified,1,2,1,1,1,1,4,Yes,No,Yes,Complete,Needs location detail review,Digital Collections/Databases/Archives,Black Women/Feminism; Politics and Government,20th Century,PWI (Graduate),Other/Unknown,BIPOC Run,Grants/Awards (Private: Foundations/Charities); Grants/Awards (Public: State or Local); In-Kind Support; Small Donations
bdph_0622,The Mary Lacy Letters,https://his306sp17blog.rosestremlau.com/,"These eight letters, written by Mary Lacy, the wife of Rev. Drury Lacy, the president of Davidson College from 1855 until 1860, challenge us to tell honest stories about our past, especially when those stories are painful.",2017,2017,2017,2017,Last update before 2020,2010s,Digital,United States,"405 N Main St, Davidson, NC 28035",N/A,NC,USA,35.502225,-80.8474947,1,No,6-10,2,2,1,1,2,1,1,No,No,No,Complete,Needs location detail review,Digital Collections/Databases/Archives; Digital Publishing & Digital Editions,Lynching/Race Riots/Police Brutality; Race Relations/Racial Inequality/Racism,19th Century,PWI (Undergraduate),Faculty; Undergraduate Students,Data Not Available,Other/Unknown
bdph_0623,The Nelson Hackett Project,https://nelsonhackettproject.uark.edu/,The Nelson Hackett Project presents Hackett’s story not only to document a single man’s incredible struggle but also to explore how that one man activated a trans-Atlantic and biracial network of activists working to undermine the institution of slavery.,2021,2021,2024,2024,Updated 2023-2024,2020s,Digital,United States,"University of Arkansas, Fayetteville, Arkansas 72701",FAYETTEVILLE,AR,USA,36.0686895,-94.1748471,1,No,26-50,1,2,1,1,2,1,1,No,No,No,Complete,Location detail present,Data Mining/Mapping/Visualization,African Diaspora/Migration; Transatlantic Slave Trade/Slavery,19th Century,Inter-Institution Partnership,Faculty; Library Professionals,Data Not Available,Grants/Awards (Institutional/Internal)
bdph_0624,The Oberlin Sanctuary Project,https://scalar.oberlincollegelibrary.org/sanctuary/index,"The Oberlin Sanctuary Project provides a forum for research, reflection, and discussion of what it means to be a sanctuary campus or community.",2016,2016,2020,2020,Updated 2020-2022,2010s,Digital,United States,"148 W College St, Oberlin, OH 44074",N/A,OH,USA,41.2931134,-82.2228427,1,No,26-50,1,3,3,1,3,1,1,No,No,No,Complete,Needs location detail review,Digital Publishing & Digital Editions,Black Activism/Advocacy; Black Education/Black Students; U.S. History,19th Century; 20th Century; 21st Century,PWI (Undergraduate),Faculty; Library Professionals; Undergraduate Students,Data Not Available,Grants/Awards (Professional Organizations)
bdph_0625,The Ohio Field Schools,https://cfs.osu.edu/archives/collections/ohio-field-school,"The Ohio Field School gives students the chance to learn collaborative, experiential ethnography in service to grassroots community organizations in Appalachian Ohio.",2016,2016,2024,2024,Updated 2023-2024,2010s,Digital,United States,"1775 College Rd., S. Columbus, OH 43210",N/A,OH,USA,39.9984393,-83.01020609999999,1,No,1-5,1,2,1,1,1,1,2,No,No,No,Complete,Needs location detail review,Educational Resources,Black People - Race Identity; U.S. History,Other/Unknown,PWI (Graduate),Faculty,Data Not Available,Grants/Awards (Institutional/Internal); Grants/Awards (Private: Foundations/Charities)
bdph_0626,The Peabody Ballroom Experience,https://peabodyballroom.library.jhu.edu/,"The Peabody Ballroom Experience is an arts & humanities collaboration between Johns Hopkins University and ballroom, a nearly century-old performance-based culture composed primarily of gay, lesbian, transgender, and gender non-conforming people of color. The project cultivates an exchange of knowledge between the university and ballroom communities in Baltimore and beyond by creating diverse opportunities for faculty, students, activists, and performers to come together as partners in education and creative expression.",2018,2018,2023,2023,Updated 2023-2024,2010s,Digital,United States,"17 E Mt Vernon Pl, Baltimore, MD 21202",17 E,MT,USA,39.2970765,-76.6150964,1,No,Unspecified,2,1,2,1,1,1,2,No,No,No,Complete,Location detail present,Art and Performance; Events/Programming,Black Visual and Performance Art,20th Century; 21st Century,PWI (Graduate),Other/Unknown,Data Not Available,Grants/Awards (Institutional/Internal); Grants/Awards (Private: Foundations/Charities)
bdph_0627,The Portal to Texas History,https://texashistory.unt.edu/,"The Portal to Texas History is a gateway to rare, historical, and primary source materials from or about Texas. Created and maintained by the University of North Texas Libraries, the Portal leverages the power of hundreds of content partners across the state to provide a vibrant, growing collection of resources.",2004,2004,2024,2024,Updated 2023-2024,2000s,Digital,United States,"1155 Union Circle, #305190 Denton, TX 76203-5017",N/A,TX,USA,33.2078596,-97.1518384,1,No,51+,4,15,8,1,4,1,6,No,No,No,Complete,Needs location detail review,Digital Collections/Databases/Archives; Educational Resources; Local History & Local Places; Oral Histories,Abolitionists/Emancipation/Reconstruction; Black Music; Black People - Race Identity; Black Soldiers/American Civil War; Black Visual and Performance Art; Civil Rights Movement/Black Power; Historical Figure; Historical Landmarks/Monuments; LBGTQIA+/Queer Studies; Lynching/Race Riots/Police Brutality; Newspapers/Periodicals/Black Press; Politics and Government; Race Relations/Racial Inequality/Racism; Segregation; U.S. History,14th Century and Earlier; 15th Century; 16th Century; 17th Century; 18th Century; 19th Century; 20th Century; 21st Century,Minority Serving Institution (Undergraduate),Community Members; Faculty; Library Professionals; Museum Professionals,Data Not Available,Grants/Awards (Private: Foundations/Charities); Grants/Awards (Professional Organizations); Grants/Awards (Public/Federal); Grants/Awards (Public: State or Local); Institutional Operating Budget (Internal); Small Donations
bdph_0628,The Program in the Carolina Lowcountry and Atlantic World (CLAW),https://charleston.edu/claw/index.php,"The Carolina Lowcountry and Atlantic World (CLAW) Program at the College of Charleston promotes scholarship and public engagement with the history and culture of the Lowcountry region, the Atlantic World and the connections between the two.",1996,1996,2024,2024,Updated 2023-2024,1990s,Digital,United States,"66 George St, Charleston, SC 29424",N/A,SC,USA,32.7833782,-79.9370429,3,Yes,1-5,1,2,5,1,1,1,1,No,No,No,Complete,Needs location detail review,Events/Programming,Transatlantic Slave Trade/Slavery; U.S. History,17th Century; 18th Century; 19th Century; 20th Century; 21st Century,PWI (Undergraduate),Faculty,Data Not Available,Other/Unknown
bdph_0629,The Quilt Index,https://quiltindex.org/,"The Quilt Index is an open access, digital repository of thousands of images, stories and information about quilts and their makers drawn from hundreds of public and private collections around the world.",2003,2003,2019,2019,Last update before 2020,2000s,Digital,United States,"East Lansing, MI",East Lansing,N/A,N/A,42.7369792,-84.48386540000001,1,No,Unspecified,1,1,5,1,1,1,1,No,No,No,Complete,Needs location detail review,Digital Collections/Databases/Archives,Black Visual and Performance Art,17th Century; 18th Century; 19th Century; 20th Century; 21st Century,PWI (Graduate),Other/Unknown,Data Not Available,Grants/Awards (Public/Federal)
bdph_0630,The Slavery Research Group Rowan Oak Reinterpretation,https://slaveryresearchgroup.olemiss.edu/rowan-oak/,"The University of Mississippi Slavery Research Group is conducting an archaeological study of the property to find evidence of slave life during the pre-Faulkner era, specifically from the 1840s to the 1860s, when the property belonged to Oxford settler and slaveholder Robert Sheegog.",2020,2020,2020,2020,Updated 2020-2022,2020s,Digital,United States,"710 East Jackson Avenue, Oxford, Mississippi",OXFORD,N/A,N/A,34.3671955,-89.52284230000001,1,No,1-5,1,2,2,1,1,1,1,No,No,No,Complete,Needs location detail review,Local History & Local Places,Transatlantic Slave Trade/Slavery; U.S. History,19th Century; 20th Century,PWI (Graduate),Faculty,Data Not Available,Other/Unknown
bdph_0631,The Snowtown Project,https://thesnowtownproject.wordpress.com/,"The Snowtown Project is a community-based research endeavor which seeks to broaden public understanding of the Snowtown neighborhood of Providence, Rhode Island.",2019,2019,2023,2023,Updated 2023-2024,2010s,Mixed,United States,"2 Constitution Hill, Providence, RI 02904",N/A,RI,USA,41.8322099,-71.4104663,1,No,11-25,3,2,5,1,2,1,1,No,No,Yes,Complete,Needs location detail review,Digital Publishing & Digital Editions; Events/Programming; Exhibits & Digital Storytelling,Black Communities/Urban Renewal; U.S. History,17th Century; 18th Century; 19th Century; 20th Century; 21st Century,Inter-Institution Partnership,Community Members; Faculty,Not Minority Run,Other/Unknown
bdph_0632,The Tompkins County Rural Black Residents Project,https://www.thetcrbrproject.net/,"The Tompkins County Rural Black Residents Project (the TCRBR Project for short) merges history, genealogy, census records, and maps to spatially contextualize the stories of rural black residents in Tompkins County between 1820 & 1870.",2021,2021,2021,2021,Updated 2020-2022,2020s,Digital,United States,"Tompkins County, New York",Tompkins County,N/A,N/A,42.4575747,-76.5488232,1,No,Unspecified,2,2,1,1,1,1,1,No,No,No,Complete,Needs location detail review,Digital Publishing & Digital Editions; Local History & Local Places,Black Communities/Urban Renewal; U.S. History,19th Century,Inter-Institution Partnership,Faculty,Data Not Available,Other/Unknown
bdph_0633,Trinity Social Justice Initiative,https://socialjusticeinitiative.domains.trincoll.edu/,"The Trinity Social Justice Initiative (TSJI) curates conversations in the public humanities. Through public lectures and conversations, a monthly webinar series, research clusters, conferences, and the creation of digital archives, we seek to contribute to public and scholarly debates about struggles for social justice in the United States and the world.",2021,2021,2023,2023,Updated 2023-2024,2020s,Mixed,United States,"300 Summit Street, Hartford, CT 06106",N/A,CT,USA,41.7458533,-72.6913588,1,No,1-5,1,1,1,1,1,1,1,No,No,No,Complete,Needs location detail review,Events/Programming,Black Activism/Advocacy,21st Century,PWI (Undergraduate),Faculty,Data Not Available,Other/Unknown
bdph_0634,UNSUITABLE Speakers Series,https://sites.duke.edu/unsuitable/events/,UNSUITABLE is an events series that engages students and members of the Durham community in a discussion of women’s interests and popular fiction.,2014,2014,2022,2022,Updated 2020-2022,2010s,Physical,United States,"Durham, NC 27708",N/A,NC,USA,35.9992263,-78.94720889999999,1,No,1-5,1,2,4,1,1,1,1,No,No,No,Complete,Needs location detail review,Events/Programming,Black Literature; Black Women/Feminism,18th Century; 19th Century; 20th Century; 21st Century,PWI (Graduate),Faculty,Data Not Available,Grants/Awards (Institutional/Internal)
bdph_0635,Walking Through Black History,https://csuepress.columbusstate.edu/ccgc/2/,"The focus of the project is to illustrate African American history including four periods: Antebellum, Reconstruction, Jim Crow and Civil Rights.",2017,2017,2017,2017,Last update before 2020,2010s,Mixed,United States,"4225 University Ave, Columbus, GA 31907",N/A,GA,USA,32.5023087,-84.9414487,1,No,6-10,2,3,4,1,1,1,1,No,No,No,Complete,Needs location detail review,Educational Resources; Events/Programming,Civil Rights Movement/Black Power; Race Relations/Racial Inequality/Racism; U.S. History,18th Century; 19th Century; 20th Century; 21st Century,Minority Serving Institution (Undergraduate),Faculty,Data Not Available,Other/Unknown
bdph_0636,Yonkers Public Library African American Oral History Project,http://archive.ypl.org/collections/show/34,Oral history interviews with the African American community for the Yonkers Public Library African American Oral History Project. There are photographs included to go along with the interviews.,2021,2021,2021,2021,Updated 2020-2022,2020s,Digital,United States,"1 Larkin Center, Yonkers, NY 10701",N/A,NY,USA,40.9359312,-73.9017044,1,No,6-10,1,3,4,1,1,1,1,No,No,No,Complete,Needs location detail review,Oral Histories,Black Lives Matter Movement; Black People - Race Identity; Civil Rights Movement/Black Power,18th Century; 19th Century; 20th Century; 21st Century,Public Library,Library Professionals,Data Not Available,Other/Unknown
bdph_0637,10 Million Names,https://10millionnames.org/,"10 Million Names is a collaborative project dedicated to recovering the names of the estimated 10 million men, women, and children of African descent who were enslaved in pre- and post-colonial America (specifically, the territory that would become the United States) between the 1500s and 1865.",2023,2023,2024,2024,Updated 2023-2024,2020s,Digital,United States,"99 - 101 Newbury St., Boston, MA 02116",N/A,MA,USA,42.3517195,-71.0753584,1,No,11-25,2,2,4,1,4,1,2,No,No,No,Complete,Needs location detail review,Digital Collections/Databases/Archives; Digital Publishing & Digital Editions,Transatlantic Slave Trade/Slavery; U.S. History,16th Century; 17th Century; 18th Century; 19th Century,Public Library,Faculty; Fellows and/or Postdocs; Library Professionals; Museum Professionals,Data Not Available,Grants/Awards (Private: Foundations/Charities); Small Donations
bdph_0638,The African Diaspora Alliance,https://www.theafricandiasporaalliance.org/,"The mission of The African Diaspora Alliance (ADA) is to holistically connect descendants of Africa to the global African community, known as the African Diaspora.",2015,2015,2019,2019,Last update before 2020,2010s,Mixed,United States,"32 E. 25th Street, Baltimore, MD, 21208",N/A,MD,USA,39.3180502,-76.61567389999999,1,No,6-10,1,1,1,1,3,1,1,No,No,No,Complete,Needs location detail review,Resource Hub,Black Education/Black Students,21st Century,Community Group,Community Members; Faculty; Fellows and/or Postdocs,Data Not Available,Small Donations
bdph_0639,Diaspora Solidarities Lab,https://www.dslprojects.org/,"The Diaspora Solidarities Lab (DSL) is a multi-institutional Black feminist partnership that supports solidarity work in Black and Ethnic Studies conducted by undergraduates, graduate students, faculty members, and community partners who are committed to transformative justice and accountable to communities beyond the Western academy.",2022,2022,2024,2024,Updated 2023-2024,2020s,Digital,United States,"Baltimore, Maryland",Baltimore,N/A,N/A,39.2905023,-76.6104072,7,Yes,11-25,3,2,1,1,2,1,2,No,No,No,Complete,Needs location detail review,Digital Publishing & Digital Editions; Educational Resources; Resource Hub,Black Activism/Advocacy; Black Education/Black Students,21st Century,Community Group,Community Members; Faculty,Data Not Available,Grants/Awards (Institutional/Internal); In-Kind Support
bdph_0640,The Caribbean Digital,https://thecaribbeandigital.org/,"TCD is an annual international event, held in locations in the United States and the Caribbean alternating between events convened via open invitation via CFP, and smaller events convened exclusively by invitation, respectively, TCD has created a singular and consistent space of exchange for Caribbeanist digital scholars, consisting of traditional panels, roundtable conversations, skills-building workshops, and project show-and-tells.",2014,2014,2023,2023,Updated 2023-2024,2010s,Mixed,United States,"New Haven, CT",New Haven,N/A,N/A,41.308274,-72.9278835,2,Yes,Unspecified,1,2,1,1,1,1,2,No,No,No,Complete,Needs location detail review,Events/Programming,Black People and Technology; Caribbean History,21st Century,Inter-Institution Partnership,Other/Unknown,Data Not Available,Grants/Awards (Institutional/Internal); Grants/Awards (Private: Foundations/Charities)
bdph_0642,Taller Entre Aguas,https://tallerentreaguas.notion.site/Get-to-know-TEA-a7a5fb806a484bf0a807e0006235816a,"The Taller Entre Aguas (TEA) team is proposing a three-fold project that aims to re-present Black Puerto Rican data in the ongoing wake(s) of colonialism, slavery, and cisheteropatriarchy. To do so, we aim to deliver source material curated by our Black studies approach within our three digital exhibitions (The Registro, Criadas, and Libertos Projects), contribute to curriculum about how to teach about Afro-Puerto Rican past and futures, and curating public-facing talleres that offer best practices for decolonial work through a Black Puerto Rican lens.",2022,2022,2024,2024,Updated 2023-2024,2020s,Mixed,United States,"John Hopkins University, MD",John Hopkins University,N/A,N/A,39.3299013,-76.6205177,4,Yes,6-10,2,3,1,1,2,1,1,No,No,No,Complete,Needs location detail review,Digital Publishing & Digital Editions; Events/Programming,Black Activism/Advocacy; Black People - Race Identity; LBGTQIA+/Queer Studies,21st Century,Community Group,Faculty; Fellows and/or Postdocs,Data Not Available,Other/Unknown
bdph_0645,Ink Sweat and Tears,https://inksweatandtears.co.uk/,"Ink Sweat & Tears is a UK based webzine which publishes and reviews poetry, prose, prose-poetry, word & image pieces and everything in between.",2020,2020,2024,2024,Updated 2023-2024,2020s,Digital,United Kingdom,"Norwich, UK",Norwich,N/A,United Kingdom,52.6292567,1.2978802,1,No,Unspecified,1,2,1,1,1,1,2,No,No,No,Complete,Location detail present,Digital Publishing & Digital Editions,Black Literature; LBGTQIA+/Queer Studies,21st Century,Press,Other/Unknown,Data Not Available,Merchandise/Sales; Small Donations
bdph_0646,Keywords for Black Louisiana,https://www.lifexcode.org/keywordsblackla,Keywords for Black Louisiana provides digital portals into the history of Africans and people of African descent in Gulf Coast Louisiana.,2022,2022,2022,2022,Updated 2020-2022,2020s,Digital,United States,"New Orleans, Louisiana",New Orleans,N/A,N/A,29.9508941,-90.07583559999999,3,Yes,1-5,1,1,3,1,1,1,1,No,No,No,Complete,Needs location detail review,Digital Collections/Databases/Archives,U.S. History,18th Century; 19th Century; 20th Century,Community Group,Faculty,Data Not Available,Other/Unknown
bdph_0647,Kinfolkology,https://www.kinfolkology.org/,"Kinfolkology seeks out the fullest representations of identity and tends to scattered pieces with patience and care. Kinfolkology scales the walls of digital silos and prizes narratives over snapshots. Kinfolkology finds meaning and community in record-linking, story-seeking, and family-finding.",2023,2023,2024,2024,Updated 2023-2024,2020s,Mixed,United States,"Charlottesville, VA",Charlottesville,N/A,N/A,38.0301826,-78.4769353,3,Yes,11-25,3,1,2,1,3,1,3,No,No,No,Complete,Needs location detail review,Digital Collections/Databases/Archives; Educational Resources; Events/Programming,Black People - Race Identity,18th Century; 19th Century,PWI (Graduate),Faculty; Graduate Students; Other/Unknown,Data Not Available,Grants/Awards (Private: Corporate/Individual Sponsors); Grants/Awards (Private: Foundations/Charities); Grants/Awards (Public: State or Local)
bdph_0648,Muse 360,https://www.muse360.org/,Muse 360 (est. 2004) is a youth organization on a mission to radically develop Baltimore youth to use their voice and creative talents in pursuit of knowledge of self.,2004,2004,2024,2024,Updated 2023-2024,2000s,Mixed,United States,"Baltimore, MD",Baltimore,N/A,N/A,39.2905023,-76.6104072,7,Yes,6-10,3,2,1,1,2,1,2,No,No,No,Complete,Needs location detail review,Educational Resources; Events/Programming; Resource Hub,Black Communities/Urban Renewal; Black Education/Black Students,21st Century,Non-profit/NGO,Community Members; Faculty,Data Not Available,Merchandise/Sales; Small Donations
bdph_0649,Remains // An Archive,https://remainsarchive.dslprojects.org/,"Remains // An Archive (RAA or Remains for short) is a microlab led by DSL Solidarity Fellows Kevin Ah-Sen (McGill University) and Jessica Newby (Johns Hopkins University) under the fierce leadership of Dr. Jessica Marie Johnson (Johns Hopkins University). As a collective, RAA enacts interdisciplinary practices to explore and theorize archipelagos of real and conceptual grief which include digital storytelling/mapping and curation.",2023,2023,2024,2024,Updated 2023-2024,2020s,Mixed,United States,"John Hopkins University, MD",John Hopkins University,N/A,N/A,39.3299013,-76.6205177,4,Yes,1-5,1,3,1,1,3,1,1,No,No,No,Complete,Needs location detail review,Events/Programming,Black Activism/Advocacy; Black Women/Feminism; Politics and Government,21st Century,Inter-Institution Partnership,Faculty; Fellows and/or Postdocs; Graduate Students,Data Not Available,Grants/Awards (Private: Foundations/Charities)
bdph_0650,#Slaveryarchive,https://www.slaveryarchive.com/,"The #Slaveryarchive Digital Initiative is intended to educate academics, students, and the public about the history of slavery and the transatlantic slave trade in Europe, Africa, and the Americas. International and multilingual in its scope, the initiative will promote scholarship in this vast field through blog posts, book talks on video, a podcast, reviews of books, movies, and exhibitions, the creation of syllabi, and the curation of annual book lists.",2023,2023,2023,2023,Updated 2023-2024,2020s,Mixed,United States,"2400 6th St NW, Washington, DC 20059",Washington,DC,USA,38.92380929999999,-77.0203908,1,No,11-25,3,3,6,1,1,1,1,No,No,No,Complete,Location detail present,Educational Resources; Events/Programming; Resource Hub,Black Literature; Colonialism & Post-Colonialism/Decolonization; Transatlantic Slave Trade/Slavery,16th Century; 17th Century; 18th Century; 19th Century; 20th Century; 21st Century,Inter-Institution Partnership,Faculty,Data Not Available,Other/Unknown
bdph_0651,Spread the Word,https://www.spreadtheword.org.uk/,"Spread the Word is London’s literature development agency, a charity and a National Portfolio client of Arts Council England. We are funded to help London’s writers make their mark on the page, the screen and in the world and build strategic partnerships to foster a literature ecology which reflects the cultural diversity of contemporary Britain.",2022,2022,2024,2024,Updated 2023-2024,2020s,Mixed,United Kingdom,"The Albany Centre, Douglas Way, London SE8 4AG",The Albany Centre,N/A,United Kingdom,51.477813,-0.027322,1,No,11-25,3,3,1,1,2,1,2,No,No,No,Complete,Location detail present,Digital Publishing & Digital Editions; Events/Programming; Resource Hub,Black Activism/Advocacy; Black Education/Black Students; Black Literature,21st Century,Non-profit/NGO,Community Members; Digital/Design Professionals,Data Not Available,Merchandise/Sales; Small Donations
bdph_0654,"(Un)Silencing Slavery: Remembering the Enslaved at Rose Hall Plantation, Jamaica",https://unsilencing-slavery.org/,The Purpose of the (Un)Silencing Slavery at Rose Hall Project is to respectfully and lovingly remember and hold space for the enslaved Africans and their enslaved African-born and Caribbean-born descendants who lived and labored at Rose Hall Plantation in Jamaica.,2022,2022,2022,2022,Updated 2020-2022,2020s,Digital,United States,"116th and Broadway, New York, NY 10027",N/A,NY,USA,40.8079823,-73.9637956,1,No,6-10,4,2,1,2,3,1,1,No,No,No,Complete,Needs location detail review,Data Mining/Mapping/Visualization; Digital Collections/Databases/Archives; Exhibits & Digital Storytelling; Local History & Local Places,Colonialism & Post-Colonialism/Decolonization; Transatlantic Slave Trade/Slavery,19th Century,Inter-Institution Partnership; PWI (Graduate),Digital/Design Professionals; Faculty; Library Professionals,Data Not Available,Other/Unknown
bdph_0655,Underwriting Souls,https://underwritingsouls.org/,Underwriting Souls is an interactive archive and set of online exhibitions that examine the role of insurance in the trans-Atlantic slave trade.,2023,2023,2024,2024,Updated 2023-2024,2020s,Digital,United States,"John Hopkins University, MD",John Hopkins University,N/A,N/A,39.3299013,-76.6205177,4,Yes,1-5,3,2,2,1,2,1,2,No,No,No,Complete,Needs location detail review,Digital Collections/Databases/Archives; Digital Publishing & Digital Editions; Educational Resources,Colonialism & Post-Colonialism/Decolonization; Transatlantic Slave Trade/Slavery,18th Century; 19th Century,Independent Scholar/Individual Research,Faculty; Graduate Students,Data Not Available,Grants/Awards (Institutional/Internal); Grants/Awards (Private: Foundations/Charities)
bdph_0656,Archivi.ng,https://archivi.ng/,Archivi.ng n a mission to recapture lost nigerian history by digitising old Nigerian newspapers and making them accessible to everyone online.,2020,2020,2024,2024,Updated 2023-2024,2020s,Digital,Nigeria,"Abuja, Nigeria",Abuja,N/A,Nigeria,9.0562646,7.4985259,1,No,51+,2,1,2,1,2,1,1,No,No,No,Complete,Location detail present,Digital Collections/Databases/Archives; Digital Publishing & Digital Editions,African History,20th Century; 21st Century,Community Group,Community Members; Faculty,Data Not Available,Small Donations
bdph_0657,African Literary Metadata,https://almedaresearch.org/,"We investigate the ways in which various kinds of classification of African cultural forms have impacted their collection, preservation and visibility. We will also explore how cataloguing systems have prioritised book-based literature over other cultural modalities and will consider the consequences of this for African orature and performance cultures.",2023,2023,2024,2024,Updated 2023-2024,2020s,Digital,Sweden,"Thunbergsvägen 3G, 752 38 Uppsala, Sweden",Thunbergsvägen 3G,N/A,Sweden,59.8542414,17.6261973,1,No,26-50,3,3,1,1,2,1,1,No,No,No,Complete,Location detail present,Data Mining/Mapping/Visualization; Digital Collections/Databases/Archives; Digital Publishing & Digital Editions,African History; Black Literature; Black People and Technology,21st Century,Inter-Institution Partnership,Faculty; Library Professionals,Data Not Available,Grants/Awards (Public/Federal)
bdph_0658,Yoruba Name Project,https://www.yorubaname.com/,YorubaName.com is an online intervention to preserve and document all Yorùbá names in a multimedia format. It is part of a long-term project to document all types of African cultural experiences on the internet as a way of ensuring the survival of African identities in their various expressions.,2015,2015,2024,2024,Updated 2023-2024,2010s,Digital,Nigeria,"2nd Floor, The Garnet Building, Lekki - Epe Express Road, Lekki, Lagos 101245, Nigeria",N/A,N/A,Nigeria,6.4343341,3.4909776,1,No,11-25,3,1,8,1,2,1,1,No,No,No,Complete,Needs location detail review,Data Mining/Mapping/Visualization; Digital Collections/Databases/Archives; Educational Resources,African History,14th Century and Earlier; 15th Century; 16th Century; 17th Century; 18th Century; 19th Century; 20th Century; 21st Century,Community Group,Community Members; Digital/Design Professionals,Data Not Available,Small Donations
bdph_0659,Electric Marronage,https://www.electricmarronage.com/,"The digital and material spaces of Electric Marronage are an effort to bring together scholars of Afro-diaspora studies, Afro-Latinidad, BIPOC feminism, and working artists to work alongside each other through workshops, digital curation, talks, and intellectual collaborations.",2024,2024,2023,2023,Updated 2023-2024,2020s,Mixed,United States,"New York City, NY",New York City,N/A,N/A,40.7127753,-74.0059728,12,Yes,11-25,3,5,1,1,3,1,1,No,No,No,Complete,Needs location detail review,Digital Collections/Databases/Archives; Digital Publishing & Digital Editions; Events/Programming,African Diaspora/Migration; African History; Black Studies; Black Visual and Performance Art; Black Women/Feminism,21st Century,Inter-Institution Partnership,Faculty; Fellows and/or Postdocs; Graduate Students,Data Not Available,Other/Unknown
bdph_0660,Za Hansards,https://www.hansards.org.za/,"This website provides a navigation through the historical debates of the Senate and House of Assembly of South Africa from 1910 to 1994. The physical copies are converted into structured formatted XML, from which they are then converted to static web pages.",Unspecified,,Unspecified,,Unknown / unparsed,Unknown,Digital,South Africa,"1 Jan Smuts Ave, Braamfontein, Johannesburg, 2017, South Africa",N/A,N/A,South Africa,-26.1869903,28.0301851,2,Yes,1-5,1,2,1,1,1,1,1,No,No,No,Start and update missing/unparsed,Needs location detail review,Digital Collections/Databases/Archives,African History; Politics and Government,20th Century,Community Group,Faculty,Data Not Available,Grants/Awards (Private: Foundations/Charities)
bdph_0661,The Sol Plaatje Archive of Shakespeare in African Languages,https://afridig.omeka.net/s/sol-plaatje-archive-shakespeare-africa/page/home,This archive provides Shakespearean literature translated into various African languages presented with the context of an endonymic map of Africa.,Unspecified,,Unspecified,,Unknown / unparsed,Unknown,Digital,South Africa,"1 Jan Smuts Ave, Braamfontein, Johannesburg, 2017, South Africa",N/A,N/A,South Africa,-26.1869903,28.0301851,2,Yes,Unspecified,1,2,1,1,1,1,2,No,No,No,Start and update missing/unparsed,Needs location detail review,Digital Collections/Databases/Archives,African History; Black Literature,20th Century,Other/Unknown,Other/Unknown,Data Not Available,Grants/Awards (Private: Foundations/Charities); Grants/Awards (Public/Federal)
bdph_0662,Five Hundred Year Archive,https://fhya.uct.ac.za/,The Five Hundred Year Archive allows users to engage with a rich variety of resources pertinent the last five hundred years of southern African history. Its purpose is to support historical research into these neglected eras and to encourage the digitization and the sharing of resources across a network of institutions. It also aims to build a public community of users who are passionate about southern African history and who are interested in the complex forces which shape that history over time.,2017,2017,2024,2024,Updated 2023-2024,2010s,Digital,South Africa,"University of Cape Town, Private Bag X3, Rondebosch 7701, South Africa",University of Cape Town,N/A,South Africa,-33.957652,18.4611991,2,Yes,Unspecified,2,1,6,1,1,1,1,No,No,No,Complete,Location detail present,Digital Collections/Databases/Archives; Digital Publishing & Digital Editions,African History,16th Century; 17th Century; 18th Century; 19th Century; 20th Century; 21st Century,Community Group,Faculty,Data Not Available,Other/Unknown
bdph_0663,Metsemegologolo,https://www.metsemegologolo.org.za/wordpress/,Metsemegologolo – meaning ‘ancient towns’ in Setswana – is the name of an experimental digital project on African urbanism through the case study of Tswana towns (South Africa/Botswana). We are looking for innovative ways to make this history accessible in digital form to different audiences.,2021,2021,2023,2023,Updated 2023-2024,2020s,Digital,United Kingdom,"Downing St., Cambridge CB2 3ER, United Kingdom",Downing St.,N/A,United Kingdom,52.2031312,0.1219147,1,No,11-25,1,2,1,1,3,1,1,No,No,No,Complete,Location detail present,Digital Collections/Databases/Archives,African History; Black People and Technology,21st Century,Inter-Institution Partnership,Digital/Design Professionals; Faculty; Museum Professionals,Data Not Available,Other/Unknown
bdph_0664,The Digital Bleek and Lloyd,http://lloydbleekcollection.cs.uct.ac.za/,"The Digital Bleek and Lloyd includes scans of every page of the 110 Lucy Lloyd |xam notebooks, 17 Lloyd (mostly) !kun notebooks and 28 Wilhelm Bleek |xam notebooks. It also includes Jemima Bleek's solitary Korana and !kun notebook and four Lloyd Korana notebooks in the Maingard collection of the Library at the University of South Africa, as well as Dorothea Bleek's 32 notebooks.",2012,2012,2012,2012,Last update before 2020,2010s,Digital,South Africa,"Rondebosch, Cape Town, 7700, South Africa",Rondebosch,N/A,South Africa,-33.9635803,18.4762773,1,No,1-5,1,2,1,1,1,1,1,No,No,No,Complete,Location detail present,Digital Collections/Databases/Archives,African History; Black Literature,19th Century,PWI (Graduate),Faculty,Data Not Available,Other/Unknown
bdph_0665,Lansing Urban Renewal,https://lansingurbanrenewal.leadr.site/home,Documenting the destruction of neighborhoods in Lansing for the construction of I-496 in the 1960s,2018,2018,2019,2019,Last update before 2020,2010s,Digital,United States,"Lansing, MI",Lansing,N/A,N/A,42.73359929999999,-84.55386639999999,2,Yes,11-25,3,4,1,2,2,1,1,No,No,No,Complete,Needs location detail review,Data Mining/Mapping/Visualization; Exhibits & Digital Storytelling; Local History & Local Places,Black Communities/Urban Renewal; Digital Humanities; Politics and Government; Segregation,20th Century,PWI (Graduate); PWI (Undergraduate),Faculty; Undergraduate Students,Data Not Available,Institutional Operating Budget (Internal)
bdph_0666,Malcolm X in Lansing,https://malcolmxinlansing.leadr.site/,"A site dedicated to documenting the places where Malcolm X lived and worked in his youth in the Lansing, Michigan area.",2015,2015,2019,2019,Last update before 2020,2010s,Digital,United States,"Lansing, MI",Lansing,N/A,N/A,42.73359929999999,-84.55386639999999,2,Yes,11-25,2,5,1,2,2,1,1,No,No,No,Complete,Needs location detail review,Data Mining/Mapping/Visualization; Local History & Local Places,African Diaspora/Migration; Black Activism/Advocacy; Black Education/Black Students; Black Men/Masculinity; Historical Figure,20th Century,PWI (Graduate); PWI (Undergraduate),Faculty; Undergraduate Students,Data Not Available,Institutional Operating Budget (Internal)
bdph_0667,The Alachua County Digital Black Heritage Trail,https://truth.alachuacounty.us/black-heritage,"A living project which documents relevant sites of Black resilience and resistance in Alachua County, Florida.",44835,2022,45413,2024,Updated 2023-2024,2020s,Mixed,United States,"Alachua County, FL",Alachua County,N/A,N/A,29.6579549,-82.3017728,1,No,Unspecified,5,12,3,4,5,3,1,Yes,Yes,Yes,Complete,Needs location detail review,Digital Collections/Databases/Archives; Educational Resources; Events/Programming; Exhibits & Digital Storytelling; Local History & Local Places,Abolitionists/Emancipation/Reconstruction; Black Communities/Urban Renewal; Black Education/Black Students; Black Music; Black People - Race Identity; Black Visual and Performance Art; Civil Rights Movement/Black Power; Digital Humanities; Historical Landmarks/Monuments; Lynching/Race Riots/Police Brutality; Politics and Government; U.S. History,19th Century; 20th Century; 21st Century,Community Group; Historical Society; Museum; PWI (Graduate),Community Members; Digital/Design Professionals; Faculty; Graduate Students; Museum Professionals,BIPOC Run; Community Run; Women Run,Grants/Awards (Institutional/Internal)
bdph_0668,Liberated Africans,http://www.liberatedafricans.org,"Between 1800 and 1920, the abolition of the slave trade disguised another type of slavery. The victims were classified as “Liberated Africans,” although they were not actually freed. This website is dedicated to the memory of over 700,000 enslaved people involuntarily indentured by governments claiming to bring an end to the slave trade from Africa.",2015,2015,2023,2023,Updated 2023-2024,2010s,Digital,United States,"Boulder, Colorado",Boulder,N/A,N/A,40.0189728,-105.2747406,2,Yes,Unspecified,1,4,2,1,1,1,3,No,No,No,Complete,Needs location detail review,Digital Collections/Databases/Archives,Abolitionists/Emancipation/Reconstruction; African Diaspora/Migration; African History; Black Activism/Advocacy,19th Century; 20th Century,Other/Unknown,Faculty,Data Not Available,Grants/Awards (Private: Foundations/Charities); Grants/Awards (Public/Federal); Grants/Awards (Public: State or Local)
bdph_0669,The Gentrificaton/Anti-Gentrification Project,https://gentrificationproject.lib.miamioh.edu/,"The Gentrification Project was created to construct a comprehensive resource for pushback and redefinition of gentrification as a systematic project of racial dispossession. The GP database is a gateway for activists, city residents, investigators, and non-profits united in a cohesive, integrated, and an intentionally designed program for anti-gentrification action.",2019,2019,2024,2024,Updated 2023-2024,2010s,Mixed,United States,Miami University of Ohio,Miami University of Ohio,N/A,N/A,39.5087485,-84.73449149999999,1,No,Unspecified,5,6,1,2,3,3,2,Yes,Yes,Yes,Complete,Needs location detail review,Data Mining/Mapping/Visualization; Educational Resources; Local History & Local Places; Oral Histories; Resource Hub,Black Activism/Advocacy; Black Communities/Urban Renewal; Black Studies; Lynching/Race Riots/Police Brutality; Politics and Government; Race Relations/Racial Inequality/Racism,21st Century,Independent Scholar/Individual Research; University (Other),Community Members; Faculty; Graduate Students,BIPOC Run; Community Run; Women Run,Grants/Awards (Institutional/Internal); Other/Unknown
bdph_0670,Black Central Europe,https://blackcentraleurope.com/,https://blackcentraleurope.com/,2014,2014,2017,2017,Last update before 2020,2010s,Mixed,United Kingdom,"University College London, UK",University College London,N/A,United Kingdom,51.52455920000001,-0.1340401,1,No,6-10,3,3,8,1,2,1,1,No,No,No,Complete,Location detail present,Digital Collections/Databases/Archives; Digital Publishing & Digital Editions; Educational Resources,Black Literature; Black People - Race Identity; Black Visual and Performance Art,14th Century and Earlier; 15th Century; 16th Century; 17th Century; 18th Century; 19th Century; 20th Century; 21st Century,Inter-Institution Partnership,Faculty; Graduate Students,Data Not Available,Grants/Awards (Institutional/Internal)
bdph_0671,Four Women: A Dunbar Branch Centennial,https://digitaljones.omeka.net/exhibits/show/four-women--dunbar-branch/introduction-to-jones-memorial,"""Four Women: A Dunbar Branch Centennial"" shares the story of Lynchburg's first library branch for African-Americans at Dunbar High School.",45323,2024,45597,2024,Updated 2023-2024,2020s,Mixed,United States,"Jones Memorial Library, 2311 Memorial Avenue, Lynchburg, VA 24501",N/A,VA,USA,37.4041649,-79.1671401,2,Yes,1-5,3,5,1,1,1,1,1,No,Yes,Yes,Complete,Needs location detail review,Digital Collections/Databases/Archives; Exhibits & Digital Storytelling; Local History & Local Places,Black Education/Black Students; Civil Rights Movement/Black Power; Digital Humanities; Historical Figure; Segregation,20th Century,Historical Society,Library Professionals,Women Run,Institutional Operating Budget (Internal)
bdph_0672,The Seth Woodroof Account Book,https://digitaljones.omeka.net/items/show/347,"The Seth Woodroof Account Book lists 200 enslaved persons and enslavers in Lynchburg, Virginia in the 1830s and links Virginia with the domestic slave trade. The book is fully digitized (Jones Memorial Library - Manuscript 1047).",45292,2024,45292,2024,Updated 2023-2024,2020s,Mixed,United States,"Jones Memorial Library, 2311 Memorial Avenue, Lynchburg, VA 24501",N/A,VA,USA,37.4041649,-79.1671401,2,Yes,1-5,3,2,1,2,2,2,2,No,Yes,Yes,Complete,Needs location detail review,Digital Collections/Databases/Archives; Digital Publishing & Digital Editions; Educational Resources,African Diaspora/Migration; Transatlantic Slave Trade/Slavery,19th Century,Historical Society; Non-profit/NGO,Library Professionals; Undergraduate Students,Not Minority Run; Women Run,Grants/Awards (Private: Foundations/Charities); Institutional Operating Budget (Internal)
bdph_0673,Islam and Science Fiction,http://www.islamscifi.com/,"Islam and Science Fiction is a website on all things related to Islam, Muslims and Science Fiction and everything in between. The exploration of Islam and Science Fiction is from a cultural and social perspective, from a cultural and civilizational sense.",2005,2005,41487,2013,Last update before 2020,2000s,Digital,United States,University of Washington-Bothell,University of Washington-Bothell,N/A,N/A,47.7584761,-122.190891,1,No,11-25,2,3,3,1,4,1,1,No,No,No,Complete,Needs location detail review,Digital Publishing & Digital Editions; Educational Resources,Black Literature; Black People - Race Identity; Black Visual and Performance Art,19th Century; 20th Century; 21st Century,Community Group,Community Members; Digital/Design Professionals; Faculty; Graduate Students,Data Not Available,Other/Unknown
bdph_0674,T. Lang Dance,https://www.tlangdance.com/,"T. Lang Dance creates poetic expressions of dance, which illustrates deep, arousing investigations relevant to issues of identity, history and community. Through the vehicle of Ancestral Soul Movement with emphasis on interdisciplinarity, T. Lang Dance's work communicates perspectives with depth and a movement style that captures the attention of the viewer with its evocative physicality, technical range and emotional viability.",2011,2011,2025,2025,Updated 2025-2026,2010s,Mixed,United States,"Atlanta, GA",Atlanta,N/A,N/A,33.7501275,-84.3885209,2,Yes,Unspecified,2,4,1,1,1,1,2,No,No,No,Complete,Needs location detail review,Art and Performance; Events/Programming,Black Activism/Advocacy; Black Lives Matter Movement; Black Visual and Performance Art; Black Women/Feminism,21st Century,Non-profit/NGO,Other/Unknown,Data Not Available,Grants/Awards (Professional Organizations); Small Donations
bdph_0675,"The Links, Incorporated",https://linksinc.org/,"The Links, Incorporated is an international, not-for-profit corporation, established in 1946. It is one of the nation’s oldest and largest volunteer service organizations committed to enriching, sustaining, and ensuring the culture and economic survival of African Americans and other people of African ancestry.",1946,1946,2025,2025,Updated 2025-2026,1940s,Physical,United States,"Washington, DC",Washington,DC,USA,38.9071923,-77.0368707,4,Yes,Unspecified,2,2,1,1,1,1,2,No,No,No,Complete,Location detail present,Educational Resources; Resource Hub,Black Activism/Advocacy; Black Communities/Urban Renewal,21st Century,Non-profit/NGO,Other/Unknown,Data Not Available,Other/Unknown; Small Donations
bdph_0676,Cultural Heritage Informatics,https://wordpress.its.virginia.edu/Cultural_Heritage_Data/,"We are surrounded by history at every level, from artifact to architecture. With equipment obtained by a far-sighted Virginia state funded grant obtained in 2011, the University of Virginia Library has been collecting 3D cultural heritage data of the buildings, monuments, sites and objects that surround us and that come to us via our faculty and student constituency.",2011,2011,2024,2024,Updated 2023-2024,2010s,Digital,United States,University of Virginia,University of Virginia,N/A,N/A,38.0335529,-78.5079772,5,Yes,26-50,2,4,4,1,2,1,2,No,No,No,Complete,Needs location detail review,Data Mining/Mapping/Visualization; Educational Resources,Black Communities/Urban Renewal; Segregation; Transatlantic Slave Trade/Slavery; U.S. History,18th Century; 19th Century; 20th Century; 21st Century,Minority Serving Institution (Graduate),Faculty; Graduate Students,Data Not Available,Grants/Awards (Institutional/Internal); Grants/Awards (Public: State or Local)
bdph_0677,Genoa Indian School,https://genoaindianschool.org/home,"We honor the Pawnee people on whose land the Genoa school was built and the thousands of children from at least forty tribal nations who attended the school. We offer this site to their descendants and communities, who have survived and persevered despite the US government’s attempt to eradicate Indian cultures and sovereignties.",2018,2018,2025,2025,Updated 2025-2026,2010s,Digital,United States,"Genoa, NE",Genoa,N/A,N/A,41.4486243,-97.7306076,1,No,26-50,2,2,2,1,3,1,3,No,No,No,Complete,Needs location detail review,Digital Collections/Databases/Archives; Digital Publishing & Digital Editions,Colonialism & Post-Colonialism/Decolonization; U.S. History,19th Century; 20th Century,Inter-Institution Partnership,Community Members; Digital/Design Professionals; Faculty,Data Not Available,Grants/Awards (Institutional/Internal); Grants/Awards (Private: Foundations/Charities); Grants/Awards (Public/Federal)
bdph_0678,Black Memory Collective,https://www.blackmemorycollective.com/,"Our mission is to ignite positive futures by collectively preserving, remembering, and imagining otherwise. We call attention to the systemic erasure of Black memory and the need for structural change in traditional archival institutions. We understand the power of Black archives for community activism, collective healing, and Black consciousness.",2023,2023,2025,2025,Updated 2025-2026,2020s,Mixed,Canada,"Toronto, Ontario, Canada",Toronto,N/A,Canada,43.653226,-79.3831843,2,Yes,6-10,2,3,6,1,2,1,1,No,No,No,Complete,Location detail present,Educational Resources; Events/Programming,Black Education/Black Students; Black People and Technology; Digital Humanities,16th Century; 17th Century; 18th Century; 19th Century; 20th Century; 21st Century,Community Group,Community Members; Digital/Design Professionals,Data Not Available,Other/Unknown
bdph_0679,Solid Black Collective,https://www.solidblackcollective.com/meetourteam,"Our mission is to be a catalyst for change for our Canadian Black diaspora community through our lived experiences and multiple design practices. We are guided by principles of decolonization, diversity and equity, sustainability, interdisciplinarity, health, and wellness.",2023,2023,2023,2023,Updated 2023-2024,2020s,Digital,Canada,"Ontario College of Art and Design University, Canada",Ontario College of Art and Design University,N/A,Canada,43.65318449999999,-79.3914842,2,Yes,1-5,1,2,1,1,2,1,1,No,No,No,Complete,Location detail present,Digital Publishing & Digital Editions,Black People - Race Identity; Black People and Technology,21st Century,PWI (Graduate),Digital/Design Professionals; Faculty,Data Not Available,Other/Unknown
bdph_0680,Mapping Ontario's Black Archives,https://mobaprojects.ca/,This project has as its goal the building of digital infrastructure that will increase the visibility and discoverability of Black archives in Ontario.,2021,2021,2025,2025,Updated 2025-2026,2020s,Digital,Canada,"Toronto, Canada",Toronto,N/A,Canada,43.653226,-79.3831843,2,Yes,6-10,1,3,1,1,3,1,1,No,No,No,Complete,Location detail present,Data Mining/Mapping/Visualization,Black People - Race Identity; Black People and Technology; Digital Humanities,21st Century,Community Group,Community Members; Faculty; Graduate Students,Data Not Available,Grants/Awards (Public/Federal)
bdph_0681,Black Communication and Technology Lab,https://www.bcatlab.org/,"The BCaT Lab enlivens a new generation of scholars with interests in Black Studies and Cultural Production, Digital Humanities, Critical Race work, and more. We introduce undergraduates to digital research through workshops and coursework, help students navigate graduate research, and create a mentoring network for students and faculty to navigate Black digital studies within the humanities, focusing on collaboration across generations.",2023,2023,2025,2025,Updated 2025-2026,2020s,Physical,United States,"University of Maryland, Maryland",University of Maryland,N/A,N/A,39.2892118,-76.6236815,1,No,11-25,2,2,1,1,3,1,1,No,No,No,Complete,Needs location detail review,Educational Resources; Events/Programming,Black Education/Black Students; Black Music,21st Century,PWI (Graduate),Faculty; Graduate Students; Undergraduate Students,Data Not Available,Grants/Awards (Private: Foundations/Charities)
bdph_0682,Black Lit Network,https://www.blacklitnetwork.org/,BLN is designed to make information and ideas about African American novels widely available. The portals for the Network address several basic yet enduring questions: What’s a good African American novel to read? What’s the story behind the publication of some famous novels by black writers? What’s the relationship of one novel to dozens of other novels? What key terms assist us in understanding the works of black writers?,2023,2023,2025,2025,Updated 2025-2026,2020s,Digital,United States,"Edwardsville, IL 62026",N/A,IL,USA,38.7928034,-89.9953376,1,No,26-50,2,1,3,1,3,1,2,No,No,No,Complete,Needs location detail review,Digital Collections/Databases/Archives; Educational Resources,Black Literature,19th Century; 20th Century; 21st Century,Inter-Institution Partnership,Faculty; Fellows and/or Postdocs; Graduate Students,Data Not Available,Grants/Awards (Private: Foundations/Charities); Grants/Awards (Public/Federal)
bdph_0683,Institute of the Black World 21st Century,https://ibw21.org/,"IBW provides tactical and strategic support to other organizations with action initiatives in similar areas of focus. We provide public policy analysis, facilitate cross organizational dialogue and collaboration, build bridges of discourse and encourage collective action among a range of community organizers, social justice advocates, human rights activists, scholars and journalists.",1969,1969,2025,2025,Updated 2025-2026,1960s,Mixed,United States,"Elmhurst, NY",Elmhurst,N/A,N/A,40.73940350000001,-73.8779431,1,No,11-25,2,2,1,1,1,1,2,No,No,No,Complete,Needs location detail review,Events/Programming; Resource Hub,Black Activism/Advocacy; Politics and Government,21st Century,Non-profit/NGO,Community Members,Data Not Available,Grants/Awards (Private: Foundations/Charities); Small Donations
bdph_0684,Octavia E. Butler Legacy Network,http://octaviabutlerlegacy.com/,"Octavia E. Butler Legacy Network is an organization founded in 2011 during doctoral research on Octavia Butler. We maintain a digital presence as a community to gather, share information, and talk about Octavia Butler, her legacy, and the things that we’re doing that reflect some of the principles in her writing. We’re journalists, writers, musicians, physicians, humanitarians, scholars, K-12 teachers, people with regular jobs.",2011,2011,2019,2019,Last update before 2020,2010s,Digital,United States,"Lake Forest Park, WA",Lake Forest Park,N/A,N/A,47.7601288,-122.283982,1,No,1-5,2,1,1,1,1,1,1,No,No,No,Complete,Needs location detail review,Educational Resources; Exhibits & Digital Storytelling,Black Literature,20th Century,Independent Scholar/Individual Research,Digital/Design Professionals,Data Not Available,Small Donations
bdph_0685,Grow Greater Englewood,https://www.growgreater.org/,"Established in 2017, Grow Greater Englewood (GGE) works in partnership with community stakeholders to develop local food economies and land sovereignty which empower residents to thrive in an African centered community in which all people have resources to live safe, happy, healthy, and fulfilling lives.",2017,2017,2025,2025,Updated 2025-2026,2010s,Mixed,United States,"Englewood, Chicago, IL",Englewood,N/A,N/A,41.775305,-87.6416419,1,No,11-25,2,1,1,1,1,1,2,No,No,No,Complete,Needs location detail review,Events/Programming; Resource Hub,Black Communities/Urban Renewal,21st Century,Non-profit/NGO,Community Members,Data Not Available,In-Kind Support; Small Donations
bdph_0686,The Activist Studio West,https://activiststudiowest.omeka.net/,"The Activist Studio West (ASW) is an online digital archive of multi-media sources. It’s principle purpose is to house digital materials involved in making, “Inside the Activist Studio” (ITAS), a project initiated and produced by The Campaign to Bring Mumia Home.",2019,2019,2020,2020,Updated 2020-2022,2010s,Digital,United States,"Irvine, CA",Irvine,N/A,N/A,33.6845673,-117.8265049,1,No,1-5,2,1,1,1,2,1,1,No,No,No,Complete,Needs location detail review,Digital Collections/Databases/Archives; Digital Publishing & Digital Editions,Black Activism/Advocacy,21st Century,HBCU (Graduate),Faculty; Graduate Students,Data Not Available,Grants/Awards (Institutional/Internal)
bdph_0687,Building Early Accra,https://www.accraarchive.com/,"The building Early Accra (bEA) Project has digitised a collection of architectural and administrative archival records created from as early as 1894 in what was then known as The Gold Coast. These are among the earliest collections of bureaucratic documents still available in the country, and they pre-date the formation of Ghana as an independent nation-state.",2020,2020,2022,2022,Updated 2020-2022,2020s,Digital,United States,"John Evans Atta Mills High Street, Accra, Ghana",John Evans Atta Mills High Street,N/A,Ghana,5.5428577,-0.2053712,1,No,11-25,2,1,3,1,3,1,3,No,No,No,Complete,Location detail present,Digital Collections/Databases/Archives; Digital Publishing & Digital Editions,African History,19th Century; 20th Century; 21st Century,Non-profit/NGO,Community Members; Faculty; Graduate Students,Data Not Available,Grants/Awards (International); In-Kind Support; Small Donations
bdph_0688,Advocate Recovered,https://www.advocaterecovered.org/,"Advocate Recovered (AR) is a critical making digital recovery project designed by Dr. Julian C. Chambliss from the Department of English at Michigan State University. Originally conceived while he was a faculty member at Rollins College in Winter Park, Florida, this project grew from a digital simulation examining the political life of the African-American community in Winter Park, Florida.",2015,2015,2019,2019,Last update before 2020,2010s,Digital,United States,"Michigan State University, East Lansing, MI",Michigan State University,N/A,N/A,42.7250725,-84.47908269999999,3,Yes,1-5,2,2,1,1,1,1,1,No,No,No,Complete,Needs location detail review,Digital Collections/Databases/Archives; Digital Publishing & Digital Editions,Black Activism/Advocacy; U.S. History,19th Century,PWI (Graduate),Faculty,Data Not Available,Other/Unknown
bdph_0689,The African-American Mosaic,https://www.loc.gov/exhibits/african/,"This exhibit marks the publication of The African-American Mosaic: A Library of Congress Resource Guide for the Study of Black History and Culture. A noteworthy and singular publication, the Mosaic is the first Library-wide resource guide to the institution's African-American collections. Covering the nearly 500 years of the black experience in the Western hemisphere, the Mosaic surveys the full range size, and variety of the Library's collections, including books, periodicals, prints, photographs, music, film, and recorded sound. Moreover, the African-American Mosaic represents the start of a new kind of access to the Library's African-American collections, and, the Library trusts, the beginning of reinvigorated research and programming drawing on these, now systematically identified, collections.",1994,1994,1998,1998,Last update before 2020,1990s,Mixed,United States,"101 Independence Ave SE, Washington, DC 20540",Washington,DC,USA,38.8881592,-77.0052109,5,Yes,11-25,2,3,1,1,2,1,1,No,No,No,Complete,Location detail present,Digital Collections/Databases/Archives; Digital Publishing & Digital Editions,Black People - Race Identity; Politics and Government; U.S. History,20th Century,Public Library,Digital/Design Professionals; Library Professionals,Data Not Available,Other/Unknown
bdph_0690,African-Native American Genealogy,https://www.african-nativeamerican.com/,"The past several years has witnessed an increase in family history, as well as an interest in the histories of African and Native families. There has been discussion from the Smithsonian to the airwaves, about the possibility of the documentation of such families. This page will provide reliable resources to document this unique history, and will provide opportunity to learn more about the scholars that are also chronicling this history.",1997,1997,2024,2024,Updated 2023-2024,1990s,Mixed,United States,"Maryland, US",Maryland,N/A,N/A,39.0457549,-76.64127119999999,1,No,1-5,3,2,5,1,1,1,1,No,No,No,Complete,Needs location detail review,Digital Publishing & Digital Editions; Educational Resources; Events/Programming,Black People - Race Identity; U.S. History,17th Century; 18th Century; 19th Century; 20th Century; 21st Century,Independent Scholar/Individual Research,Faculty,Data Not Available,Other/Unknown
bdph_0691,African Regions,https://africanregions.org/,"AfricanRegions.org is helpful for researching and teaching this continent’s complex history in broad, regional terms. It centers on a geographic hierarchy that divides Africa into six broad regions that are sub-divided into 34 subregions, including major offshore islands.",2022,2022,2025,2025,Updated 2025-2026,2020s,Digital,United States,"Boulder, CO",Boulder,N/A,N/A,40.0189728,-105.2747406,2,Yes,26-50,2,1,5,1,2,1,2,No,No,No,Complete,Needs location detail review,Data Mining/Mapping/Visualization; Educational Resources,African History,16th Century; 17th Century; 18th Century; 19th Century; 20th Century,Inter-Institution Partnership,Digital/Design Professionals; Faculty,Data Not Available,Grants/Awards (Private: Foundations/Charities); Grants/Awards (Public/Federal)
bdph_0692,African Timelines,https://web.cocc.edu/cagatucci/classes/hum211/timelines/htimelinetoc.htm,"African Timelines provides content in an effort ""to correct [Western] misrepresentations and restore the true value and place of Negro culture and achievement in the sum total of human progress that makes the study of African history today a double necessity for both Africans and non-Africans.""",2007,2007,2010,2010,Last update before 2020,2000s,Digital,United States,"2600 N.W. College Way, Bend, Oregon 97703",BEND,OR,USA,44.0702329,-121.3454325,1,No,1-5,2,1,7,1,1,1,1,No,No,No,Complete,Location detail present,Digital Publishing & Digital Editions; Educational Resources,African History,14th Century and Earlier; 15th Century; 16th Century; 17th Century; 18th Century; 19th Century; 20th Century,University (Other),Faculty,Data Not Available,Other/Unknown
bdph_0693,AfriGeneas,https://www.afrigeneas.org/,"AfriGeneas is a site devoted to African American genealogy, to researching African Ancestry in the Americas in particular and to genealogical research and resources in general. It is also an African Ancestry research community featuring the AfriGeneas mail list, the AfriGeneas message boards and daily and weekly genealogy chats.",1999,1999,2025,2025,Updated 2025-2026,1990s,Digital,United States,"Santa Barbara, CA",Santa Barbara,N/A,N/A,34.420285,-119.698935,1,No,26-50,1,2,4,1,2,1,2,No,No,No,Complete,Needs location detail review,Educational Resources,African History; U.S. History,18th Century; 19th Century; 20th Century; 21st Century,Community Group,Community Members; Digital/Design Professionals,Data Not Available,Merchandise/Sales; Small Donations
bdph_0694,Afro-Louisiana History and Genealogy Database,https://www.ibiblio.org/laslave/,"In 1984, a professor at Rutgers University stumbled upon a trove of historic data in a courthouse in Pointe Coupee Parish, Louisiana. Over the next 15 years, Dr. Gwendolyn Midlo Hall, a noted New Orleans writer and historian, painstakingly uncovered the background of 100,000 slaves who were brought to Louisiana in the 18th and 19th centuries making fortunes for their owners. There are many who have a stake in being able to freely access this data, from historians, genealogists, anthropologists, geneticists and linguists , to Americans seeking keys to their past. Dr. Hall shares with others an interest in seeing that her research and databases reach the broadest possible audience. Together, Dr. Hall, the Center for the Public Domain, and ibiblio.org bring you the Afro-Louisiana History and Genealogy 1699 - 1820 Database, a user-friendly, searchable, online database that is freely accessible to the public.",2000,2000,2015,2015,Last update before 2020,2000s,Digital,United States,"University of North Carolina at Chapel Hill, NC",N/A,N/A,N/A,35.9049122,-79.0469134,1,No,1-5,2,2,2,1,1,1,1,No,No,No,Complete,Needs location detail review,Data Mining/Mapping/Visualization; Digital Collections/Databases/Archives,Transatlantic Slave Trade/Slavery; U.S. History,18th Century; 19th Century,PWI (Undergraduate),Faculty,Data Not Available,Other/Unknown
bdph_0695,American Slave Narratives: An Online Anthology,https://web.archive.org/web/20230927083239/http://xroads.virginia.edu/~Hyper/WPA/wpahome.html,"From 1936 to 1938, over 2,300 former slaves from across the American South were interviewed by writers and journalists under the aegis of the Works Progress Administration. These former slaves, most born in the last years of the slave regime or during the Civil War, provided first-hand accounts of their experiences on plantations, in cities, and on small farms. Their narratives remain a peerless resource for understanding the lives of America's four million slaves. What makes the WPA narratives so rich is that they capture the very voices of American slavery, revealing the texture of life as it was experienced and remembered. Each narrative taken alone offers a fragmentary, microcosmic representation of slave life. Read together, they offer a sweeping composite view of slavery in North America, allowing us to explore some of the most compelling themes of nineteenth-century slavery, including labor, resistance and flight, family life, relations with masters, and religious belief.",1996,1996,1998,1998,Last update before 2020,1990s,Digital,United States,"Charlottesville, VA",Charlottesville,N/A,N/A,38.0301826,-78.4769353,3,Yes,1-5,1,2,3,1,1,1,1,No,No,No,Complete,Needs location detail review,Digital Publishing & Digital Editions,Transatlantic Slave Trade/Slavery; U.S. History,18th Century; 19th Century; 20th Century,PWI (Graduate),Faculty,Data Not Available,Other/Unknown
bdph_0696,Art of the Sudanese Revolution,https://sudanrevolutionart.org/,"The Sudanese sit-in, hallmark of the peaceful and powerful #SudanUprising revolution, was staged in the shadow of the Army Military HQ (Al-Qiada) in central Khartoum from April 6th, 2019 to June 3rd, 2019. The sit-in was home to immense beauty and freedom of expression that was reflected in the wealth of art and revolutionary murals that blossomed there. The map above details the site of the sit-in in the capital Khartoum and the exact locations of many of the murals that were covered up or vandalized. Click to open details of the artists who contributed to the work and descriptions of each piece. Crowdsourced pictures are included for all murals.",2019,2019,2019,2019,Last update before 2020,2010s,Digital,Sudan,"Khartoum, Sudan",Khartoum,N/A,Sudan,15.597431,32.535587,1,No,1-5,2,3,1,1,1,1,1,No,No,No,Complete,Location detail present,Data Mining/Mapping/Visualization; Exhibits & Digital Storytelling,African History; Black Activism/Advocacy; Black Visual and Performance Art,21st Century,Independent Scholar/Individual Research,Community Members,Data Not Available,Other/Unknown
bdph_0697,Baquaqua,https://baquaqua.org/Public/,"Mahommah Gardo Baquaqua, like many other Africans enslaved in the Americas, had a hometown, a family, and in some of his youth suffered from the violence of the war. He was enslaved and exported through the most important slave port in West Africa, the port of Udai (Whydah), in the kingdom of Dahomey. He was then sent to Brazil in a tumbeiro (slave ship) and unloaded on a beach in the north of Pernambuco in 1845. At that time, the transatlantic slave trade was already prohibited in Brazil. Therefore, his status as a slave, by law, would already be illegal.",2022,2022,2025,2025,Updated 2025-2026,2020s,Digital,United States,"150 Park Row, New York, NY 10007, USA",N/A,NY,USA,40.7131241,-74.0012139,1,No,Unspecified,2,1,1,1,1,1,1,No,No,No,Complete,Needs location detail review,Digital Publishing & Digital Editions; Educational Resources,Historical Figure,19th Century,Inter-Institution Partnership,Other/Unknown,Data Not Available,Other/Unknown
bdph_0698,The Black Archives - Amsterdam,https://www.theblackarchives.nl/home.html,"The Black Archives is a unique historical archive where one can go for inspiring conversations, substantive activities and books from black and other perspectives that are often underexposed elsewhere.",2015,2015,2025,2025,Updated 2025-2026,2010s,Mixed,The Netherlands,"Bijlmerplein 140, 1102 DB Amsterdam, Netherlands",Bijlmerplein 140,N/A,Netherlands,52.3143527,4.953854,1,No,1-5,2,2,3,1,1,1,2,No,No,No,Complete,Location detail present,Events/Programming; Exhibits & Digital Storytelling,African Diaspora/Migration; Black People - Race Identity,19th Century; 20th Century; 21st Century,Non-profit/NGO,Community Members,Data Not Available,Paywall/Access fees; Small Donations
bdph_0699,Black Artists in the Museum,https://black-artists-in-the-museum.com/,"Why did the Baltimore Museum of Art put on an exhibition of black arts in 1939, and why didn’t the show launch a more sustained engagement with African American artists? What matters about this story today, at a moment when overt nativism and racism is rampant in our public discourse and the American Alliance of Museums has set inclusiveness as a strategic priority for its members? What might it mean for Baltimore, which witnessed significant protests in the wake of the death of Freddie Grey while in police custody, and saw its Confederate monuments removed in response to events in Charlottesville, VA? These are the questions that guide the project Black Artists in the Museum, a collaborative venture between the Baltimore Museum of Art and the Johns Hopkins University’s Program in Museums and Society.",2017,2017,2019,2019,Last update before 2020,2010s,Digital,United States,"10 Art Museum Dr, Baltimore, MD 21218",N/A,MD,USA,39.3259955,-76.6195034,1,No,1-5,1,2,2,1,1,1,1,No,No,No,Complete,Needs location detail review,Digital Publishing & Digital Editions,Black Visual and Performance Art; Race Relations/Racial Inequality/Racism,20th Century; 21st Century,Independent Scholar/Individual Research,Faculty,Data Not Available,Other/Unknown
bdph_0700,Black at Bryn Mawr,https://www.brynmawr.edu/inside/offices-services/impact-center/intercultural-engagement/black-bryn-mawr,"The Black at Bryn Mawr program brings to light the previously hidden stories and experiences of African-American students, staff and faculty at the College.",2015,2015,2024,2024,Updated 2023-2024,2010s,Physical,United States,"Bryn Mawr College, PA",Bryn Mawr College,N/A,N/A,40.0278802,-75.3144595,1,No,1-5,2,2,3,1,1,1,1,No,No,No,Complete,Needs location detail review,Educational Resources; Local History & Local Places,Black Education/Black Students; Black People - Race Identity,19th Century; 20th Century; 21st Century,PWI (Undergraduate),Faculty,Data Not Available,Other/Unknown
bdph_0701,Black Cultural Archives,https://blackculturalarchives.org/,"Our mission is to collect, preserve, and celebrate the histories of people of African and Caribbean descent in the UK and to inspire and give strength to individuals, communities, and society.",1981,1981,2025,2025,Updated 2025-2026,1980s,Mixed,United Kingdom,"1 Windrush Square, Brixton, SW2 1EF, UK",1 Windrush Square,N/A,United Kingdom,51.46051629999999,-0.1146004,1,No,Unspecified,2,1,8,1,1,1,4,No,No,No,Complete,Location detail present,Digital Collections/Databases/Archives; Events/Programming,Black People - Race Identity,14th Century and Earlier; 15th Century; 16th Century; 17th Century; 18th Century; 19th Century; 20th Century; 21st Century,Non-profit/NGO,Other/Unknown,Data Not Available,In-Kind Support; Merchandise/Sales; Paywall/Access fees; Small Donations
bdph_0702,The Black Digital Humanities Lab,https://blackdigitalhumanities.com/,"The Black Digital Humanities Lab is an emerging project created in collaboration between the Jackson State University Department of Art and Theatre and the Diversity Working Group at the University of Toronto. Premised on the understanding that Black Digital Humanities can allow us to “forge new paths [and] examine, construct, and reimagine innovative communities and people"" (Prince & Messina, 2022), the goal of this lab is to help foster more Black Digital Humanists through experimental project-based learning and undergraduate programming both in and outside the classroom.",2022,2022,2025,2025,Updated 2025-2026,2020s,Mixed,United States,"Jackson State University, 1400 John R. Lynch St., Jackson, MS 39217",N/A,MS,USA,32.2968882,-90.2063989,1,No,6-10,2,2,1,1,3,1,1,No,No,No,Complete,Needs location detail review,Digital Publishing & Digital Editions; Events/Programming,Black Education/Black Students; Digital Humanities,21st Century,Inter-Institution Partnership,Digital/Design Professionals; Faculty; Graduate Students,Data Not Available,Other/Unknown
bdph_0703,Black Fashion Canada Database,https://blackfashioncanada.ca/database/,"This project started as a community discussion on Facebook in 2021, one quickly enriched by an outpouring of suggestions, memories, nostalgia, and love from prior colleagues in the industry. As so this database was born: to preserve, document, and celebrate the contributions of these fashion pioneers. We have collected (and will continue to collect) biographical profiles, photographs, media clips, and relevant archival materials.",2022,2022,2025,2025,Updated 2025-2026,2020s,Digital,Canada,"350 Victoria Street, Toronto, ON M5B 2K3",350 Victoria Street,N/A,Canada,43.65829859999999,-79.3807846,1,No,1-5,2,2,2,1,1,1,1,No,No,No,Complete,Location detail present,Digital Collections/Databases/Archives; Exhibits & Digital Storytelling,Arts/Crafts/Design; Black Visual and Performance Art,20th Century; 21st Century,Community Group,Community Members,Data Not Available,Other/Unknown
bdph_0704,Black Gospel Archive,https://library.web.baylor.edu/gospel,"The Black Gospel Archive (BGA) encompasses the Baylor Libraries’ numerous programs, projects, archival collections, and resources that identify, collect, preserve, and make accessible Black sacred materials.",2023,2023,2025,2025,Updated 2025-2026,2020s,Digital,United States,"1312 S 3rd Street, Waco, TX 76706",N/A,TX,USA,31.5488512,-97.1177251,1,No,6-10,1,2,4,1,1,1,2,No,No,No,Complete,Needs location detail review,Digital Collections/Databases/Archives,Black Music; Black Religions,18th Century; 19th Century; 20th Century; 21st Century,University Library,Library Professionals,Data Not Available,Grants/Awards (Institutional/Internal); Grants/Awards (Private: Foundations/Charities)
bdph_0705,Black Lives Next Door,https://research.centerformasonslegacies.com/s/blnd/page/home,"Black Lives Next Door is a project of the Center for Mason Legacies (CML), an interdisciplinary and collaborative research center established by the University Libraries and the College of Humanities and Social Sciences. The Center's mission is to preserve and explore the legacies of George Mason IV (1725-1792), his ancestors and heirs, and the people he enslaved. To advance this work, CML supports students who critically examine the past and present influences of our university namesake through scholarly research, public history, teaching innovation, and community outreach.",2020,2020,2021,2021,Updated 2020-2022,2020s,Digital,United States,George Mason University,George Mason University,N/A,N/A,38.8314094,-77.31115299999999,3,Yes,11-25,2,2,1,1,3,1,1,No,No,No,Complete,Needs location detail review,Educational Resources; Exhibits & Digital Storytelling,Black Education/Black Students; Segregation,20th Century,Minority Serving Institution (Graduate),Faculty; Graduate Students; Undergraduate Students,Data Not Available,Other/Unknown
bdph_0706,Black People Thriving,https://blackpeoplethriving.wordpress.com/,The purpose of this project is to highlight the experiences of Black people in the IE and how they have built resilient communities.,2021,2021,2022,2022,Updated 2020-2022,2020s,Digital,United States,"Claremont, CA",Claremont,N/A,N/A,34.0966764,-117.7197785,1,No,Unspecified,1,1,1,1,2,1,1,No,No,No,Complete,Needs location detail review,Exhibits & Digital Storytelling,Black People - Race Identity,21st Century,PWI (Undergraduate),Faculty; Undergraduate Students,Data Not Available,Other/Unknown
bdph_0707,The Black Religious Liberty Curriculum,https://lawrightsreligion.org/our-work/brlc,"The Black Religious Liberty Curriculum (BRLC) is a twelve-part video series featuring 24 interdisciplinary scholars in conversation on topics at the intersection of race, religion, and the law. The curriculum was created to expand, reframe, and diversify the public conversation on “religious liberty.” Our ultimate aim is to encourage a more pluralistic approach to religious liberty rights. By examining religious liberty through the lived experiences of Black religious communities, we hope to better understand the history of American religious freedom and generate new ideas for how we might work toward a truly pluralistic nation.",2024,2024,2024,2024,Updated 2023-2024,2020s,Digital,United States,"Columbia Law School, 435 West 116th Street, Mailbox E9, New York, NY 10027",N/A,NY,USA,40.8068214,-73.9606063,1,No,1-5,1,5,3,1,3,1,2,No,No,No,Complete,Needs location detail review,Educational Resources,Black Activism/Advocacy; Black Religions; Politics and Government; Race Relations/Racial Inequality/Racism; U.S. History,19th Century; 20th Century; 21st Century,Non-profit/NGO,Community Members; Faculty; Other/Unknown,Data Not Available,Grants/Awards (Public/Federal); Small Donations
bdph_0708,"Blackness, Immobility, & Visibility in Europe (1600-1800) – A Collaborative Timeline",https://www.journal18.org/nq/blackness-immobility-visibility-in-europe-1600-1800-a-collaborative-timeline/,"This crowdsourced timeline chronicles the representation and regulation of black bodies in Europe, circa 1600-1800. As a tool for research and teaching, it allows users to cross-reference artworks and historical events in spatial and visual relation to one another. For an introduction to the timeline, the collaborative project behind it, and the critical terrain around it, see Blackness, Immobility, & Visibility in Europe: A Digital Collaboration, by Zirwat Chowdhury.",2020,2020,2020,2020,Updated 2020-2022,2020s,Digital,United States,"303 Silver Center, 100 Washington Square East, New York, NY 10003 USA",N/A,NY,USA,40.7300976,-73.995693,1,No,51+,2,4,3,1,1,1,1,No,No,No,Complete,Needs location detail review,Data Mining/Mapping/Visualization; Digital Publishing & Digital Editions,African History; Black People - Race Identity; Caribbean History; U.S. History,17th Century; 18th Century; 19th Century,Historical Society,Faculty,Data Not Available,Other/Unknown
bdph_0709,The Burnham-Nobles Digital Archive,https://crrjarchive.org/,"The Burnham-Nobles Archive is a digital resource dedicated to identifying, classifying, and providing factual information and documentation about anti-Black killings in the mid-century South.",2022,2022,2025,2025,Updated 2025-2026,2020s,Digital,United States,Northeastern University,Northeastern University,N/A,N/A,42.339904,-71.0898892,1,No,26-50,1,3,1,1,3,1,1,No,No,No,Complete,Needs location detail review,Digital Collections/Databases/Archives,Lynching/Race Riots/Police Brutality; Segregation; U.S. History,20th Century,Inter-Institution Partnership,Faculty; Graduate Students; Undergraduate Students,Data Not Available,Grants/Awards (Private: Foundations/Charities)
bdph_0710,Chesapeake Heartland,https://chesapeakeheartland.org/,"The mission of Chesapeake Heartland: An African American Humanities Project is to preserve, digitize, interpret, and make accessible materials related to African American history and culture in Kent County, Maryland and beyond. In collaboration with the National Museum of African American History and Culture, Washington College’s Starr Center for the Study of the American Experience, and a diverse array of local organizations, Chesapeake Heartland seeks to build a model of grassroots preservation, curation, and interpretation for communities across the region.",2020,2020,2025,2025,Updated 2025-2026,2020s,Digital,United States,"101 S. Water Street, Chestertown, MD 21620",N/A,MD,USA,39.20713569999999,-76.06389589999999,1,No,26-50,3,2,2,1,1,1,2,No,No,No,Complete,Needs location detail review,Digital Publishing & Digital Editions; Local History & Local Places; Resource Hub,Black People - Race Identity; U.S. History,20th Century; 21st Century,Non-profit/NGO,Community Members,Data Not Available,Grants/Awards (Private: Foundations/Charities); Grants/Awards (Public: State or Local)
bdph_0711,Christiansburg Institute,https://www.christiansburginstitute.com/,"Christiansburg Institute (CI, Inc.) is a grassroots 501c3 cultural heritage nonprofit with a mission of community education, intergenerational empowerment, and the responsible stewardship of African American history and culture in Southwest Virginia.",2020,2020,2025,2025,Updated 2025-2026,2020s,Digital,United States,"Christiansburg, Virginia, 24073",Christiansburg,VA,USA,37.1298517,-80.4089389,1,No,11-25,2,1,3,1,1,1,3,No,No,No,Complete,Location detail present,Digital Collections/Databases/Archives; Local History & Local Places,Black Communities/Urban Renewal,19th Century; 20th Century; 21st Century,Non-profit/NGO,Community Members,Data Not Available,Merchandise/Sales; Paywall/Access fees; Small Donations
bdph_0712,Columbia University and Slavery,https://columbiaandslavery.columbia.edu/,"Based on census records, Columbia affiliates (administrators, trustees, professors) past, present, and future, enslaved at least 227 people in 1790, 148 in 1800, 70 in 1810, and 9 in 1820. Based on census records, at least two Columbia College presidents, nineteen professors, seventy-three Trustees, and a provost, all enslaved people. We have identified 120 individuals enslaved by Columbia affiliates between 1741 and 1817.",2014,2014,2015,2015,Last update before 2020,2010s,Digital,United States,"Columbia University, NY",Columbia University,N/A,N/A,40.8075355,-73.9625727,5,Yes,1-5,2,2,2,1,2,1,1,No,No,No,Complete,Needs location detail review,Digital Publishing & Digital Editions; Educational Resources,Transatlantic Slave Trade/Slavery; U.S. History,18th Century; 19th Century,PWI (Graduate),Faculty; Undergraduate Students,Data Not Available,Other/Unknown
bdph_0713,Database of Mount Vernon's Enslaved Community,https://www.mountvernon.org/george-washington/slavery/slavery-database,"The Database of Mount Vernon’s Enslaved Community project was launched in 2013 with the goal of drawing increased attention to the hundreds of enslaved individuals who not only labored on George Washington’s plantations but also built families and communities. This project aims to provide researchers, descendants, educators, and the general public with a user-friendly database that offers access to primary source references, genealogical information, and teaching materials about the enslaved community at Mount Vernon.",2013,2013,2025,2025,Updated 2025-2026,2010s,Digital,United States,"3200 Mount Vernon Memorial Highway, Mount Vernon, VA 22121",N/A,VA,USA,38.7107512,-77.08705359999999,2,Yes,Unspecified,2,2,1,1,1,1,1,No,No,No,Complete,Needs location detail review,Digital Collections/Databases/Archives; Educational Resources,Transatlantic Slave Trade/Slavery; U.S. History,18th Century,Historical Society,Museum Professionals,Data Not Available,Other/Unknown
bdph_0714,Diasporal Rhythms,https://diasporalrhythms.org/,"Our mission is to collect, promote and preserve art from the African Diaspora by encouraging individuals and institutions to appreciate and acquire this art.",2022,2022,2025,2025,Updated 2025-2026,2020s,Digital,United States,"4301 S Ellis Ave, #207, Chicago, IL",N/A,N/A,N/A,41.8166793,-87.60147599999999,1,No,Unspecified,1,2,1,1,1,1,4,No,No,No,Complete,Needs location detail review,Events/Programming,Black Music; Black People - Race Identity,21st Century,Non-profit/NGO,Other/Unknown,Data Not Available,Merchandise/Sales; Other/Unknown; Paywall/Access fees; Small Donations
bdph_0715,Dig Where You Stand,https://www.dwys.co.uk/,"In our version of Dig Where You Stand, emphasis is placed on the racial dimension of working class histories. In particular, there is a focus on stories from before 1945. This is to address mainstream narratives about migration in Britain, which suggest that people of colour only came to these shores after World War II. Our work shows that people of colour are deeply embedded in the history of South Yorkshire. This overlooked regional history nuances wider accounts of migration, diaspora and the operation of race and racism in Britain.",2021,2021,2025,2025,Updated 2025-2026,2020s,Digital,United Kingdom,"Sheffield, UK",Sheffield,N/A,United Kingdom,53.38112899999999,-1.470085,1,No,11-25,7,19,9,3,10,3,4,Yes,Yes,Yes,Complete,Location detail present,Art and Performance; Digital Collections/Databases/Archives; Educational Resources; Events/Programming; Exhibits & Digital Storytelling; Local History & Local Places; Oral Histories,Abolitionists/Emancipation/Reconstruction; African Diaspora/Migration; African History; Arts/Crafts/Design; Black Activism/Advocacy; Black Communities/Urban Renewal; Black Education/Black Students; Black Music; Black Studies; Black Visual and Performance Art; Black Women/Feminism; Caribbean History; Civil Rights Movement/Black Power; Colonialism & Post-Colonialism/Decolonization; Historical Figure; LBGTQIA+/Queer Studies; Race Relations/Racial Inequality/Racism; Segregation; Transatlantic Slave Trade/Slavery,14th Century and Earlier; 15th Century; 16th Century; 17th Century; 18th Century; 19th Century; 20th Century; 21st Century; Other/Unknown,Community Group; Non-profit/NGO; Other/Unknown,Community Members; Digital/Design Professionals; Faculty; Fellows and/or Postdocs; Graduate Students; K-12 Educators; Library Professionals; Museum Professionals; Other/Unknown; Undergraduate Students,BIPOC Run; Community Run; Women Run,Grants/Awards (Public/Federal); Grants/Awards (Public: State or Local); In-Kind Support; Institutional Operating Budget (Internal)
bdph_0716,Digital Black Religions,https://digitalblackreligions.com/,"Digital Black Religions is an online survey and analysis of the digital religious practices and beliefs of Black people in the United States. The survey was created by social scientists and digital humanities researchers at the University of Arizona. Research consultants from diverse digital faith communities, museums, and organizations offered invaluable feedback on the survey design and instrumentation.",2020,2020,2023,2023,Updated 2023-2024,2020s,Digital,United States,"1200 E University Blvd, Tucson, AZ 85721",N/A,AZ,USA,32.2318891,-110.9534867,1,No,1-5,2,2,1,1,2,1,2,No,No,No,Complete,Needs location detail review,Digital Publishing & Digital Editions; Exhibits & Digital Storytelling,Black People and Technology; Black Religions,21st Century,PWI (Graduate),Faculty; Library Professionals,Data Not Available,Grants/Awards (Private: Foundations/Charities); Grants/Awards (Public/Federal)
bdph_0717,The Digital PV Panther Project,https://pvpantherproject.com/,Our mission at the Digital PV Panther Project is to eliminate historical silences through digital storytelling and prevent the erasure of African American history through historic preservation at PVAMU.,2021,2021,2025,2025,Updated 2025-2026,2020s,Digital,United States,"Prairie View A&M University, TX",Prairie View A&M University,N/A,N/A,30.0954974,-95.9907076,1,No,11-25,2,3,1,1,4,1,2,No,No,No,Complete,Needs location detail review,Digital Collections/Databases/Archives; Digital Publishing & Digital Editions,Black Activism/Advocacy; Civil Rights Movement/Black Power; U.S. History,20th Century,HBCU (Graduate),Community Members; Digital/Design Professionals; Graduate Students; Library Professionals,Data Not Available,Grants/Awards (Public/Federal); Grants/Awards (Public: State or Local)
bdph_0718,Digital Slavery Research Lab,https://www.colorado.edu/lab/dsrl/,"The Digital Slavery Research Lab (DSRL) focuses on developing, linking, layering, and archiving open-source data and multimedia related to the global phenomenon of slavery and human trafficking. In particular, this lab examines the historic Atlantic, Indian Ocean, and trans-Saharan slave trades. DSRL's mission is to train students to become interdisciplinary collaborators using historical research on human trafficking and digital humanities methods.",2018,2018,2024,2024,Updated 2023-2024,2010s,Digital,United States,"Boulder, CO 80309",N/A,CO,USA,40.0103247,-105.2889726,1,No,26-50,2,3,7,1,3,1,4,No,No,No,Complete,Needs location detail review,Digital Publishing & Digital Editions; Educational Resources,African History; Transatlantic Slave Trade/Slavery; U.S. History,15th Century; 16th Century; 17th Century; 18th Century; 19th Century; 20th Century; 21st Century,Inter-Institution Partnership,Faculty; Graduate Students; Undergraduate Students,Data Not Available,Grants/Awards (Institutional/Internal); Grants/Awards (International); Grants/Awards (Private: Foundations/Charities); Grants/Awards (Public/Federal)
bdph_0719,Each One Teach One (EOTO),https://eoto--archiv-de.translate.goog/?_x_tr_sch=https&_x_tr_sl=de&_x_tr_tl=en&_x_tr_hl=en&_x_tr_pto=wapp,"Each One Teach One (EOTO) eV is a community-based education and empowerment project in Berlin. Founded in 2012, the association opened its doors as a neighborhood library in March 2014 and has since become a place for learning and encounters. EOTO eV, together with other organizations, advocates for the interests of Black, African, and Afro-diasporic people in Germany and Europe.",2012,2012,2025,2025,Updated 2025-2026,2010s,Mixed,Germany,"Togostraße 76, 13351 Berlin, Germany",Togostraße 76,N/A,USA,52.5493506,13.346301,1,No,11-25,2,2,1,1,1,1,2,No,No,No,Complete,Location detail present,Educational Resources; Events/Programming,Black Activism/Advocacy; Black Education/Black Students,21st Century,Non-profit/NGO,Other/Unknown,Data Not Available,Grants/Awards (Public/Federal); Small Donations
bdph_0720,The Enslaved Children of George Mason,https://ecgm.omeka.net/,"Gunston Hall Plantation overlooks the Potomac River. Whether by boat or land, anyone who approaches the property can observe its grandeur. The inside of the manor house is just as impressive. Delicately carved wood and expensive wall paint reflect the status of a colonial gentleman who generated considerable wealth. An early American patriot, George Mason IV (1725-1792) called Gunston Hall home, and it was there that he likely conceived of the Virginia Declaration of Rights, which provided language for the first ten amendments of the Constitution. This grand figure now stands in statue form on the Fairfax campus. His last name graces university t-shirts. Nowhere do we find information that George Mason was a committed slaveholder. Our institutional namesake enslaved many individuals, including girls and boys, and never freed them.",2017,2017,2022,2022,Updated 2020-2022,2010s,Digital,United States,"George Mason University, VA",George Mason University,N/A,N/A,38.8314094,-77.31115299999999,3,Yes,11-25,2,2,2,1,3,1,1,No,No,No,Complete,Needs location detail review,Digital Collections/Databases/Archives; Digital Publishing & Digital Editions,Transatlantic Slave Trade/Slavery; U.S. History,18th Century; 19th Century,Minority Serving Institution (Graduate),Faculty; Library Professionals; Undergraduate Students,Data Not Available,Grants/Awards (Institutional/Internal)
bdph_0721,Envisioning Seneca Village,https://envisioningsenecavillage.github.io/,"Envisioning Seneca Village is a project depicting what this significant 19th-century village might have looked like in the spring of 1855, about two years before it was destroyed by the City of New York to build Central Park. To date, it features an interactive 3D model, a non-interactive tour through the 3D model, a printable PDF guide with maps, and supplementary materials. Envisioning Seneca Village is a collaborative project between Gergely Baics, Meredith Linn, Leah Meisterlin, and Myles Zhang. It is anchored in extensive scholarship, and integrates expertise in archaeology, social history, historical geographic information systems (GIS), and digital architectural reconstruction to make the village’s history visible to a wide audience. The project is a work in progress with updates, additions, and new features planned soon. The Envisioning Seneca Village team includes four equal authors, two women and two men, of various backgrounds and identities.",2023,2023,2025,2025,Updated 2025-2026,2020s,Digital,United States,"Barnard College, 3009 Broadway, New York, NY 10027",N/A,NY,USA,40.8095133,-73.96339689999999,1,No,1-5,6,9,1,2,2,1,2,No,No,No,Complete,Needs location detail review,Data Mining/Mapping/Visualization; Digital Publishing & Digital Editions; Educational Resources; Exhibits & Digital Storytelling; Local History & Local Places; Resource Hub,Abolitionists/Emancipation/Reconstruction; Black Activism/Advocacy; Black Communities/Urban Renewal; Black Women/Feminism; Digital Humanities; Historical Landmarks/Monuments; Race Relations/Racial Inequality/Racism; Segregation; U.S. History,19th Century,Independent Scholar/Individual Research; University (Other),Faculty; Graduate Students,Data Not Available,Other/Unknown; Small Donations
bdph_0722,EWU Racial Covenants Project,https://ewuracialcovenants.org/,"Racial covenants are a type of property restriction that prevented people of color from buying, or living in, homes in certain neighborhoods. Though ruled illegal and unenforceable in 1968, many racial covenants remain on the books. In 2021, Washington State passed SHB 1335 to identify and locate all the racially restrictive covenants in the state and to inform property owners of options for remediation. Eastern Washington University is combing through the plats and deeds of the 20 counties of eastern Washington. These maps are the results of that research.",2021,2021,2025,2025,Updated 2025-2026,2020s,Mixed,United States,"Eastern Washington University, WA",Eastern Washington University,N/A,N/A,47.4906616,-117.5847877,1,No,11-25,2,2,2,1,3,1,1,No,No,No,Complete,Needs location detail review,Educational Resources; Events/Programming,Black Communities/Urban Renewal; Segregation,20th Century; 21st Century,PWI (Graduate),Digital/Design Professionals; Faculty; Graduate Students,Data Not Available,Other/Unknown
bdph_0723,Freedmen's Bureau Search Portal,https://nmaahc.si.edu/explore/freedmens-bureau,The Freedmen’s Bureau Search Portal provides unprecedented opportunities for family historians and genealogists to search for their ancestors and for scholars to research a variety of topics related to slavery and Reconstruction in the Freedmen’s Bureau records.,2022,2022,2025,2025,Updated 2025-2026,2020s,Digital,United States,"1400 Constitution Ave NW, Washington, DC 20560",Washington,DC,USA,38.8910607,-77.0325883,2,Yes,Unspecified,2,2,1,1,1,1,1,No,No,No,Complete,Location detail present,Digital Collections/Databases/Archives; Educational Resources,Race Relations/Racial Inequality/Racism; U.S. History,19th Century,Museum,Other/Unknown,Data Not Available,Other/Unknown
bdph_0724,Free at Last?,https://exhibit.library.pitt.edu/freeatlast/intro.html,"Slavery has been called the “peculiar institution,” but there is nothing strange about a practice that is as old as the human record and as widespread. Slavery has existed in Africa, Asia, Europe, the Americas—and in Pennsylvania. Even in Western Pennsylvania, as is evidenced by this exhibition, lifetime and term slavery persisted into the 19th century.",2008,2008,2009,2009,Last update before 2020,2000s,Digital,United States,"4200 Fifth Ave., Pittsburgh, PA 15260",N/A,PA,USA,40.4442519,-79.9533419,2,Yes,1-5,2,3,2,1,1,1,1,No,No,No,Complete,Needs location detail review,Educational Resources; Exhibits & Digital Storytelling,Politics and Government; Transatlantic Slave Trade/Slavery; U.S. History,18th Century; 19th Century,University Library,Faculty,Data Not Available,Other/Unknown
bdph_0725,From Naming to Knowing,https://namingtoknowing.org/,"The goal of this project is to name and, as much as possible, share the stories of the enslaved men who built and maintained the State Capitol between 1833 and 1865. The project team is committed to learning all that we can about each individual as we research every known name.",2019,2019,2024,2024,Updated 2023-2024,2010s,Digital,United States,"1 East Edenton St, Raleigh, NC 27601",N/A,NC,USA,35.7804357,-78.63995129999999,1,No,Unspecified,2,2,2,1,1,1,1,No,No,No,Complete,Needs location detail review,Digital Publishing & Digital Editions; Exhibits & Digital Storytelling,Transatlantic Slave Trade/Slavery; U.S. History,18th Century; 19th Century,Historical Society,Other/Unknown,Data Not Available,Other/Unknown
bdph_0726,Genius of Freedom,https://librarycompany.org/geniusoffreedom/,"The end of the Civil War and the subsequent abolition of Southern slavery were a source of jubilation for African Americans throughout the United States. Black activists and their white allies were instrumental in the passage of federal laws that expanded civil rights for African Americans. While Reconstruction battles in the South occupied much of the nation’s attention, Northern blacks also developed strategies to claim an equal place in the post-slavery nation. African Americans in the North, whether Northern by birth or by migration, learned that local laws and social customs often still left them on the fringes of citizenship and success. As a result, Northern blacks sought to empower their communities through political protest and uplift initiatives that emphasized equality, self-reliance and pride.",2018,2018,2018,2018,Last update before 2020,2010s,Digital,United States,"1314 Locust Street, Philadelphia, PA 19107",N/A,PA,USA,39.9477602,-75.16315689999999,1,No,1-5,2,3,1,1,1,1,1,No,No,No,Complete,Needs location detail review,Digital Publishing & Digital Editions; Educational Resources,Black Education/Black Students; Black Literature; U.S. History,19th Century,University Library,Library Professionals,Data Not Available,Grants/Awards (Private: Foundations/Charities)
bdph_0727,"Greene County: African American Community-building in Tennessee, 1860-1920",https://storymaps.arcgis.com/stories/8f0f04dba2ba4072a3d4cb2871c84afe,"This project provides a snapshot into an era of profound change, the decades following the American Civil War, as African Americans in Tennessee actively claimed their citizenship rights, founding churches, supporting schools, owning property, voting, and starting businesses and benevolent organizations. While state law in Tennessee established public education in 1867, it soon also mandated segregated schools and decentralized the funding by assigning individual counties to support it. Funds were scarce and implementation was uneven across the state. Yet, in 1882, the annual school announcement in the Greeneville Sun newspaper included a minimal amount of funding for Colored schools in all twenty-six civil districts.",2023,2023,2023,2023,Updated 2023-2024,2020s,Digital,United States,"Greene County, TN",Greene County,N/A,N/A,36.1347943,-82.82097399999999,1,No,Unspecified,2,2,2,1,2,1,2,No,No,No,Complete,Needs location detail review,Data Mining/Mapping/Visualization; Exhibits & Digital Storytelling,Black Communities/Urban Renewal; U.S. History,19th Century; 20th Century,Inter-Institution Partnership,Faculty; Library Professionals,Data Not Available,Grants/Awards (Institutional/Internal); Grants/Awards (Private: Foundations/Charities)
bdph_0728,Harlem is Heaven: The Kingdom of Father Divine in 1940 Harlem,https://storymaps.arcgis.com/stories/ffc308f03c9b45b9bd750a10c1f48edb,"This project highlights the world of the Peace Mission in its most densely populated geographic location of Harlem to explore the spatial dimensions of African American religious creativity in the early twentieth-century urban North. It considers how members of the movement mapped their heavenly utopia within the vibrant religious, cultural, and economic landscape of the city’s “ Negro Mecca ” and the mundane and spectacular ways they created the Kingdom of Father Divine.",2024,2024,2024,2024,Updated 2023-2024,2020s,Digital,United States,"Princeton, NJ 08544",N/A,NJ,USA,40.3467174,-74.6568772,2,Yes,1-5,2,2,1,1,2,2,2,Yes,Yes,Yes,Complete,Needs location detail review,Data Mining/Mapping/Visualization; Digital Publishing & Digital Editions,Black Religions; U.S. History,20th Century,PWI (Graduate),Faculty; Graduate Students,BIPOC Run; Women Run,Grants/Awards (Institutional/Internal); Grants/Awards (Private: Foundations/Charities)
bdph_0729,Harlem Shadows,https://www.harlemshadows.org/,This is an open-source edition of Claude McKay's 1922 collection of poems Harlem Shadows. It seeks to aggregate the most comprehensive set of documents related to Harlem Shadows and make them available to students and readers of McKay.,2020,2020,2025,2025,Updated 2025-2026,2020s,Digital,United States,"900 S Crouse Ave, Syracuse, NY 13244",N/A,NY,USA,43.049345,-76.138055,1,No,1-5,1,1,1,1,1,1,1,No,No,No,Complete,Needs location detail review,Digital Publishing & Digital Editions,Black Literature,20th Century,PWI (Graduate),Faculty,Data Not Available,Other/Unknown
bdph_0730,A Great Thing for Our People: the Institute for Colored Youth in the Civil War Era,https://exhibits.library.villanova.edu/institute-colored-youth,"In 1866, the Board of Managers of the Institute for Colored Youth (ICY) published a list of the first thirty-seven graduates of the school from the first graduation in 1856 to 1864. In the spring of 2014, Professor Judy Giesberg at Villanova University challenged students in a graduate seminar to choose a few to see what they might learn about these individuals and this school that stood at the center of the Black community in Civil War Philadelphia but about which we know very little. The results were mixed, and not all students were keen on pursuing a project that seemed littered with obstacles. But several students were enthusiastic about continuing the project. With a grant from the Pennsylvania Abolition Society, Michael Johnson, James Kopaczewski, and Elizabeth Motich worked with the archivist at Cheyney University and at archives throughout Philadelphia to identify primary source materials documenting the founding of the ICY and how the people at the school experienced the Civil War and Emancipation. We created this exhibit and the accompanying archive as a celebration of Black excellence and to honor the work ICY alumni did to advance the cause of freedom. We dedicate “A Great Thing for Our People” to these extraordinary graduates and to the alumni of Cheyney University.",2014,2014,2019,2019,Last update before 2020,2010s,Digital,United States,"800 Lancaster Avenue, Villanova, PA 19085",N/A,PA,USA,40.0364344,-75.3405208,1,No,1-5,2,2,1,1,1,1,1,No,No,No,Complete,Needs location detail review,Data Mining/Mapping/Visualization; Educational Resources,Black Education/Black Students; U.S. History,19th Century,PWI (Graduate),Faculty,Data Not Available,Other/Unknown
bdph_0731,"Land, Wealth, and Liberation: The making and unmaking of Black wealth in the United States",https://collections.libraries.indiana.edu/iulibraries/s/land-wealth-liberation/page/introduction,This exhibit pulls together stories spanning the period 1820-2020 that show how formerly enslaved Africans and their descendants in the land now known as the United States of America worked to generate individual and collective capital through owning land and creating communities.,2022,2022,2024,2024,Updated 2023-2024,2020s,Digital,United States,"1320 East Tenth Street, Bloomington, Indiana 47405",BLOOMINGTON,IN,USA,39.1710061,-86.51679969999999,1,No,11-25,2,2,3,1,3,2,1,Yes,Yes,Yes,Complete,Location detail present,Data Mining/Mapping/Visualization; Educational Resources,Race Relations/Racial Inequality/Racism; U.S. History,19th Century; 20th Century; 21st Century,University Library,Graduate Students; Library Professionals; Undergraduate Students,BIPOC Run; Women Run,Grants/Awards (Institutional/Internal)
bdph_0732,Mapping Black California,https://mappingblackca.com/,"MBC, a Black Voice News project, equips the state’s population with data-driven knowledge on all things Black and data in California to eliminate regional and local systemic inequities.",2017,2017,2022,2022,Updated 2020-2022,2010s,Digital,United States,"Riverside, CA",Riverside,N/A,N/A,33.9806005,-117.3754942,1,No,1-5,3,1,1,1,1,1,2,No,No,No,Complete,Needs location detail review,Data Mining/Mapping/Visualization; Educational Resources; Resource Hub,Black Communities/Urban Renewal,21st Century,Non-profit/NGO,Faculty,Data Not Available,Grants/Awards (Private: Foundations/Charities); Grants/Awards (Public: State or Local)
bdph_0733,Mississippi Civil Rights Project,https://mscivilrightsproject.org/,"The Mississippi Civil Rights Project is an interactive, evolving repository of information about the civil rights movement in Mississippi, cross-referenced by county, by topic, and by person.",2017,2017,2025,2025,Updated 2025-2026,2010s,Digital,United States,Mississippi,Mississippi,N/A,N/A,32.3546679,-89.3985283,2,Yes,Unspecified,2,1,1,1,1,1,2,No,No,No,Complete,Needs location detail review,Data Mining/Mapping/Visualization; Educational Resources,Civil Rights Movement/Black Power,20th Century,Community Group,Other/Unknown,Data Not Available,Grants/Awards (Private: Foundations/Charities); Grants/Awards (Public/Federal)
bdph_0734,No Longer Yours: Slavery and Freedom Seeking in North Carolina,https://dlas.uncg.edu/interpretations/nly/,"This project explores the world of the enslaved and highlights the freedom-seekers of North Carolina. This project can be approached through three central units: Interactive Maps, Story Maps, and the No Longer Yours: Aspects of Slavery and Freedom-Seeking in North Carolina Study Book. Each of the three blends together while simultaneously serving as independent projects. Thus, one does not have to view all of the units to learn about slavery in North Carolina, although exploring each unit is encouraged.",2024,2024,2024,2024,Updated 2023-2024,2020s,Digital,United States,"Greensboro, NC",Greensboro,N/A,N/A,36.0725632,-79.791534,1,No,1-5,2,3,2,1,1,1,1,No,No,No,Complete,Needs location detail review,Data Mining/Mapping/Visualization; Educational Resources,Abolitionists/Emancipation/Reconstruction; Transatlantic Slave Trade/Slavery; U.S. History,18th Century; 19th Century,Minority Serving Institution (Graduate),Faculty,Data Not Available,Grants/Awards (Private: Foundations/Charities)
bdph_0735,Nomadic Archivists Project,https://www.nomadicarchivistsproject.com/,"The Nomadic Archivists Project (NAP) is a pioneering initiative dedicated to partnering with individuals, community groups, organizations, and institutions to establish, preserve, and enhance collections that illuminate the global Black experience.",2017,2017,2025,2025,Updated 2025-2026,2010s,Digital,United States,"Rochester, NY",Rochester,N/A,N/A,43.15657789999999,-77.6088465,1,No,1-5,2,1,1,1,2,1,1,No,No,No,Complete,Needs location detail review,Digital Publishing & Digital Editions; Resource Hub,Black Activism/Advocacy,21st Century,Non-profit/NGO,Community Members; Library Professionals,Data Not Available,Other/Unknown
bdph_0736,NOMAD Project,https://nomad-project.co.uk/,"Centered on workshops engaging Somali communities, Nomad explores the creative use of immersive mixed reality and web-based technology to contextualise archival Somali objects with the people and traditions to which they belong.",2018,2018,2018,2018,Last update before 2020,2010s,Mixed,United Kingdom,"Great Russell St, London WC1B 3DG, United Kingdom",Great Russell St,N/A,United Kingdom,51.5179041,-0.1271769,1,No,1-5,2,2,1,1,1,1,1,No,No,No,Complete,Location detail present,Digital Collections/Databases/Archives; Events/Programming,African History; Black People and Technology,21st Century,Independent Scholar/Individual Research,Community Members,Data Not Available,Other/Unknown
bdph_0737,Periodical Poets,https://periodicalpoets.com/,"In the nineteenth century, New York City's print culture was largely dominated by Printing House Square, a lower-Manhattan collective of media groups including The Sun, The Tribune, Scientific America, The World, The Day Book, and Hearth and Home. Only blocks away, Samuel Cornish and John Russwurm published the first Black-owned newspaper Freedom's Journal and Thomas Hamilton edited the first Black literary magazine The Anglo-African Magazine. Poetry - both original and reprinted - was a regular part of these periodicals.",2024,2024,2024,2024,Updated 2023-2024,2020s,Digital,United States,"Ithaca, NY 14850",N/A,NY,USA,42.4439614,-76.5018807,1,No,1-5,1,1,1,1,1,1,1,No,No,No,Complete,Needs location detail review,Digital Publishing & Digital Editions,Black Literature,19th Century,Independent Scholar/Individual Research,Graduate Students,Data Not Available,Other/Unknown
bdph_0738,The Philadelphia 1838 Black Metropolis,https://www.1838blackmetropolis.com/,"1838 Black Metropolis centers on the Black population of Philadelphia prior to 1870. We are a movement to reclaim our connection to space, restore our history back into collective consciousness and rewrite history to include near-lost memory.",45017,2023,2025,2025,Updated 2025-2026,2020s,Digital,United States,"Philadelphia, PA",Philadelphia,N/A,N/A,39.9525839,-75.1652215,1,No,1-5,5,7,2,2,3,4,1,Yes,Yes,Yes,Complete,Needs location detail review,Data Mining/Mapping/Visualization; Digital Collections/Databases/Archives; Educational Resources; Exhibits & Digital Storytelling; Local History & Local Places,Abolitionists/Emancipation/Reconstruction; Black Activism/Advocacy; Black Communities/Urban Renewal; Black Education/Black Students; Black Religions; Black Soldiers/American Civil War; Race Relations/Racial Inequality/Racism,18th Century; 19th Century,Community Group; Independent Scholar/Individual Research,Community Members; Faculty; Fellows and/or Postdocs,BIPOC Run; Community Run; LGBTQ+ Run; Women Run,Grants/Awards (Private: Foundations/Charities)
bdph_0739,Segregation by Design,https://www.segregationbydesign.com/,"Using historic aerial photography, this ongoing project aims to document the destruction of communities of color due to red-lining, “urban renewal,” and freeway construction. Through a series of stark aerial before-and-after comparisons, figure-ground diagrams, and demographic data, this project will reveal the extent to which the American city was methodically hollowed out based on race. The project will cover the roughly 180 municipalities which received federal funding from the 1956 Federal Highway Act, which created the interstate highway system.",2022,2022,2024,2024,Updated 2023-2024,2020s,Digital,The Netherlands,"Mekelweg 5, 2628 CD Delft, Netherlands",Mekelweg 5,N/A,Netherlands,52.00197559999999,4.3756974,1,No,1-5,3,2,1,1,1,1,4,No,No,No,Complete,Location detail present,Data Mining/Mapping/Visualization; Digital Publishing & Digital Editions; Local History & Local Places,Black Communities/Urban Renewal; Segregation,20th Century,Independent Scholar/Individual Research,Graduate Students,Data Not Available,Grants/Awards (Institutional/Internal); Grants/Awards (Private: Corporate/Individual Sponsors); Grants/Awards (Private: Foundations/Charities); Small Donations
bdph_0740,Slavery in the President's Neighborhood,https://www.whitehousehistory.org/spn/introduction,"Enslaved individuals in the President’s Neighborhood primarily lived in the homes of their owners. Some slept on straw mats outside of their owner’s bedrooms to provide around the clock service. Others slept on kitchen floors, above stables, or in other areas of the home. This project is dedicate to the enslaved who lived and worked around the White House and maintaining their memory.",2020,2020,2020,2020,Updated 2020-2022,2020s,Digital,United States,"1600 Pennsylvania Ave NW, Washington, DC 20500",Washington,DC,USA,38.89771400000001,-77.0365461,1,No,Unspecified,2,3,2,1,1,1,5,No,No,No,Complete,Location detail present,Data Mining/Mapping/Visualization; Educational Resources,Black Communities/Urban Renewal; Transatlantic Slave Trade/Slavery; U.S. History,18th Century; 19th Century,Public Library,Other/Unknown,Data Not Available,In-Kind Support; Merchandise/Sales; Other/Unknown; Paywall/Access fees; Small Donations
bdph_0741,Slavery Law & Power,https://slaverylawpower.org/,"SLP (Slavery, Law, and Power) is a project dedicated to bringing the many disparate sources that help to explain the long history of slavery and its connection to struggles over power in early America, particularly in the colonies that would become the United States. Going back to the early English Empire, this project traces the rise of the slave trade along with the parallel struggles between monarchical power and early democratic institutions and ideals. We are creating a curated set of documents that help researchers and students to understand the background to the fierce struggles over both slavery and power during the American Revolution, when questions of monarchical power, consent to government, and hereditary slavery were all fiercely debated. After America separated from Britain, the United States was still deeply influenced by this long history, especially up to the Civil War. The colonial legacies of these debates continued to affect the course of politics, law, and justice in American society as a whole.",2021,2021,2024,2024,Updated 2023-2024,2020s,Digital,United States,"College Park, MD 20742 USA",N/A,MD,USA,38.9908487,-76.944141,2,Yes,26-50,3,3,3,1,3,1,1,No,No,No,Complete,Needs location detail review,Digital Collections/Databases/Archives; Educational Resources; Exhibits & Digital Storytelling,Politics and Government; Transatlantic Slave Trade/Slavery; U.S. History,17th Century; 18th Century; 19th Century,Non-profit/NGO,Faculty; Graduate Students; Library Professionals,Data Not Available,Other/Unknown
bdph_0742,SPIRIT HOUSE | Crossroads,https://www.crossroads-spirithouse.org/welcome,"SPIRIT HOUSE invests in and celebrates the richness and abundance of Black religions as they manifest through artistic expression, community building, and scholarly research. The projects gathered here were created by Crossroads Project Fellows (2022-2023 and 2023-2024), the Project Director, and the Associate Research Scholar.",2022,2022,2024,2024,Updated 2023-2024,2020s,Digital,United States,"Princeton, NJ",Princeton,N/A,N/A,40.3503931,-74.6571416,1,No,26-50,2,1,1,1,3,2,1,Yes,Yes,Yes,Complete,Needs location detail review,Digital Collections/Databases/Archives; Exhibits & Digital Storytelling,Black Religions,20th Century,PWI (Graduate),Community Members; Faculty; Graduate Students,BIPOC Run; Women Run,Grants/Awards (Private: Foundations/Charities)
bdph_0743,The Tar Baby and the Tomahawk,https://childlit.unl.edu/,"The Tar Baby and the Tomahawk looks at the intersection of race and childhood between 1880 and 1939 as viewed through children’s literature, its illustrations, and associated material objects. While often imaginative or even fantastical, successful children’s literature typically reflects society’s norms in order to win parental approval. This unique combination of fantasy and orthodoxy makes children’s literature an ideal lens for exploring the American racial imagination.",2010,2010,2025,2025,Updated 2025-2026,2010s,Digital,United States,"St. Louis, MO",St. Louis,N/A,N/A,38.62742799999999,-90.1982439,2,Yes,51+,2,3,2,1,2,1,3,No,No,No,Complete,Needs location detail review,Digital Collections/Databases/Archives; Digital Publishing & Digital Editions,Black Literature; Race Relations/Racial Inequality/Racism; U.S. History,19th Century; 20th Century,Inter-Institution Partnership,Faculty; Undergraduate Students,Data Not Available,Grants/Awards (Institutional/Internal); Grants/Awards (Private: Foundations/Charities); Grants/Awards (Public/Federal)
bdph_0744,The Living Archives,https://thelivingarchives.org/en/,"The aim of the Living Archives is to collect (lost and/or deleted) content and knowledge that is/was generated within BIPoC contexts and make it accessible to these communities. Current discourses and topics will be represented on the site. Historical references to narratives and knowledge (texts, oral history, images, etc.) will play a central role and related content to this will also be found on the site. In the course of 2021, the site will be continuously filled with new content generated collaboratively and within the framework of xart splitta’s work.",2020,2020,2025,2025,Updated 2025-2026,2020s,Digital,Germany,"xart splitta e.V., Hasenheide 73, 10967 Berlin",xart splitta e.V.,N/A,USA,52.48817,13.41172,1,No,Unspecified,1,2,1,1,1,1,1,No,No,No,Complete,Location detail present,Digital Publishing & Digital Editions,Black People - Race Identity; Black People and Technology,21st Century,Non-profit/NGO,Other/Unknown,Data Not Available,Grants/Awards (Public/Federal)
bdph_0745,To Enter Africa from America,https://africafromamerica.unl.edu/,"This project presents the complex network of connections between a diverse group of historical actors through a document archive, annotated gallery, interactive maps, interpretive essays, and visualizations to emphasize connections between literacy, visual, and historical movements of Americans in Africa during the so-called ""New Imperialism"" era. It focuses on the period from 1862—when the United States officially recognized Liberia diplomatically—to 1919—the year that the belligerent powers of World War I signed the Versailles Treaty that made provisions for the redistribution of Germany's colonies, including those in Africa.",2024,2024,2024,2024,Updated 2023-2024,2020s,Digital,United States,"Lincoln, NE 68588",N/A,NE,USA,40.818253,-96.69522540000001,1,No,26-50,2,2,2,1,3,1,1,No,No,No,Complete,Needs location detail review,Data Mining/Mapping/Visualization; Exhibits & Digital Storytelling,African History; U.S. History,20th Century; 21st Century,Inter-Institution Partnership,Faculty; Graduate Students; Undergraduate Students,Data Not Available,Grants/Awards (Public/Federal)
bdph_0746,The Viola Muse Digital Edition,https://violamuse.unfdhi.org/,"The Viola Muse Digital Edition (VMDE) presents the notes and drafts prepared by Viola B. Muse (1898-1981), who worked from 1936 through 1939 as an interviewer and writer in the Negro Writers Unit of the Florida Federal Writers Project in Jacksonville, Florida. The VMDE includes historical maps that locate the homes of Muse’s interview subjects and other localities mentioned, along with contextual essays on Muse’s biography, the history of the Florida Federal Writers Project and the Florida Negro Writers Unit, and the geography of early 20th-century African American Jacksonville.",2021,2021,2024,2024,Updated 2023-2024,2020s,Digital,United States,"Jacksonville, FL 32224",N/A,FL,USA,29.6101599,-82.36820139999999,1,No,1-5,1,1,1,1,1,1,3,No,No,No,Complete,Needs location detail review,Digital Publishing & Digital Editions,Black Literature,20th Century,Inter-Institution Partnership,Faculty,Data Not Available,Grants/Awards (Institutional/Internal); Grants/Awards (Private: Foundations/Charities); Grants/Awards (Public/Federal)
bdph_0747,What About the Children?,https://amatthew.sites.gettysburg.edu/WATC/,This website is meant to look at the world that was surrounding children during the Civil Rights Movement. The hope is that this will help us as a society better sympathizes with their experiences and traumas from the horrors of racism in the U.S. Remembering the children as innocent victims of the violence of racism will help these experiences resonate.,2022,2022,2023,2023,Updated 2023-2024,2020s,Digital,United States,"Gettysburg, PA",Gettysburg,N/A,N/A,39.8309293,-77.2310955,1,No,1-5,1,3,1,1,1,1,1,No,No,No,Complete,Needs location detail review,Exhibits & Digital Storytelling,Black People - Race Identity; Civil Rights Movement/Black Power; U.S. History,20th Century,Independent Scholar/Individual Research,Undergraduate Students,Data Not Available,Other/Unknown
bdph_0748,Black Book Interactive,https://iopn.library.illinois.edu/omeka/s/BBIP/page/welcome,"The Black Book Interactive Project (BBIP) is the digital component of the History of Black Writing (HBW) that endeavors to increase the number of Black-authored texts available for scholarly engagement and teaching. By generating a metadata schema that accounts for race and race-related issues, BBIP will correct the digital divide in Black-authored texts.",2010,2010,2025,2025,Updated 2025-2026,2010s,Digital,United States,"Urbana, IL 61801",N/A,IL,USA,40.1059233,-88.2120315,1,No,Unspecified,3,1,1,1,1,1,2,No,No,No,Complete,Needs location detail review,Digital Collections/Databases/Archives; Digital Publishing & Digital Editions; Educational Resources,Black People - Race Identity,21st Century,Non-profit/NGO,Other/Unknown,Data Not Available,Grants/Awards (Private: Foundations/Charities); Grants/Awards (Public/Federal)
bdph_0749,Recoding CripTech,https://www.recodingcriptech.com/,"Welcome to Recoding CripTech, a multidisciplinary art exhibition held at SOMArts Cultural Center in San Francisco from January 24 to February 25, 2020. We invite you to explore this radically imaginative collection of works virtually, which includes photography, media art, interactive installation, and sculpture. In this unsettling time when preserving community—and creative ways of doing so through digital connectivity—is more important than ever, we offer another space for exploring disability, technology and the arts. Documenting and extending the exhibition online was integral to the curatorial vision for Recoding CripTech, as it presented another avenue for radical and collective access.",2020,2020,2020,2020,Updated 2020-2022,2020s,Mixed,United States,"934 Brannan St, San Francisco, CA 94103",N/A,CA,USA,37.770864,-122.4062721,1,No,1-5,1,1,1,1,1,1,3,No,No,No,Complete,Needs location detail review,Art and Performance,Black People and Technology,21st Century,Independent Scholar/Individual Research,Faculty,Data Not Available,Grants/Awards (Private: Corporate/Individual Sponsors); Grants/Awards (Private: Foundations/Charities); Grants/Awards (Public/Federal)
bdph_0750,The Slave Dwelling Project,https://slavedwellingproject.org/,"The Slave Dwelling Project envisions a future in which the hearts and minds of Americans acknowledge a more truthful and inclusive narrative of the history of the nation that honors the contributions of all our people, is embedded and preserved in the buildings and artifacts of people of African heritage, and inspires all Americans to acknowledge their Ancestors.",2011,2011,2022,2022,Updated 2020-2022,2010s,Mixed,United States,"Charleston, SC",Charleston,N/A,N/A,32.7833163,-79.9319664,1,No,6-10,2,2,2,1,2,1,2,No,No,No,Complete,Needs location detail review,Events/Programming; Exhibits & Digital Storytelling,Transatlantic Slave Trade/Slavery; U.S. History,18th Century; 19th Century,Non-profit/NGO,Community Members; Faculty,Data Not Available,Merchandise/Sales; Small Donations
bdph_0751,Jefferson's University the Early Life (JUEL),http://juel.iath.virginia.edu/home,"Along with digitizing primary sources (see Resources), JUEL provides users with a range of interpretive materials for an in-depth analysis of the buildings and people of Jefferson's university. Regarding Hotel E, an image gallery describes and shows the changes to the kitchen, while the Visualization page provides three-dimensional renderings of it and other structures of the Academical Village. The Essays section highlights events of note that occured within the village/university, from its very construction through to the new reality of the postbellum era. Additionally, the Search function gives you direct entry into the wealth of primary records of JUEL, allowing you to search by name, place, keyword, or event.",2025,2025,2025,2025,Updated 2025-2026,2020s,Digital,United States,"Charlottesville, VA",Charlottesville,N/A,N/A,38.0301826,-78.4769353,3,Yes,51+,2,2,1,1,3,1,1,No,No,No,Complete,Needs location detail review,Digital Collections/Databases/Archives; Exhibits & Digital Storytelling,Transatlantic Slave Trade/Slavery; U.S. History,19th Century,PWI (Graduate),Digital/Design Professionals; Faculty; Undergraduate Students,Data Not Available,Other/Unknown
bdph_0752,Lady Plays the Blues Project,https://sites.google.com/view/ladyplaystheblues/,"A digital annotated bibliography and multimedia archive of Black women country blues guitarists whose contributions to the development of blues music have been ignored, dismissed, or forgotten.",2022,2022,2025,2025,Updated 2025-2026,2020s,Digital,United States,"Manchester, CT 06042",N/A,CT,USA,41.7985487,-72.53231389999999,1,No,1-5,6,6,2,1,1,3,1,Yes,Yes,Yes,Complete,Needs location detail review,Art and Performance; Data Mining/Mapping/Visualization; Digital Collections/Databases/Archives; Digital Publishing & Digital Editions; Educational Resources; Resource Hub,Black Music; Black Visual and Performance Art; Black Women/Feminism; Digital Humanities; Historical Figure; Race Relations/Racial Inequality/Racism,20th Century; 21st Century,Independent Scholar/Individual Research,Library Professionals,BIPOC Run; LGBTQ+ Run; Women Run,Grants/Awards (Professional Organizations)
bdph_0753,"The Blue, Gold and Black Digital Archive",https://pittbgb.omeka.net/,"The Digital Archive collects materials that reflect the experiences and memories of Black students, faculty, and staff at the University of Pittsburgh.",Unspecified,,45323,2024,Updated 2023-2024,Unknown,Digital,United States,"4200 Fifth Ave., Pittsburgh, PA 15260",N/A,PA,USA,40.4442519,-79.9533419,2,Yes,1-5,1,1,2,2,3,1,1,No,No,No,Start missing/unparsed,Needs location detail review,Digital Collections/Databases/Archives,Black Education/Black Students,20th Century; 21st Century,PWI (Undergraduate); University Library,Faculty; Library Professionals; Undergraduate Students,Data Not Available,Other/Unknown
bdph_0754,"Newark Changing: Mapping Neighborhood Demolition, 1950s to Today",https://newarkchanging.org/,"Newark Changing is a first-of-its-kind visual encyclopedia of 2,400 photo comparisons of almost every street corner​​​, home, and building ​​demolished by urban renewal and the social forces behind urban decay in Newark, NJ. Through an interactive and text-searchable historic map, any visitor can travel in time to explore their street and their building as it appeared in the period 1959-68 vs. today. Newark Changing reveals the scale and devastation of urban renewal, not from the aerial perspective of the city planner’s map but from the human perspective of the street corner and neighborhood. Tens of thousands of individual streets, homes, apartments, churches, and Jewish, Black, and Italian-owned businesses in Newark were “redlined” in the 1930s and deprived of investment. Most of these neighborhoods today have been bulldozed for interstate highways, universities, hospitals, and corporate investments in real estate. From 1945 to 1967, at least 10,000 buildings were demolished, displacing 50,000 people, 65-77% of whom were Black. Thousands of old street photos are brought to life with contemporary 360-degree panoramic photos of the same street scenes today, taken from identical camera angles to the old photos. Street scenes can be browsed by interactive map, by neighborhood, by subject, by street, or by the public institution responsible for demolition. Visitors can thus travel in time to explore today’s empty fields, parking lots, and desolate streetscapes for the vibrant neighborhoods they were before the automobile age. This is the most extensive collection of photo comparisons past and present ever assembled for any American city.",45047,2023,2025,2025,Updated 2025-2026,2020s,Digital,United States,"Newark, NJ",Newark,N/A,N/A,40.7315293,-74.1744671,3,Yes,1-5,3,4,1,2,2,2,1,No,No,No,Complete,Needs location detail review,Data Mining/Mapping/Visualization; Digital Collections/Databases/Archives; Local History & Local Places,Black Communities/Urban Renewal; Digital Humanities; Historical Landmarks/Monuments; U.S. History,20th Century,Independent Scholar/Individual Research; Public Library,Faculty; Library Professionals,Data Not Available; Not Minority Run,Small Donations
bdph_0755,Disaster Across the Diaspora: Resistance Stories in the Greater Caribbean,https://storymaps.arcgis.com/stories/7390973a1b5745deaa37b70b1894da07,"Our collective adopts the language of the Greater Caribbean to honor the shared struggles of colonialism and the U.S. empire shared by Puerto Rico, the USVI, and the Black South. The enduring legacies of slavery, genocide, dispossession, displacement, and disaster events mark Afro-descendant/Black lives in areas deemed disparate by colonial mapping logic. Seeing the shared struggles and, therefore, shared fate between places like Louisiana, Mississippi, Puerto Rico, and the U.S Virgin Islands, we read rebelliousness in Afro-descendant/Black women's lives as they map livable worlds (Llorens 2021).",44743,2022,45901,2025,Updated 2025-2026,2020s,Digital,United States,"Lares, Puerto Rico",Lares,PR,USA,18.2961977,-66.88177209999999,1,No,1-5,4,5,2,3,5,2,1,Yes,Yes,Yes,Complete,Location detail present,Digital Collections/Databases/Archives; Educational Resources; Exhibits & Digital Storytelling; Local History & Local Places,Black Studies; Black Women/Feminism; Colonialism & Post-Colonialism/Decolonization; Digital Humanities; Other/Unknown,20th Century; 21st Century,Community Group; Independent Scholar/Individual Research; University (Other),Faculty; Fellows and/or Postdocs; Graduate Students; K-12 Educators; Undergraduate Students,BIPOC Run; Women Run,Other/Unknown
bdph_0756,Black Genealogy at Friends Historical Library,https://blackgenealogy.domains.swarthmore.edu/,"Data and analysis relating to Black genealogy, sourced from the Friends Historical Library of Swarthmore College, compiled by undergraduate fellows.",2022,2022,2024,2024,Updated 2023-2024,2020s,Digital,United States,"Friends Historical Library, 500 College Ave., Swarthmore, PA 19081",N/A,PA,USA,39.9054155,-75.3529849,1,No,1-5,2,7,2,1,2,1,1,No,Yes,Yes,Complete,Needs location detail review,Data Mining/Mapping/Visualization; Digital Collections/Databases/Archives,Abolitionists/Emancipation/Reconstruction; Black Activism/Advocacy; Black Education/Black Students; Black Studies; Digital Humanities; Transatlantic Slave Trade/Slavery; U.S. History,18th Century; 19th Century,University Library,Library Professionals; Undergraduate Students,Women Run,Institutional Operating Budget (Internal)
bdph_0757,The Saint Louis Integrated Database of Enslavement,https://slide.wustl.edu/,Database to learn more about enslaved people and the landscape of slavery in St. Louis.,2021,2021,45965,2025,Updated 2025-2026,2020s,Digital,United States,Washington University in St. Louis,Washington University in St. Louis,N/A,N/A,38.6487895,-90.31079620000001,1,No,26-50,3,10,2,1,8,2,1,Yes,Yes,Yes,Complete,Needs location detail review,Data Mining/Mapping/Visualization; Digital Collections/Databases/Archives; Local History & Local Places,Abolitionists/Emancipation/Reconstruction; African Diaspora/Migration; Black Religions; Black Soldiers/American Civil War; Black Studies; Digital Humanities; Newspapers/Periodicals/Black Press; Race Relations/Racial Inequality/Racism; Transatlantic Slave Trade/Slavery; U.S. History,18th Century; 19th Century,University (Other),Community Members; Digital/Design Professionals; Faculty; Fellows and/or Postdocs; Graduate Students; K-12 Educators; Library Professionals; Undergraduate Students,BIPOC Run; Women Run,Institutional Operating Budget (Internal)
bdph_0758,Documenting Racial Violence in Kentucky,drvk.org,It provides biographies for the 353 people lynched in Kentucky between 1865 and 1934.,44409,2021,45962,2025,Updated 2025-2026,2020s,Digital,United States,"University of Kentucky, Department of History",University of Kentucky,N/A,N/A,38.0387715,-84.504209,1,No,11-25,4,10,2,3,3,2,1,Yes,Yes,Yes,Complete,Needs location detail review,Data Mining/Mapping/Visualization; Digital Collections/Databases/Archives; Digital Publishing & Digital Editions; Local History & Local Places,Black Activism/Advocacy; Black People - Race Identity; Black Soldiers/American Civil War; Black Studies; Digital Humanities; Historical Figure; Historical Landmarks/Monuments; Lynching/Race Riots/Police Brutality; Politics and Government; Segregation,19th Century; 20th Century,PWI (Graduate); PWI (Undergraduate); University Library,Faculty; Graduate Students; Undergraduate Students,BIPOC Run; Women Run,Grants/Awards (Institutional/Internal)
bdph_0759,The Ma Rainey Legacy Project,https://storymaps.arcgis.com/stories/f4bc840c5dd64ab7bc26dc7f50fd3b06,"A collected archive of the life and legacy of the Mother of the Blues, Ma Rainey, including K-12 educational resources.",45901,2025,45992,2025,Updated 2025-2026,2020s,Digital,United States,"James Madison University, Harrisonburg, Virginia",HARRISONBURG,N/A,N/A,38.435092,-78.8697548,3,Yes,1-5,3,5,1,1,1,1,2,No,No,Yes,Complete,Needs location detail review,Digital Collections/Databases/Archives; Educational Resources; Exhibits & Digital Storytelling,Black Literature; Black Music; Black Women/Feminism; Historical Figure; U.S. History,20th Century,University (Other),Graduate Students,Not Minority Run,In-Kind Support; Institutional Operating Budget (Internal)
bdph_0760,Black Soldiers in WWII: Reimagining and Restoring History through Film,https://storymaps.arcgis.com/stories/40b61237de554f9db16ae7f31fe75e1a,The project explores film portrayals of Black soldiers in WWII alongside instances of real-world memorializations and relevant historic events.,45999,2025,8 December 2025/ December 2025/ 2025,2025,Updated 2025-2026,2020s,Digital,United States,"James Madison University, Harrisonburg, Virginia",HARRISONBURG,N/A,N/A,38.435092,-78.8697548,3,Yes,1-5,2,5,2,1,1,1,2,No,Yes,Yes,Complete,Needs location detail review,Exhibits & Digital Storytelling; Resource Hub,Black Film; Black Men/Masculinity; Black Soldiers/American Civil War; Black Studies; Digital Humanities,20th Century; 21st Century,PWI (Graduate),Graduate Students,Women Run,In-Kind Support; Institutional Operating Budget (Internal)
bdph_0761,Restoring the Roots: Annie Turnbo Malone & the Poro Empire,https://arcg.is/0vSP1f,Restoring the Roots: Annie Turnbo Malone & the Poro Empire is a restorative and corrective project that aims to return Malone's legacy to its rightful place in Black history.,45931,2025,45999,2025,Updated 2025-2026,2020s,Digital,United States,"James Madison University, English Dept.",James Madison University,N/A,N/A,38.435092,-78.8697548,3,Yes,1-5,4,6,1,2,1,3,2,Yes,Yes,Yes,Complete,Needs location detail review,Data Mining/Mapping/Visualization; Educational Resources; Exhibits & Digital Storytelling; Local History & Local Places,Black Communities/Urban Renewal; Black People and Technology; Black Studies; Black Women/Feminism; Digital Humanities; Historical Figure,20th Century,Independent Scholar/Individual Research; University (Other),Graduate Students,BIPOC Run; LGBTQ+ Run; Women Run,In-Kind Support; Institutional Operating Budget (Internal)
bdph_0762,New World Royalists,https://www.new-world-royalists.ucl.ac.uk/,"An interactive digital humanities project on enslaved lives and communities in 19th-century Port Royal, Jamaica, presenting stories shaped from archival fragments in a digital narrative.",2022,2022,2025,2025,Updated 2025-2026,2020s,Digital,United Kingdom,"London, United Kingdom",London,N/A,United Kingdom,51.5072178,-0.1275862,2,Yes,1-5,2,9,1,1,3,1,1,Yes,No,Yes,Complete,Location detail present,Educational Resources; Exhibits & Digital Storytelling,African Diaspora/Migration; Black Men/Masculinity; Black Studies; Black Women/Feminism; Caribbean History; Colonialism & Post-Colonialism/Decolonization; Digital Humanities; Historical Figure; Transatlantic Slave Trade/Slavery,19th Century,University (Other),Faculty; Fellows and/or Postdocs; Graduate Students,BIPOC Run,Grants/Awards (Private: Foundations/Charities)
bdph_0763,George A. Newman’s A Miserable Revenge: A Digital Critical Companion,https://sites.lib.jmu.edu/newmanmiserablerevenge/,"In the mid-1870s, a young African American educator arrived in Harrisonburg, Virginia, where he wrote a novel about antebellum life in the Shenandoah Valley. George A. Newman’s A Miserable Revenge: A Story of Life in Virginia appears here in print for the first time, nearly 150 years after its composition. This digital critical companion provides access to Newman’s novel in several formats, including in the original manuscript, as an electronic edition, and in print form, and provides a range of student-created resources intended to contextualize and enrich our understanding of this fascinating novel.",45778,2025,45839,2025,Updated 2025-2026,2020s,Mixed,United States,"800 S. Main St., Harrisonburg, VA 22807",,,,38.4407623,-78.8722969,1,No,11-25,6,5,1,2,4,1,2,No,No,Yes,Complete,Needs location detail review,Digital Publishing & Digital Editions; Educational Resources; Exhibits & Digital Storytelling; Local History & Local Places; Other/Unknown; Resource Hub,Abolitionists/Emancipation/Reconstruction; Black Communities/Urban Renewal; Black Education/Black Students; Black Literature; Politics and Government,19th Century,Community Group; PWI (Undergraduate),Community Members; Faculty; Library Professionals; Undergraduate Students,Not Minority Run,Grants/Awards (Institutional/Internal); Grants/Awards (Public: State or Local)
bdph_0764,The Criadas Project,https://www.criadasproject.org/en/,"The Criadas Project was borne out of an attempt to forefront the lives and biographical data within the notes of Fernando Píco that oftentimes were left in the background. By focusing on and working with the data to construct a better understanding of who would be considered some of the most vulnerable members of Puerto Rican society in the 1900: poor Black girls and women. This multi-section, interactive website, is our attempt to bring these girls center stage, leaning into performance studies and a Black digital humanistic ethic to represent these girls and women as more than data we use silhouettes.",2021,2021,Unspecified,,Unknown / unparsed,2020s,Digital,United States,"426 Auditorium Road, East Lansing, MI 48824",,,,42.7296593,-84.4815364,2,Yes,1-5,3,2,2,1,2,2,3,Yes,Yes,Yes,Update missing/unparsed,Needs location detail review,Data Mining/Mapping/Visualization; Digital Collections/Databases/Archives; Educational Resources,Black Women/Feminism; Caribbean History,19th Century; 20th Century,PWI (Graduate),Faculty; Graduate Students,BIPOC Run; Women Run,Grants/Awards (Private: Corporate/Individual Sponsors); Grants/Awards (Professional Organizations); Institutional Operating Budget (Internal)
bdph_0765,Dominican Voices Project,https://dominicanvoicesproject.my.canva.site/,"The Dominican Voices Project is a bilingual digital archive that documents education and childhood in the Dominican Republic from 1920 to 1960. Our goal is to collect videotaped interviews with Dominicans who were born and raised in the country during the 1920s to 1960s. We are recording these stories to broaden our understanding of what education and childhood were like in the Dominican Republic in the early 20th century. We aim to go beyond written sources to capture the diverse ways people learned, both within and outside of formal schools.",45717,2025,45931,2025,Updated 2025-2026,2020s,Digital,United States,"405 Emmet Street S Charlottesville, VA 22903",,,,38.0348563,-78.50931849999999,1,No,6-10,1,3,1,1,4,2,1,Yes,Yes,Yes,Complete,Needs location detail review,Oral Histories,African Diaspora/Migration; Black Education/Black Students; Caribbean History,20th Century,PWI (Graduate),Community Members; Digital/Design Professionals; Faculty; Undergraduate Students,BIPOC Run; Women Run,Institutional Operating Budget (Internal)
bdph_0766,Black Central Americas Project,https://www.blackcentralamericasproject.org/,"The Black Central Americas (BCA) Project is a digital public humanities initiative dedicated to amplifying the histories, cultures, thought, and politics of Black Central American communities. Conceived as a meeting ground, it is a space where histories are traced, knowledge is exchanged, and connections are forged across time and place. We are committed to building a growing resource that constellates the intellectual, artistic, and activist formations shaping Black Central American life past and present, and embrace the digital as a conduit for transnational dialogue among scholars, artists, and organizers invested in Black Central American Studies.",45796,2025,Unspecified,,Unknown / unparsed,2020s,Mixed,United States,"3700 O St NW, Washington, DC 20057",,,,38.9093896,-77.0751538,1,No,1-5,4,3,6,1,1,2,2,Yes,Yes,Yes,Update missing/unparsed,Needs location detail review,Data Mining/Mapping/Visualization; Events/Programming; Exhibits & Digital Storytelling; Resource Hub,African Diaspora/Migration; Black Communities/Urban Renewal; Black Studies,16th Century; 17th Century; 18th Century; 19th Century; 20th Century; 21st Century,PWI (Graduate),Faculty,BIPOC Run; Women Run,Grants/Awards (Institutional/Internal); Grants/Awards (Professional Organizations)
bdph_0767,Texas Domestic Slave Trade Project: From Slavery to Freedom in Texas,txdstproject.org,From Slavery to Freedom in Texas delves into the often overlooked experiences of enslaved people in the Lone Star State.,2022,2022,2025,2025,Updated 2025-2026,2020s,Digital,United States,The University of Texas at Austin,,,,30.2850284,-97.7335226,1,No,46183,3,4,2,4,5,1,2,Yes,No,Yes,Complete,Needs location detail review,Digital Collections/Databases/Archives; Digital Publishing & Digital Editions; Educational Resources,Black People - Race Identity; Digital Humanities; Transatlantic Slave Trade/Slavery; U.S. History,19th Century; 20th Century,HBCU (Undergraduate); Inter-Institution Partnership; PWI (Graduate); University Library,Community Members; Faculty; Graduate Students; Library Professionals; Undergraduate Students,BIPOC Run,Grants/Awards (Public/Federal); Institutional Operating Budget (Internal)
bdph_0768,Racial Violence Archive,https://www.racialviolencearchive.com/,"The Racial Violence Archive gathers and shares records of historical racial violence to support research, education, and advocacy regarding the haunting legacies of historical racial violence.",39448,2008,2019,2019,Last update before 2020,2000s,Digital,United States,"One Brookings Drive, St. Louis, MO 63101",,,,38.6477751,-90.3015782,1,No,Unspecified,4,6,2,2,1,1,1,Yes,No,Yes,Complete,Needs location detail review,Data Mining/Mapping/Visualization; Digital Collections/Databases/Archives; Exhibits & Digital Storytelling; Resource Hub,Civil Rights Movement/Black Power; Digital Humanities; Lynching/Race Riots/Police Brutality; Newspapers/Periodicals/Black Press; Race Relations/Racial Inequality/Racism; U.S. History,19th Century; 20th Century,PWI (Graduate); PWI (Undergraduate),Faculty,BIPOC Run,Grants/Awards (Public/Federal)
